id,name,flowType,category,referenceUnit,casNumber,status,description,source,sourceDatabase
FLOW_PA12,PA12,ProductFlow,material,kg,,candidate,Intermediate/product flow for PA12,,
FLOW_PETG,PETG,ProductFlow,material,kg,,candidate,Intermediate/product flow for PETG,,
FLOW_ALUMINUM,Aluminum,ProductFlow,material,kg,,candidate,Intermediate/product flow for aluminum,,
FLOW_STEEL,Steel,ProductFlow,material,kg,,candidate,Intermediate/product flow for steel,,
FLOW_TPU,TPU,ProductFlow,material,kg,,candidate,Intermediate/product flow for TPU,,
FLOW_SILICONE,Silicone,ProductFlow,material,kg,,candidate,Intermediate/product flow for silicone,,
FLOW_ELECTRICITY,Electricity,ProductFlow,energy,kWh,,candidate,Electricity input as intermediate/product flow,,
FLOW_COMPONENT,Finished gripper component,ProductFlow,product,pcs,,candidate,Reference product output,,
FLOW_WASTE,Manufacturing waste,WasteFlow,waste,kg,,candidate,Generic waste flow,,
FLOW_CO2_FOSSIL,Carbon dioxide, fossil,ElementaryFlow,emission,kg,124-38-9,reference,Elementary flow included for ILCD-compatible extension,,
01b3863d-e1f8-4396-b9e0-7b2fdf812735,nitrogen, total (excluding N2),ElementaryFlow,Emissions / Emissions to water,kg,,reference,ILCD/EF background flow (Sphera GaBi dataset, Aluminium profile EN15804 A1-A3).,,
01fb7ed6-2137-4226-ad46-438965f1bb78,Oils, unspecified,ElementaryFlow,Emissions / Emissions to water,kg,,reference,ILCD/EF background flow (Sphera GaBi dataset, Aluminium profile EN15804 A1-A3).,,
03caafaa-5885-47d5-bef1-387d0d46b945,Hazardous waste (deposited),WasteFlow,Wastes / Other waste,kg,,reference,ILCD/EF background flow (Sphera GaBi dataset, Aluminium profile EN15804 A1-A3).,,
041f5cea-6556-11dd-ad8b-0800200c9a66,phosphorus,ElementaryFlow,Resources / Resources from ground,kg,007723-14-0,reference,ILCD/EF background flow (Sphera GaBi dataset, Aluminium profile EN15804 A1-A3).,,
041fab30-6556-11dd-ad8b-0800200c9a66,platinum,ElementaryFlow,Resources / Resources from ground,kg,007440-06-4,reference,ILCD/EF background flow (Sphera GaBi dataset, Aluminium profile EN15804 A1-A3).,,
041ff933-6556-11dd-ad8b-0800200c9a66,potassium,ElementaryFlow,Resources / Resources from ground,kg,007440-09-7,reference,ILCD/EF background flow (Sphera GaBi dataset, Aluminium profile EN15804 A1-A3).,,
041ff934-6556-11dd-ad8b-0800200c9a66,potassium chloride,ElementaryFlow,Resources / Resources from ground,kg,007447-40-7,reference,ILCD/EF background flow (Sphera GaBi dataset, Aluminium profile EN15804 A1-A3).,,
041ff94d-6556-11dd-ad8b-0800200c9a66,praseodymium,ElementaryFlow,Resources / Resources from ground,kg,007440-10-0,reference,ILCD/EF background flow (Sphera GaBi dataset, Aluminium profile EN15804 A1-A3).,,
04202046-6556-11dd-ad8b-0800200c9a66,primary energy from geothermics,ElementaryFlow,Resources / Resources from ground,MJ,,reference,ILCD/EF background flow (Sphera GaBi dataset, Aluminium profile EN15804 A1-A3).,,
04202047-6556-11dd-ad8b-0800200c9a66,primary energy from hydro power,ElementaryFlow,Resources / Resources from water,MJ,,reference,ILCD/EF background flow (Sphera GaBi dataset, Aluminium profile EN15804 A1-A3).,,
04202048-6556-11dd-ad8b-0800200c9a66,primary energy from solar energy,ElementaryFlow,Resources / Resources from air,MJ,,reference,ILCD/EF background flow (Sphera GaBi dataset, Aluminium profile EN15804 A1-A3).,,
04202049-6556-11dd-ad8b-0800200c9a66,primary energy from waves,ElementaryFlow,Resources / Resources from water,MJ,,reference,ILCD/EF background flow (Sphera GaBi dataset, Aluminium profile EN15804 A1-A3).,,
0420204a-6556-11dd-ad8b-0800200c9a66,primary energy from wind power,ElementaryFlow,Resources / Resources from air,MJ,,reference,ILCD/EF background flow (Sphera GaBi dataset, Aluminium profile EN15804 A1-A3).,,
056c4c4b-6ded-4c00-8d56-3869aff02bd0,Neutral salts,ElementaryFlow,Emissions / Emissions to water,kg,,reference,ILCD/EF background flow (Sphera GaBi dataset, Aluminium profile EN15804 A1-A3).,,
05d4147c-59c1-46df-8df9-3971fab75779,from dump site,ElementaryFlow,Land use / Land transformation,m2,,reference,ILCD/EF background flow (Sphera GaBi dataset, Aluminium profile EN15804 A1-A3).,,
077451fa-8646-4bb7-aa3c-1aa0c3fcce70,benzoic acid,ElementaryFlow,Emissions / Emissions to water,kg,000065-85-0,reference,ILCD/EF background flow (Sphera GaBi dataset, Aluminium profile EN15804 A1-A3).,,
0860f823-69da-48ae-b3ea-4ede3b661b7d,urban, discontinuously built,ElementaryFlow,Land use / Land occupation,m2*a,,reference,ILCD/EF background flow (Sphera GaBi dataset, Aluminium profile EN15804 A1-A3).,,
08a91e70-3ddc-11dd-9083-0050c2490048,vinclozolin,ElementaryFlow,Emissions / Emissions to soil,kg,050471-44-8,reference,ILCD/EF background flow (Sphera GaBi dataset, Aluminium profile EN15804 A1-A3).,,
08a91e70-3ddc-11dd-9105-0050c2490048,tefluthrin,ElementaryFlow,Emissions / Emissions to soil,kg,079538-32-2,reference,ILCD/EF background flow (Sphera GaBi dataset, Aluminium profile EN15804 A1-A3).,,
08a91e70-3ddc-11dd-9112-0050c2490048,mepiquat chloride,ElementaryFlow,Emissions / Emissions to soil,kg,024307-26-4,reference,ILCD/EF background flow (Sphera GaBi dataset, Aluminium profile EN15804 A1-A3).,,
08a91e70-3ddc-11dd-9127-0050c2490048,pentachlorophenol,ElementaryFlow,Emissions / Emissions to air,kg,000087-86-5,reference,ILCD/EF background flow (Sphera GaBi dataset, Aluminium profile EN15804 A1-A3).,,
08a91e70-3ddc-11dd-9136-0050c2490048,waste heat,ElementaryFlow,Emissions / Emissions to air,MJ,,reference,ILCD/EF background flow (Sphera GaBi dataset, Aluminium profile EN15804 A1-A3).,,
08a91e70-3ddc-11dd-913a-0050c2490048,waste heat,ElementaryFlow,Emissions / Emissions to water,MJ,,reference,ILCD/EF background flow (Sphera GaBi dataset, Aluminium profile EN15804 A1-A3).,,
08a91e70-3ddc-11dd-913d-0050c2490048,waste heat,ElementaryFlow,Emissions / Emissions to water,MJ,,reference,ILCD/EF background flow (Sphera GaBi dataset, Aluminium profile EN15804 A1-A3).,,
08a91e70-3ddc-11dd-9140-0050c2490048,xenon-137,ElementaryFlow,Emissions / Emissions to air,kBq,014835-21-3,reference,ILCD/EF background flow (Sphera GaBi dataset, Aluminium profile EN15804 A1-A3).,,
08a91e70-3ddc-11dd-9144-0050c2490048,xenon-138,ElementaryFlow,Emissions / Emissions to air,kBq,015751-81-2,reference,ILCD/EF background flow (Sphera GaBi dataset, Aluminium profile EN15804 A1-A3).,,
08a91e70-3ddc-11dd-9154-0050c2490048,volatile organic compound,ElementaryFlow,Emissions / Emissions to water,kg,,reference,ILCD/EF background flow (Sphera GaBi dataset, Aluminium profile EN15804 A1-A3).,,
08a91e70-3ddc-11dd-918a-0050c2490048,(2,4-dichlorophenoxy)acetic acid,ElementaryFlow,Emissions / Emissions to soil,kg,000094-75-7,reference,ILCD/EF background flow (Sphera GaBi dataset, Aluminium profile EN15804 A1-A3).,,
08a91e70-3ddc-11dd-9195-0050c2490048,acenaphthene,ElementaryFlow,Emissions / Emissions to water,kg,000083-32-9,reference,ILCD/EF background flow (Sphera GaBi dataset, Aluminium profile EN15804 A1-A3).,,
08a91e70-3ddc-11dd-9198-0050c2490048,acenaphthene,ElementaryFlow,Emissions / Emissions to water,kg,000083-32-9,reference,ILCD/EF background flow (Sphera GaBi dataset, Aluminium profile EN15804 A1-A3).,,
08a91e70-3ddc-11dd-9199-0050c2490048,acenaphthylene,ElementaryFlow,Emissions / Emissions to water,kg,000208-96-8,reference,ILCD/EF background flow (Sphera GaBi dataset, Aluminium profile EN15804 A1-A3).,,
08a91e70-3ddc-11dd-919c-0050c2490048,acenaphthylene,ElementaryFlow,Emissions / Emissions to water,kg,000208-96-8,reference,ILCD/EF background flow (Sphera GaBi dataset, Aluminium profile EN15804 A1-A3).,,
08a91e70-3ddc-11dd-919d-0050c2490048,acephate,ElementaryFlow,Emissions / Emissions to soil,kg,030560-19-1,reference,ILCD/EF background flow (Sphera GaBi dataset, Aluminium profile EN15804 A1-A3).,,
08a91e70-3ddc-11dd-91a2-0050c2490048,acid (as H+),ElementaryFlow,Emissions / Emissions to water,kg,012408-02-5,reference,ILCD/EF background flow (Sphera GaBi dataset, Aluminium profile EN15804 A1-A3).,,
08a91e70-3ddc-11dd-91a4-0050c2490048,acrolein,ElementaryFlow,Emissions / Emissions to air,kg,000107-02-8,reference,ILCD/EF background flow (Sphera GaBi dataset, Aluminium profile EN15804 A1-A3).,,
08a91e70-3ddc-11dd-91a7-0050c2490048,acrylic acid,ElementaryFlow,Emissions / Emissions to water,kg,000079-10-7,reference,ILCD/EF background flow (Sphera GaBi dataset, Aluminium profile EN15804 A1-A3).,,
08a91e70-3ddc-11dd-91ae-0050c2490048,acryolonitrile,ElementaryFlow,Emissions / Emissions to air,kg,000107-13-1,reference,ILCD/EF background flow (Sphera GaBi dataset, Aluminium profile EN15804 A1-A3).,,
08a91e70-3ddc-11dd-91b2-0050c2490048,acryolonitrile,ElementaryFlow,Emissions / Emissions to water,kg,000107-13-1,reference,ILCD/EF background flow (Sphera GaBi dataset, Aluminium profile EN15804 A1-A3).,,
08a91e70-3ddc-11dd-91bc-0050c2490048,aldicarb,ElementaryFlow,Emissions / Emissions to soil,kg,000116-06-3,reference,ILCD/EF background flow (Sphera GaBi dataset, Aluminium profile EN15804 A1-A3).,,
08a91e70-3ddc-11dd-91be-0050c2490048,particles (PM10),ElementaryFlow,Emissions / Emissions to air,kg,,reference,ILCD/EF background flow (Sphera GaBi dataset, Aluminium profile EN15804 A1-A3).,,
08a91e70-3ddc-11dd-91d1-0050c2490048,cis-2-pentene,ElementaryFlow,Emissions / Emissions to air,kg,000627-20-3,reference,ILCD/EF background flow (Sphera GaBi dataset, Aluminium profile EN15804 A1-A3).,,
08a91e70-3ddc-11dd-91d3-0050c2490048,antimony,ElementaryFlow,Emissions / Emissions to soil,kg,007440-36-0,reference,ILCD/EF background flow (Sphera GaBi dataset, Aluminium profile EN15804 A1-A3).,,
08a91e70-3ddc-11dd-91d5-0050c2490048,antimony,ElementaryFlow,Resources / Resources from ground,kg,007440-36-0,reference,ILCD/EF background flow (Sphera GaBi dataset, Aluminium profile EN15804 A1-A3).,,
08a91e70-3ddc-11dd-91d7-0050c2490048,arsenic,ElementaryFlow,Emissions / Emissions to air,kg,007440-38-2,reference,ILCD/EF background flow (Sphera GaBi dataset, Aluminium profile EN15804 A1-A3).,,
08a91e70-3ddc-11dd-91dd-0050c2490048,arsenic,ElementaryFlow,Emissions / Emissions to soil,kg,007440-38-2,reference,ILCD/EF background flow (Sphera GaBi dataset, Aluminium profile EN15804 A1-A3).,,
08a91e70-3ddc-11dd-91df-0050c2490048,arsenic,ElementaryFlow,Emissions / Emissions to water,kg,007440-38-2,reference,ILCD/EF background flow (Sphera GaBi dataset, Aluminium profile EN15804 A1-A3).,,
08a91e70-3ddc-11dd-91e2-0050c2490048,arsenic,ElementaryFlow,Emissions / Emissions to soil,kg,007440-38-2,reference,ILCD/EF background flow (Sphera GaBi dataset, Aluminium profile EN15804 A1-A3).,,
08a91e70-3ddc-11dd-91e3-0050c2490048,arsenic,ElementaryFlow,Emissions / Emissions to water,kg,007440-38-2,reference,ILCD/EF background flow (Sphera GaBi dataset, Aluminium profile EN15804 A1-A3).,,
08a91e70-3ddc-11dd-91e4-0050c2490048,arsenic,ElementaryFlow,Resources / Resources from ground,kg,007440-38-2,reference,ILCD/EF background flow (Sphera GaBi dataset, Aluminium profile EN15804 A1-A3).,,
08a91e70-3ddc-11dd-91e5-0050c2490048,asulam,ElementaryFlow,Emissions / Emissions to soil,kg,003337-71-1,reference,ILCD/EF background flow (Sphera GaBi dataset, Aluminium profile EN15804 A1-A3).,,
08a91e70-3ddc-11dd-91f3-0050c2490048,bentazone,ElementaryFlow,Emissions / Emissions to water,kg,025057-89-0,reference,ILCD/EF background flow (Sphera GaBi dataset, Aluminium profile EN15804 A1-A3).,,
08a91e70-3ddc-11dd-91f7-0050c2490048,benzaldehyde,ElementaryFlow,Emissions / Emissions to air,kg,000100-52-7,reference,ILCD/EF background flow (Sphera GaBi dataset, Aluminium profile EN15804 A1-A3).,,
08a91e70-3ddc-11dd-9202-0050c2490048,benzene,ElementaryFlow,Emissions / Emissions to air,kg,000071-43-2,reference,ILCD/EF background flow (Sphera GaBi dataset, Aluminium profile EN15804 A1-A3).,,
08a91e70-3ddc-11dd-9207-0050c2490048,benzene,ElementaryFlow,Emissions / Emissions to water,kg,000071-43-2,reference,ILCD/EF background flow (Sphera GaBi dataset, Aluminium profile EN15804 A1-A3).,,
08a91e70-3ddc-11dd-920c-0050c2490048,triallate,ElementaryFlow,Emissions / Emissions to water,kg,002303-17-5,reference,ILCD/EF background flow (Sphera GaBi dataset, Aluminium profile EN15804 A1-A3).,,
08a91e70-3ddc-11dd-9221-0050c2490048,benzo[a]pyrene,ElementaryFlow,Emissions / Emissions to air,kg,000050-32-8,reference,ILCD/EF background flow (Sphera GaBi dataset, Aluminium profile EN15804 A1-A3).,,
08a91e70-3ddc-11dd-9225-0050c2490048,benzo[a]pyrene,ElementaryFlow,Emissions / Emissions to water,kg,000050-32-8,reference,ILCD/EF background flow (Sphera GaBi dataset, Aluminium profile EN15804 A1-A3).,,
08a91e70-3ddc-11dd-922b-0050c2490048,benzylchloride,ElementaryFlow,Emissions / Emissions to air,kg,000100-44-7,reference,ILCD/EF background flow (Sphera GaBi dataset, Aluminium profile EN15804 A1-A3).,,
08a91e70-3ddc-11dd-9232-0050c2490048,bifenthrin,ElementaryFlow,Emissions / Emissions to soil,kg,082657-04-3,reference,ILCD/EF background flow (Sphera GaBi dataset, Aluminium profile EN15804 A1-A3).,,
08a91e70-3ddc-11dd-9234-0050c2490048,calcium,ElementaryFlow,Emissions / Emissions to water,kg,007440-70-2,reference,ILCD/EF background flow (Sphera GaBi dataset, Aluminium profile EN15804 A1-A3).,,
08a91e70-3ddc-11dd-9235-0050c2490048,calcium,ElementaryFlow,Resources / Resources from ground,kg,007440-70-2,reference,ILCD/EF background flow (Sphera GaBi dataset, Aluminium profile EN15804 A1-A3).,,
08a91e70-3ddc-11dd-9238-0050c2490048,carbofuran,ElementaryFlow,Emissions / Emissions to soil,kg,001563-66-2,reference,ILCD/EF background flow (Sphera GaBi dataset, Aluminium profile EN15804 A1-A3).,,
08a91e70-3ddc-11dd-923a-0050c2490048,calcium carbonate,ElementaryFlow,Resources / Resources from ground,kg,000471-34-1,reference,ILCD/EF background flow (Sphera GaBi dataset, Aluminium profile EN15804 A1-A3).,,
08a91e70-3ddc-11dd-923d-0050c2490048,carbon dioxide (fossil),ElementaryFlow,Emissions / Emissions to air,kg,000124-38-9,reference,ILCD/EF background flow (Sphera GaBi dataset, Aluminium profile EN15804 A1-A3).,,
08a91e70-3ddc-11dd-9245-0050c2490048,carbon disulfide,ElementaryFlow,Emissions / Emissions to air,kg,000075-15-0,reference,ILCD/EF background flow (Sphera GaBi dataset, Aluminium profile EN15804 A1-A3).,,
08a91e70-3ddc-11dd-9249-0050c2490048,carbon disulfide,ElementaryFlow,Emissions / Emissions to water,kg,000075-15-0,reference,ILCD/EF background flow (Sphera GaBi dataset, Aluminium profile EN15804 A1-A3).,,
08a91e70-3ddc-11dd-924e-0050c2490048,carbon monoxide (fossil),ElementaryFlow,Emissions / Emissions to air,kg,000630-08-0,reference,ILCD/EF background flow (Sphera GaBi dataset, Aluminium profile EN15804 A1-A3).,,
08a91e70-3ddc-11dd-9257-0050c2490048,carbon-14,ElementaryFlow,Emissions / Emissions to air,kBq,014762-75-5,reference,ILCD/EF background flow (Sphera GaBi dataset, Aluminium profile EN15804 A1-A3).,,
08a91e70-3ddc-11dd-925b-0050c2490048,carbon-14,ElementaryFlow,Emissions / Emissions to water,kBq,014762-75-5,reference,ILCD/EF background flow (Sphera GaBi dataset, Aluminium profile EN15804 A1-A3).,,
08a91e70-3ddc-11dd-925e-0050c2490048,carbonate,ElementaryFlow,Emissions / Emissions to water,kg,003812-32-6,reference,ILCD/EF background flow (Sphera GaBi dataset, Aluminium profile EN15804 A1-A3).,,
08a91e70-3ddc-11dd-925f-0050c2490048,cerium,ElementaryFlow,Resources / Resources from ground,kg,007440-45-1,reference,ILCD/EF background flow (Sphera GaBi dataset, Aluminium profile EN15804 A1-A3).,,
08a91e70-3ddc-11dd-9260-0050c2490048,cerium-141,ElementaryFlow,Emissions / Emissions to air,kBq,013967-74-3,reference,ILCD/EF background flow (Sphera GaBi dataset, Aluminium profile EN15804 A1-A3).,,
08a91e70-3ddc-11dd-9273-0050c2490048,chlorpyrifos,ElementaryFlow,Emissions / Emissions to soil,kg,002921-88-2,reference,ILCD/EF background flow (Sphera GaBi dataset, Aluminium profile EN15804 A1-A3).,,
08a91e70-3ddc-11dd-9275-0050c2490048,chlorpyrifos,ElementaryFlow,Emissions / Emissions to air,kg,002921-88-2,reference,ILCD/EF background flow (Sphera GaBi dataset, Aluminium profile EN15804 A1-A3).,,
08a91e70-3ddc-11dd-9276-0050c2490048,clay,ElementaryFlow,Resources / Resources from ground,kg,070694-09-6,reference,ILCD/EF background flow (Sphera GaBi dataset, Aluminium profile EN15804 A1-A3).,,
08a91e70-3ddc-11dd-9277-0050c2490048,clomazone,ElementaryFlow,Emissions / Emissions to soil,kg,081777-89-1,reference,ILCD/EF background flow (Sphera GaBi dataset, Aluminium profile EN15804 A1-A3).,,
08a91e70-3ddc-11dd-927a-0050c2490048,clopyralid,ElementaryFlow,Emissions / Emissions to soil,kg,001702-17-6,reference,ILCD/EF background flow (Sphera GaBi dataset, Aluminium profile EN15804 A1-A3).,,
08a91e70-3ddc-11dd-927c-0050c2490048,clopyralid,ElementaryFlow,Emissions / Emissions to air,kg,001702-17-6,reference,ILCD/EF background flow (Sphera GaBi dataset, Aluminium profile EN15804 A1-A3).,,
08a91e70-3ddc-11dd-9280-0050c2490048,clopyralid,ElementaryFlow,Emissions / Emissions to water,kg,001702-17-6,reference,ILCD/EF background flow (Sphera GaBi dataset, Aluminium profile EN15804 A1-A3).,,
08a91e70-3ddc-11dd-9283-0050c2490048,cobalt,ElementaryFlow,Emissions / Emissions to air,kg,007440-48-4,reference,ILCD/EF background flow (Sphera GaBi dataset, Aluminium profile EN15804 A1-A3).,,
08a91e70-3ddc-11dd-928e-0050c2490048,cumene,ElementaryFlow,Emissions / Emissions to water,kg,000098-82-8,reference,ILCD/EF background flow (Sphera GaBi dataset, Aluminium profile EN15804 A1-A3).,,
08a91e70-3ddc-11dd-9293-0050c2490048,particles (PM2.5),ElementaryFlow,Emissions / Emissions to air,kg,,reference,ILCD/EF background flow (Sphera GaBi dataset, Aluminium profile EN15804 A1-A3).,,
08a91e70-3ddc-11dd-929d-0050c2490048,decane,ElementaryFlow,Emissions / Emissions to air,kg,000124-18-5,reference,ILCD/EF background flow (Sphera GaBi dataset, Aluminium profile EN15804 A1-A3).,,
08a91e70-3ddc-11dd-92a1-0050c2490048,deltamethrin,ElementaryFlow,Emissions / Emissions to soil,kg,052918-63-5,reference,ILCD/EF background flow (Sphera GaBi dataset, Aluminium profile EN15804 A1-A3).,,
08a91e70-3ddc-11dd-92ac-0050c2490048,demeton-s-methyl sulfoxide,ElementaryFlow,Emissions / Emissions to soil,kg,000301-12-2,reference,ILCD/EF background flow (Sphera GaBi dataset, Aluminium profile EN15804 A1-A3).,,
08a91e70-3ddc-11dd-92b1-0050c2490048,dibenz[a,h]anthracene,ElementaryFlow,Emissions / Emissions to air,kg,000053-70-3,reference,ILCD/EF background flow (Sphera GaBi dataset, Aluminium profile EN15804 A1-A3).,,
08a91e70-3ddc-11dd-92c3-0050c2490048,acetic acid,ElementaryFlow,Emissions / Emissions to air,kg,000064-19-7,reference,ILCD/EF background flow (Sphera GaBi dataset, Aluminium profile EN15804 A1-A3).,,
08a91e70-3ddc-11dd-92c7-0050c2490048,acetic acid,ElementaryFlow,Emissions / Emissions to water,kg,000064-19-7,reference,ILCD/EF background flow (Sphera GaBi dataset, Aluminium profile EN15804 A1-A3).,,
08a91e70-3ddc-11dd-92f5-0050c2490048,2,3,7,8-tetrachlorodibenzo-p-dioxin,ElementaryFlow,Emissions / Emissions to water,kg,001746-01-6,reference,ILCD/EF background flow (Sphera GaBi dataset, Aluminium profile EN15804 A1-A3).,,
08a91e70-3ddc-11dd-9305-0050c2490048,HFC-143,ElementaryFlow,Emissions / Emissions to air,kg,000430-66-0,reference,ILCD/EF background flow (Sphera GaBi dataset, Aluminium profile EN15804 A1-A3).,,
08a91e70-3ddc-11dd-9309-0050c2490048,HFC-152a,ElementaryFlow,Emissions / Emissions to air,kg,000075-37-6,reference,ILCD/EF background flow (Sphera GaBi dataset, Aluminium profile EN15804 A1-A3).,,
08a91e70-3ddc-11dd-930f-0050c2490048,1,2-dibromoethane,ElementaryFlow,Emissions / Emissions to air,kg,000106-93-4,reference,ILCD/EF background flow (Sphera GaBi dataset, Aluminium profile EN15804 A1-A3).,,
08a91e70-3ddc-11dd-9313-0050c2490048,1,2-dibromoethane,ElementaryFlow,Emissions / Emissions to water,kg,000106-93-4,reference,ILCD/EF background flow (Sphera GaBi dataset, Aluminium profile EN15804 A1-A3).,,
08a91e70-3ddc-11dd-9319-0050c2490048,1,2-dichloroethane,ElementaryFlow,Emissions / Emissions to soil,kg,000107-06-2,reference,ILCD/EF background flow (Sphera GaBi dataset, Aluminium profile EN15804 A1-A3).,,
08a91e70-3ddc-11dd-931a-0050c2490048,bromide,ElementaryFlow,Emissions / Emissions to soil,kg,024959-67-9,reference,ILCD/EF background flow (Sphera GaBi dataset, Aluminium profile EN15804 A1-A3).,,
08a91e70-3ddc-11dd-933e-0050c2490048,HFC-116,ElementaryFlow,Emissions / Emissions to air,kg,000076-16-4,reference,ILCD/EF background flow (Sphera GaBi dataset, Aluminium profile EN15804 A1-A3).,,
08a91e70-3ddc-11dd-9343-0050c2490048,mercaptan,ElementaryFlow,Emissions / Emissions to air,kg,000075-08-1,reference,ILCD/EF background flow (Sphera GaBi dataset, Aluminium profile EN15804 A1-A3).,,
08a91e70-3ddc-11dd-9349-0050c2490048,ethanol,ElementaryFlow,Emissions / Emissions to air,kg,000064-17-5,reference,ILCD/EF background flow (Sphera GaBi dataset, Aluminium profile EN15804 A1-A3).,,
08a91e70-3ddc-11dd-934d-0050c2490048,ethephon,ElementaryFlow,Emissions / Emissions to air,kg,016672-87-0,reference,ILCD/EF background flow (Sphera GaBi dataset, Aluminium profile EN15804 A1-A3).,,
08a91e70-3ddc-11dd-9359-0050c2490048,ethofumesate,ElementaryFlow,Emissions / Emissions to soil,kg,026225-79-6,reference,ILCD/EF background flow (Sphera GaBi dataset, Aluminium profile EN15804 A1-A3).,,
08a91e70-3ddc-11dd-9360-0050c2490048,ethoprophos,ElementaryFlow,Emissions / Emissions to soil,kg,013194-48-4,reference,ILCD/EF background flow (Sphera GaBi dataset, Aluminium profile EN15804 A1-A3).,,
08a91e70-3ddc-11dd-936c-0050c2490048,ethyl amine,ElementaryFlow,Emissions / Emissions to air,kg,000075-04-7,reference,ILCD/EF background flow (Sphera GaBi dataset, Aluminium profile EN15804 A1-A3).,,
08a91e70-3ddc-11dd-9380-0050c2490048,chlorpyrifos,ElementaryFlow,Emissions / Emissions to water,kg,002921-88-2,reference,ILCD/EF background flow (Sphera GaBi dataset, Aluminium profile EN15804 A1-A3).,,
08a91e70-3ddc-11dd-9383-0050c2490048,ethylene,ElementaryFlow,Emissions / Emissions to water,kg,000074-85-1,reference,ILCD/EF background flow (Sphera GaBi dataset, Aluminium profile EN15804 A1-A3).,,
08a91e70-3ddc-11dd-938e-0050c2490048,ethylene oxide,ElementaryFlow,Emissions / Emissions to water,kg,000075-21-8,reference,ILCD/EF background flow (Sphera GaBi dataset, Aluminium profile EN15804 A1-A3).,,
08a91e70-3ddc-11dd-93aa-0050c2490048,triallate,ElementaryFlow,Emissions / Emissions to soil,kg,002303-17-5,reference,ILCD/EF background flow (Sphera GaBi dataset, Aluminium profile EN15804 A1-A3).,,
08a91e70-3ddc-11dd-93ac-0050c2490048,triallate,ElementaryFlow,Emissions / Emissions to air,kg,002303-17-5,reference,ILCD/EF background flow (Sphera GaBi dataset, Aluminium profile EN15804 A1-A3).,,
08a91e70-3ddc-11dd-93b4-0050c2490048,fenpiclonil,ElementaryFlow,Emissions / Emissions to soil,kg,074738-17-3,reference,ILCD/EF background flow (Sphera GaBi dataset, Aluminium profile EN15804 A1-A3).,,
08a91e70-3ddc-11dd-93b6-0050c2490048,fenpropidin,ElementaryFlow,Emissions / Emissions to soil,kg,067306-00-7,reference,ILCD/EF background flow (Sphera GaBi dataset, Aluminium profile EN15804 A1-A3).,,
08a91e70-3ddc-11dd-93c1-0050c2490048,fenpropimorph,ElementaryFlow,Emissions / Emissions to soil,kg,067306-03-0,reference,ILCD/EF background flow (Sphera GaBi dataset, Aluminium profile EN15804 A1-A3).,,
08a91e70-3ddc-11dd-93c3-0050c2490048,acetamide,ElementaryFlow,Emissions / Emissions to soil,kg,000060-35-5,reference,ILCD/EF background flow (Sphera GaBi dataset, Aluminium profile EN15804 A1-A3).,,
08a91e70-3ddc-11dd-93cd-0050c2490048,acetamide,ElementaryFlow,Emissions / Emissions to water,kg,000060-35-5,reference,ILCD/EF background flow (Sphera GaBi dataset, Aluminium profile EN15804 A1-A3).,,
08a91e70-3ddc-11dd-93f0-0050c2490048,natural aggregate,ElementaryFlow,Resources / Resources from ground,kg,,reference,ILCD/EF background flow (Sphera GaBi dataset, Aluminium profile EN15804 A1-A3).,,
08a91e70-3ddc-11dd-93f7-0050c2490048,fluoride,ElementaryFlow,Emissions / Emissions to air,kg,016984-48-8,reference,ILCD/EF background flow (Sphera GaBi dataset, Aluminium profile EN15804 A1-A3).,,
08a91e70-3ddc-11dd-93fb-0050c2490048,fluoride,ElementaryFlow,Emissions / Emissions to water,kg,016984-48-8,reference,ILCD/EF background flow (Sphera GaBi dataset, Aluminium profile EN15804 A1-A3).,,
08a91e70-3ddc-11dd-93fe-0050c2490048,fluoride,ElementaryFlow,Emissions / Emissions to soil,kg,016984-48-8,reference,ILCD/EF background flow (Sphera GaBi dataset, Aluminium profile EN15804 A1-A3).,,
08a91e70-3ddc-11dd-93ff-0050c2490048,fluoride,ElementaryFlow,Emissions / Emissions to water,kg,016984-48-8,reference,ILCD/EF background flow (Sphera GaBi dataset, Aluminium profile EN15804 A1-A3).,,
08a91e70-3ddc-11dd-9400-0050c2490048,fluorine,ElementaryFlow,Emissions / Emissions to air,kg,007782-41-4,reference,ILCD/EF background flow (Sphera GaBi dataset, Aluminium profile EN15804 A1-A3).,,
08a91e70-3ddc-11dd-9404-0050c2490048,fluorine,ElementaryFlow,Emissions / Emissions to water,kg,007782-41-4,reference,ILCD/EF background flow (Sphera GaBi dataset, Aluminium profile EN15804 A1-A3).,,
08a91e70-3ddc-11dd-9407-0050c2490048,fluorine,ElementaryFlow,Emissions / Emissions to water,kg,007782-41-4,reference,ILCD/EF background flow (Sphera GaBi dataset, Aluminium profile EN15804 A1-A3).,,
08a91e70-3ddc-11dd-9408-0050c2490048,fluorine,ElementaryFlow,Resources / Resources from ground,kg,007782-41-4,reference,ILCD/EF background flow (Sphera GaBi dataset, Aluminium profile EN15804 A1-A3).,,
08a91e70-3ddc-11dd-9409-0050c2490048,fluroxypyr,ElementaryFlow,Emissions / Emissions to soil,kg,069377-81-7,reference,ILCD/EF background flow (Sphera GaBi dataset, Aluminium profile EN15804 A1-A3).,,
08a91e70-3ddc-11dd-940e-0050c2490048,cyproconazole,ElementaryFlow,Emissions / Emissions to soil,kg,094361-06-5,reference,ILCD/EF background flow (Sphera GaBi dataset, Aluminium profile EN15804 A1-A3).,,
08a91e70-3ddc-11dd-9410-0050c2490048,cyprodinil,ElementaryFlow,Emissions / Emissions to soil,kg,121552-61-2,reference,ILCD/EF background flow (Sphera GaBi dataset, Aluminium profile EN15804 A1-A3).,,
08a91e70-3ddc-11dd-9412-0050c2490048,cyprodinil,ElementaryFlow,Emissions / Emissions to water,kg,121552-61-2,reference,ILCD/EF background flow (Sphera GaBi dataset, Aluminium profile EN15804 A1-A3).,,
08a91e70-3ddc-11dd-9418-0050c2490048,sodium,ElementaryFlow,Emissions / Emissions to soil,kg,007440-23-5,reference,ILCD/EF background flow (Sphera GaBi dataset, Aluminium profile EN15804 A1-A3).,,
08a91e70-3ddc-11dd-941b-0050c2490048,formaldehyde,ElementaryFlow,Emissions / Emissions to air,kg,000050-00-0,reference,ILCD/EF background flow (Sphera GaBi dataset, Aluminium profile EN15804 A1-A3).,,
08a91e70-3ddc-11dd-9424-0050c2490048,formic acid,ElementaryFlow,Emissions / Emissions to air,kg,000064-18-6,reference,ILCD/EF background flow (Sphera GaBi dataset, Aluminium profile EN15804 A1-A3).,,
08a91e70-3ddc-11dd-9437-0050c2490048,gadolinium,ElementaryFlow,Resources / Resources from ground,kg,007440-54-2,reference,ILCD/EF background flow (Sphera GaBi dataset, Aluminium profile EN15804 A1-A3).,,
08a91e70-3ddc-11dd-9438-0050c2490048,gallium,ElementaryFlow,Resources / Resources from ground,kg,007440-55-3,reference,ILCD/EF background flow (Sphera GaBi dataset, Aluminium profile EN15804 A1-A3).,,
08a91e70-3ddc-11dd-9449-0050c2490048,granite,ElementaryFlow,Resources / Resources from ground,kg,,reference,ILCD/EF background flow (Sphera GaBi dataset, Aluminium profile EN15804 A1-A3).,,
08a91e70-3ddc-11dd-944a-0050c2490048,carbon,ElementaryFlow,Resources / Resources from ground,kg,007782-42-5,reference,ILCD/EF background flow (Sphera GaBi dataset, Aluminium profile EN15804 A1-A3).,,
08a91e70-3ddc-11dd-9465-0050c2490048,helium,ElementaryFlow,Emissions / Emissions to air,kg,007440-59-7,reference,ILCD/EF background flow (Sphera GaBi dataset, Aluminium profile EN15804 A1-A3).,,
08a91e70-3ddc-11dd-9473-0050c2490048,hexamethylene diamine,ElementaryFlow,Emissions / Emissions to air,kg,000124-09-4,reference,ILCD/EF background flow (Sphera GaBi dataset, Aluminium profile EN15804 A1-A3).,,
08a91e70-3ddc-11dd-947d-0050c2490048,hexane,ElementaryFlow,Emissions / Emissions to air,kg,000110-54-3,reference,ILCD/EF background flow (Sphera GaBi dataset, Aluminium profile EN15804 A1-A3).,,
08a91e70-3ddc-11dd-9499-0050c2490048,holmium,ElementaryFlow,Resources / Resources from ground,kg,007440-60-0,reference,ILCD/EF background flow (Sphera GaBi dataset, Aluminium profile EN15804 A1-A3).,,
08a91e70-3ddc-11dd-949c-0050c2490048,hydrogen,ElementaryFlow,Emissions / Emissions to air,kg,001333-74-0,reference,ILCD/EF background flow (Sphera GaBi dataset, Aluminium profile EN15804 A1-A3).,,
08a91e70-3ddc-11dd-94a0-0050c2490048,hydrogen arsenide,ElementaryFlow,Emissions / Emissions to air,kg,007784-42-1,reference,ILCD/EF background flow (Sphera GaBi dataset, Aluminium profile EN15804 A1-A3).,,
08a91e70-3ddc-11dd-94a4-0050c2490048,hydrogen peroxide,ElementaryFlow,Emissions / Emissions to water,kg,007722-84-1,reference,ILCD/EF background flow (Sphera GaBi dataset, Aluminium profile EN15804 A1-A3).,,
08a91e70-3ddc-11dd-94a9-0050c2490048,hydrogen sulfide,ElementaryFlow,Emissions / Emissions to air,kg,007783-06-4,reference,ILCD/EF background flow (Sphera GaBi dataset, Aluminium profile EN15804 A1-A3).,,
08a91e70-3ddc-11dd-94ad-0050c2490048,hydrogen sulfide,ElementaryFlow,Emissions / Emissions to water,kg,007783-06-4,reference,ILCD/EF background flow (Sphera GaBi dataset, Aluminium profile EN15804 A1-A3).,,
08a91e70-3ddc-11dd-94b2-0050c2490048,hydrogen-3,ElementaryFlow,Emissions / Emissions to air,kBq,010028-17-8,reference,ILCD/EF background flow (Sphera GaBi dataset, Aluminium profile EN15804 A1-A3).,,
08a91e70-3ddc-11dd-94b6-0050c2490048,hydrogen-3,ElementaryFlow,Emissions / Emissions to water,kBq,010028-17-8,reference,ILCD/EF background flow (Sphera GaBi dataset, Aluminium profile EN15804 A1-A3).,,
08a91e70-3ddc-11dd-94b9-0050c2490048,hydrogen-3,ElementaryFlow,Emissions / Emissions to water,kBq,010028-17-8,reference,ILCD/EF background flow (Sphera GaBi dataset, Aluminium profile EN15804 A1-A3).,,
08a91e70-3ddc-11dd-94ba-0050c2490048,hydroxide,ElementaryFlow,Emissions / Emissions to water,kg,014280-30-9,reference,ILCD/EF background flow (Sphera GaBi dataset, Aluminium profile EN15804 A1-A3).,,
08a91e70-3ddc-11dd-94c0-0050c2490048,1,2,3-trimethylbenzene,ElementaryFlow,Emissions / Emissions to air,kg,000526-73-8,reference,ILCD/EF background flow (Sphera GaBi dataset, Aluminium profile EN15804 A1-A3).,,
08a91e70-3ddc-11dd-94c3-0050c2490048,nitrous oxide,ElementaryFlow,Emissions / Emissions to air,kg,010024-97-2,reference,ILCD/EF background flow (Sphera GaBi dataset, Aluminium profile EN15804 A1-A3).,,
08a91e70-3ddc-11dd-94cd-0050c2490048,hypochlorite,ElementaryFlow,Emissions / Emissions to water,kg,014380-61-1,reference,ILCD/EF background flow (Sphera GaBi dataset, Aluminium profile EN15804 A1-A3).,,
08a91e70-3ddc-11dd-94d0-0050c2490048,hypochlorite,ElementaryFlow,Emissions / Emissions to water,kg,014380-61-1,reference,ILCD/EF background flow (Sphera GaBi dataset, Aluminium profile EN15804 A1-A3).,,
08a91e70-3ddc-11dd-94d5-0050c2490048,indium,ElementaryFlow,Resources / Resources from ground,kg,007440-74-6,reference,ILCD/EF background flow (Sphera GaBi dataset, Aluminium profile EN15804 A1-A3).,,
08a91e70-3ddc-11dd-94d6-0050c2490048,iodide,ElementaryFlow,Emissions / Emissions to water,kg,020461-54-5,reference,ILCD/EF background flow (Sphera GaBi dataset, Aluminium profile EN15804 A1-A3).,,
08a91e70-3ddc-11dd-94d9-0050c2490048,xenon-131,ElementaryFlow,Emissions / Emissions to air,kBq,014683-11-5,reference,ILCD/EF background flow (Sphera GaBi dataset, Aluminium profile EN15804 A1-A3).,,
08a91e70-3ddc-11dd-94dd-0050c2490048,xenon-133,ElementaryFlow,Emissions / Emissions to air,kBq,014932-42-4,reference,ILCD/EF background flow (Sphera GaBi dataset, Aluminium profile EN15804 A1-A3).,,
08a91e70-3ddc-11dd-94e1-0050c2490048,xenon-135,ElementaryFlow,Emissions / Emissions to air,kBq,014995-62-1,reference,ILCD/EF background flow (Sphera GaBi dataset, Aluminium profile EN15804 A1-A3).,,
08a91e70-3ddc-11dd-94e3-0050c2490048,zinc,ElementaryFlow,Emissions / Emissions to air,kg,007440-66-6,reference,ILCD/EF background flow (Sphera GaBi dataset, Aluminium profile EN15804 A1-A3).,,
08a91e70-3ddc-11dd-94e7-0050c2490048,zinc,ElementaryFlow,Emissions / Emissions to water,kg,007440-66-6,reference,ILCD/EF background flow (Sphera GaBi dataset, Aluminium profile EN15804 A1-A3).,,
08a91e70-3ddc-11dd-94ea-0050c2490048,zinc,ElementaryFlow,Emissions / Emissions to soil,kg,007440-66-6,reference,ILCD/EF background flow (Sphera GaBi dataset, Aluminium profile EN15804 A1-A3).,,
08a91e70-3ddc-11dd-94eb-0050c2490048,zinc,ElementaryFlow,Emissions / Emissions to water,kg,007440-66-6,reference,ILCD/EF background flow (Sphera GaBi dataset, Aluminium profile EN15804 A1-A3).,,
08a91e70-3ddc-11dd-94ed-0050c2490048,zinc-65,ElementaryFlow,Emissions / Emissions to air,kBq,013982-39-3,reference,ILCD/EF background flow (Sphera GaBi dataset, Aluminium profile EN15804 A1-A3).,,
08a91e70-3ddc-11dd-94f4-0050c2490048,zirconium,ElementaryFlow,Emissions / Emissions to air,kg,007440-67-7,reference,ILCD/EF background flow (Sphera GaBi dataset, Aluminium profile EN15804 A1-A3).,,
08a91e70-3ddc-11dd-94f9-0050c2490048,zirconium-95,ElementaryFlow,Emissions / Emissions to air,kBq,013967-71-0,reference,ILCD/EF background flow (Sphera GaBi dataset, Aluminium profile EN15804 A1-A3).,,
08a91e70-3ddc-11dd-9501-0050c2490048,particles (PM2.5 - PM10),ElementaryFlow,Emissions / Emissions to air,kg,,reference,ILCD/EF background flow (Sphera GaBi dataset, Aluminium profile EN15804 A1-A3).,,
08a91e70-3ddc-11dd-9505-0050c2490048,sodium,ElementaryFlow,Emissions / Emissions to water,kg,007440-23-5,reference,ILCD/EF background flow (Sphera GaBi dataset, Aluminium profile EN15804 A1-A3).,,
08a91e70-3ddc-11dd-9508-0050c2490048,chloride,ElementaryFlow,Emissions / Emissions to water,kg,016887-00-6,reference,ILCD/EF background flow (Sphera GaBi dataset, Aluminium profile EN15804 A1-A3).,,
08a91e70-3ddc-11dd-950b-0050c2490048,chromium VI,ElementaryFlow,Emissions / Emissions to air,kg,018540-29-9,reference,ILCD/EF background flow (Sphera GaBi dataset, Aluminium profile EN15804 A1-A3).,,
08a91e70-3ddc-11dd-951c-0050c2490048,acetic acid,ElementaryFlow,Emissions / Emissions to soil,kg,000064-19-7,reference,ILCD/EF background flow (Sphera GaBi dataset, Aluminium profile EN15804 A1-A3).,,
08a91e70-3ddc-11dd-951d-0050c2490048,acetic acid,ElementaryFlow,Emissions / Emissions to water,kg,000064-19-7,reference,ILCD/EF background flow (Sphera GaBi dataset, Aluminium profile EN15804 A1-A3).,,
08a91e70-3ddc-11dd-9520-0050c2490048,acetone,ElementaryFlow,Emissions / Emissions to air,kg,000067-64-1,reference,ILCD/EF background flow (Sphera GaBi dataset, Aluminium profile EN15804 A1-A3).,,
08a91e70-3ddc-11dd-9524-0050c2490048,acetone,ElementaryFlow,Emissions / Emissions to water,kg,000067-64-1,reference,ILCD/EF background flow (Sphera GaBi dataset, Aluminium profile EN15804 A1-A3).,,
08a91e70-3ddc-11dd-952a-0050c2490048,bis(n-octyl) phthalate,ElementaryFlow,Emissions / Emissions to air,kg,000117-84-0,reference,ILCD/EF background flow (Sphera GaBi dataset, Aluminium profile EN15804 A1-A3).,,
08a91e70-3ddc-11dd-954b-0050c2490048,ammonia,ElementaryFlow,Emissions / Emissions to soil,kg,007664-41-7,reference,ILCD/EF background flow (Sphera GaBi dataset, Aluminium profile EN15804 A1-A3).,,
08a91e70-3ddc-11dd-954c-0050c2490048,ammonia,ElementaryFlow,Emissions / Emissions to water,kg,007664-41-7,reference,ILCD/EF background flow (Sphera GaBi dataset, Aluminium profile EN15804 A1-A3).,,
08a91e70-3ddc-11dd-954d-0050c2490048,ammonium,ElementaryFlow,Emissions / Emissions to air,kg,014798-03-9,reference,ILCD/EF background flow (Sphera GaBi dataset, Aluminium profile EN15804 A1-A3).,,
08a91e70-3ddc-11dd-9573-0050c2490048,tar,ElementaryFlow,Emissions / Emissions to air,kg,008007-45-2,reference,ILCD/EF background flow (Sphera GaBi dataset, Aluminium profile EN15804 A1-A3).,,
08a91e70-3ddc-11dd-9578-0050c2490048,tin oxide,ElementaryFlow,Emissions / Emissions to air,kg,001332-29-2,reference,ILCD/EF background flow (Sphera GaBi dataset, Aluminium profile EN15804 A1-A3).,,
08a91e70-3ddc-11dd-957a-0050c2490048,ioxynil,ElementaryFlow,Emissions / Emissions to air,kg,001689-83-4,reference,ILCD/EF background flow (Sphera GaBi dataset, Aluminium profile EN15804 A1-A3).,,
08a91e70-3ddc-11dd-957e-0050c2490048,ioxynil,ElementaryFlow,Emissions / Emissions to water,kg,001689-83-4,reference,ILCD/EF background flow (Sphera GaBi dataset, Aluminium profile EN15804 A1-A3).,,
08a91e70-3ddc-11dd-9583-0050c2490048,iprodione,ElementaryFlow,Emissions / Emissions to soil,kg,036734-19-7,reference,ILCD/EF background flow (Sphera GaBi dataset, Aluminium profile EN15804 A1-A3).,,
08a91e70-3ddc-11dd-9586-0050c2490048,iodine-131,ElementaryFlow,Emissions / Emissions to water,kBq,010043-66-0,reference,ILCD/EF background flow (Sphera GaBi dataset, Aluminium profile EN15804 A1-A3).,,
08a91e70-3ddc-11dd-9587-0050c2490048,iodine-133,ElementaryFlow,Emissions / Emissions to air,kBq,014834-67-4,reference,ILCD/EF background flow (Sphera GaBi dataset, Aluminium profile EN15804 A1-A3).,,
08a91e70-3ddc-11dd-958b-0050c2490048,iodine-133,ElementaryFlow,Emissions / Emissions to water,kBq,014834-67-4,reference,ILCD/EF background flow (Sphera GaBi dataset, Aluminium profile EN15804 A1-A3).,,
08a91e70-3ddc-11dd-958e-0050c2490048,ioxynil,ElementaryFlow,Emissions / Emissions to soil,kg,001689-83-4,reference,ILCD/EF background flow (Sphera GaBi dataset, Aluminium profile EN15804 A1-A3).,,
08a91e70-3ddc-11dd-9591-0050c2490048,iron,ElementaryFlow,Emissions / Emissions to air,kg,007439-89-6,reference,ILCD/EF background flow (Sphera GaBi dataset, Aluminium profile EN15804 A1-A3).,,
08a91e70-3ddc-11dd-9595-0050c2490048,iron,ElementaryFlow,Emissions / Emissions to water,kg,007439-89-6,reference,ILCD/EF background flow (Sphera GaBi dataset, Aluminium profile EN15804 A1-A3).,,
08a91e70-3ddc-11dd-9598-0050c2490048,iron,ElementaryFlow,Emissions / Emissions to soil,kg,007439-89-6,reference,ILCD/EF background flow (Sphera GaBi dataset, Aluminium profile EN15804 A1-A3).,,
08a91e70-3ddc-11dd-9599-0050c2490048,iron,ElementaryFlow,Emissions / Emissions to water,kg,007439-89-6,reference,ILCD/EF background flow (Sphera GaBi dataset, Aluminium profile EN15804 A1-A3).,,
08a91e70-3ddc-11dd-959a-0050c2490048,iron,ElementaryFlow,Resources / Resources from ground,kg,007439-89-6,reference,ILCD/EF background flow (Sphera GaBi dataset, Aluminium profile EN15804 A1-A3).,,
08a91e70-3ddc-11dd-959b-0050c2490048,iron-59,ElementaryFlow,Emissions / Emissions to water,kBq,014596-12-4,reference,ILCD/EF background flow (Sphera GaBi dataset, Aluminium profile EN15804 A1-A3).,,
08a91e70-3ddc-11dd-95a4-0050c2490048,isobutanol,ElementaryFlow,Emissions / Emissions to air,kg,000078-83-1,reference,ILCD/EF background flow (Sphera GaBi dataset, Aluminium profile EN15804 A1-A3).,,
08a91e70-3ddc-11dd-95b1-0050c2490048,isopentane,ElementaryFlow,Emissions / Emissions to air,kg,000078-78-4,reference,ILCD/EF background flow (Sphera GaBi dataset, Aluminium profile EN15804 A1-A3).,,
08a91e70-3ddc-11dd-95b9-0050c2490048,isoprene,ElementaryFlow,Emissions / Emissions to air,kg,000078-79-5,reference,ILCD/EF background flow (Sphera GaBi dataset, Aluminium profile EN15804 A1-A3).,,
08a91e70-3ddc-11dd-95bc-0050c2490048,isoproturon,ElementaryFlow,Emissions / Emissions to water,kg,034123-59-6,reference,ILCD/EF background flow (Sphera GaBi dataset, Aluminium profile EN15804 A1-A3).,,
08a91e70-3ddc-11dd-95c2-0050c2490048,kresoxim methyl,ElementaryFlow,Emissions / Emissions to soil,kg,143390-89-0,reference,ILCD/EF background flow (Sphera GaBi dataset, Aluminium profile EN15804 A1-A3).,,
08a91e70-3ddc-11dd-95ca-0050c2490048,krypton-85,ElementaryFlow,Emissions / Emissions to air,kBq,013983-27-2,reference,ILCD/EF background flow (Sphera GaBi dataset, Aluminium profile EN15804 A1-A3).,,
08a91e70-3ddc-11dd-95ce-0050c2490048,krypton-87,ElementaryFlow,Emissions / Emissions to air,kBq,014809-68-8,reference,ILCD/EF background flow (Sphera GaBi dataset, Aluminium profile EN15804 A1-A3).,,
08a91e70-3ddc-11dd-95d4-0050c2490048,lead-210,ElementaryFlow,Emissions / Emissions to water,kBq,014255-04-0,reference,ILCD/EF background flow (Sphera GaBi dataset, Aluminium profile EN15804 A1-A3).,,
08a91e70-3ddc-11dd-95eb-0050c2490048,mancozeb,ElementaryFlow,Emissions / Emissions to soil,kg,008018-01-7,reference,ILCD/EF background flow (Sphera GaBi dataset, Aluminium profile EN15804 A1-A3).,,
08a91e70-3ddc-11dd-95ed-0050c2490048,mancozeb,ElementaryFlow,Emissions / Emissions to water,kg,008018-01-7,reference,ILCD/EF background flow (Sphera GaBi dataset, Aluminium profile EN15804 A1-A3).,,
08a91e70-3ddc-11dd-95f8-0050c2490048,mercury,ElementaryFlow,Emissions / Emissions to soil,kg,007439-97-6,reference,ILCD/EF background flow (Sphera GaBi dataset, Aluminium profile EN15804 A1-A3).,,
08a91e70-3ddc-11dd-95fd-0050c2490048,metamitron,ElementaryFlow,Emissions / Emissions to soil,kg,041394-05-2,reference,ILCD/EF background flow (Sphera GaBi dataset, Aluminium profile EN15804 A1-A3).,,
08a91e70-3ddc-11dd-95ff-0050c2490048,metamitron,ElementaryFlow,Emissions / Emissions to air,kg,041394-05-2,reference,ILCD/EF background flow (Sphera GaBi dataset, Aluminium profile EN15804 A1-A3).,,
08a91e70-3ddc-11dd-9603-0050c2490048,metamitron,ElementaryFlow,Emissions / Emissions to water,kg,041394-05-2,reference,ILCD/EF background flow (Sphera GaBi dataset, Aluminium profile EN15804 A1-A3).,,
08a91e70-3ddc-11dd-9610-0050c2490048,methane (fossil),ElementaryFlow,Emissions / Emissions to air,kg,000074-82-8,reference,ILCD/EF background flow (Sphera GaBi dataset, Aluminium profile EN15804 A1-A3).,,
08a91e70-3ddc-11dd-9618-0050c2490048,dichloromethane,ElementaryFlow,Emissions / Emissions to air,kg,000075-09-2,reference,ILCD/EF background flow (Sphera GaBi dataset, Aluminium profile EN15804 A1-A3).,,
08a91e70-3ddc-11dd-961c-0050c2490048,dichloromethane,ElementaryFlow,Emissions / Emissions to water,kg,000075-09-2,reference,ILCD/EF background flow (Sphera GaBi dataset, Aluminium profile EN15804 A1-A3).,,
08a91e70-3ddc-11dd-962f-0050c2490048,atrazine,ElementaryFlow,Emissions / Emissions to water,kg,001912-24-9,reference,ILCD/EF background flow (Sphera GaBi dataset, Aluminium profile EN15804 A1-A3).,,
08a91e70-3ddc-11dd-9634-0050c2490048,bentonite,ElementaryFlow,Resources / Resources from ground,kg,001302-78-9,reference,ILCD/EF background flow (Sphera GaBi dataset, Aluminium profile EN15804 A1-A3).,,
08a91e70-3ddc-11dd-9643-0050c2490048,chloroform,ElementaryFlow,Emissions / Emissions to water,kg,000067-66-3,reference,ILCD/EF background flow (Sphera GaBi dataset, Aluminium profile EN15804 A1-A3).,,
08a91e70-3ddc-11dd-9646-0050c2490048,dichloroprop,ElementaryFlow,Emissions / Emissions to soil,kg,000120-36-5,reference,ILCD/EF background flow (Sphera GaBi dataset, Aluminium profile EN15804 A1-A3).,,
08a91e70-3ddc-11dd-9648-0050c2490048,dichloroprop,ElementaryFlow,Emissions / Emissions to air,kg,000120-36-5,reference,ILCD/EF background flow (Sphera GaBi dataset, Aluminium profile EN15804 A1-A3).,,
08a91e70-3ddc-11dd-965c-0050c2490048,HCFC-21,ElementaryFlow,Emissions / Emissions to air,kg,000075-43-4,reference,ILCD/EF background flow (Sphera GaBi dataset, Aluminium profile EN15804 A1-A3).,,
08a91e70-3ddc-11dd-9663-0050c2490048,chloropicrin,ElementaryFlow,Emissions / Emissions to air,kg,000076-06-2,reference,ILCD/EF background flow (Sphera GaBi dataset, Aluminium profile EN15804 A1-A3).,,
08a91e70-3ddc-11dd-966b-0050c2490048,dichloroprop,ElementaryFlow,Emissions / Emissions to water,kg,000120-36-5,reference,ILCD/EF background flow (Sphera GaBi dataset, Aluminium profile EN15804 A1-A3).,,
08a91e70-3ddc-11dd-9672-0050c2490048,cadmium,ElementaryFlow,Emissions / Emissions to soil,kg,007440-43-9,reference,ILCD/EF background flow (Sphera GaBi dataset, Aluminium profile EN15804 A1-A3).,,
08a91e70-3ddc-11dd-9674-0050c2490048,cadmium,ElementaryFlow,Emissions / Emissions to air,kg,007440-43-9,reference,ILCD/EF background flow (Sphera GaBi dataset, Aluminium profile EN15804 A1-A3).,,
08a91e70-3ddc-11dd-9677-0050c2490048,R-40,ElementaryFlow,Emissions / Emissions to air,kg,000074-87-3,reference,ILCD/EF background flow (Sphera GaBi dataset, Aluminium profile EN15804 A1-A3).,,
08a91e70-3ddc-11dd-967b-0050c2490048,R-40,ElementaryFlow,Emissions / Emissions to water,kg,000074-87-3,reference,ILCD/EF background flow (Sphera GaBi dataset, Aluminium profile EN15804 A1-A3).,,
08a91e70-3ddc-11dd-9680-0050c2490048,FC-14,ElementaryFlow,Emissions / Emissions to air,kg,000075-73-0,reference,ILCD/EF background flow (Sphera GaBi dataset, Aluminium profile EN15804 A1-A3).,,
08a91e70-3ddc-11dd-9686-0050c2490048,anthracene,ElementaryFlow,Emissions / Emissions to water,kg,000120-12-7,reference,ILCD/EF background flow (Sphera GaBi dataset, Aluminium profile EN15804 A1-A3).,,
08a91e70-3ddc-11dd-9687-0050c2490048,antimony,ElementaryFlow,Emissions / Emissions to soil,kg,007440-36-0,reference,ILCD/EF background flow (Sphera GaBi dataset, Aluminium profile EN15804 A1-A3).,,
08a91e70-3ddc-11dd-9689-0050c2490048,antimony,ElementaryFlow,Emissions / Emissions to air,kg,007440-36-0,reference,ILCD/EF background flow (Sphera GaBi dataset, Aluminium profile EN15804 A1-A3).,,
08a91e70-3ddc-11dd-968d-0050c2490048,antimony,ElementaryFlow,Emissions / Emissions to water,kg,007440-36-0,reference,ILCD/EF background flow (Sphera GaBi dataset, Aluminium profile EN15804 A1-A3).,,
08a91e70-3ddc-11dd-9690-0050c2490048,methyl acetate,ElementaryFlow,Emissions / Emissions to air,kg,000079-20-9,reference,ILCD/EF background flow (Sphera GaBi dataset, Aluminium profile EN15804 A1-A3).,,
08a91e70-3ddc-11dd-969a-0050c2490048,cobalt-58,ElementaryFlow,Emissions / Emissions to water,kBq,013981-38-9,reference,ILCD/EF background flow (Sphera GaBi dataset, Aluminium profile EN15804 A1-A3).,,
08a91e70-3ddc-11dd-969e-0050c2490048,cobalt-60,ElementaryFlow,Emissions / Emissions to air,kBq,010198-40-0,reference,ILCD/EF background flow (Sphera GaBi dataset, Aluminium profile EN15804 A1-A3).,,
08a91e70-3ddc-11dd-96b0-0050c2490048,ammonia,ElementaryFlow,Emissions / Emissions to water,kg,007664-41-7,reference,ILCD/EF background flow (Sphera GaBi dataset, Aluminium profile EN15804 A1-A3).,,
08a91e70-3ddc-11dd-96c1-0050c2490048,m-xylene,ElementaryFlow,Emissions / Emissions to air,kg,000108-38-3,reference,ILCD/EF background flow (Sphera GaBi dataset, Aluminium profile EN15804 A1-A3).,,
08a91e70-3ddc-11dd-96c3-0050c2490048,natural pumice,ElementaryFlow,Resources / Resources from ground,kg,,reference,ILCD/EF background flow (Sphera GaBi dataset, Aluminium profile EN15804 A1-A3).,,
08a91e70-3ddc-11dd-96c4-0050c2490048,neodymium,ElementaryFlow,Resources / Resources from ground,kg,007440-00-8,reference,ILCD/EF background flow (Sphera GaBi dataset, Aluminium profile EN15804 A1-A3).,,
08a91e70-3ddc-11dd-96c6-0050c2490048,nickel,ElementaryFlow,Emissions / Emissions to soil,kg,007440-02-0,reference,ILCD/EF background flow (Sphera GaBi dataset, Aluminium profile EN15804 A1-A3).,,
08a91e70-3ddc-11dd-96c8-0050c2490048,nickel,ElementaryFlow,Emissions / Emissions to air,kg,007440-02-0,reference,ILCD/EF background flow (Sphera GaBi dataset, Aluminium profile EN15804 A1-A3).,,
08a91e70-3ddc-11dd-96cc-0050c2490048,nickel,ElementaryFlow,Emissions / Emissions to water,kg,007440-02-0,reference,ILCD/EF background flow (Sphera GaBi dataset, Aluminium profile EN15804 A1-A3).,,
08a91e70-3ddc-11dd-96cf-0050c2490048,nickel,ElementaryFlow,Emissions / Emissions to soil,kg,007440-02-0,reference,ILCD/EF background flow (Sphera GaBi dataset, Aluminium profile EN15804 A1-A3).,,
08a91e70-3ddc-11dd-96d0-0050c2490048,nickel,ElementaryFlow,Emissions / Emissions to water,kg,007440-02-0,reference,ILCD/EF background flow (Sphera GaBi dataset, Aluminium profile EN15804 A1-A3).,,
08a91e70-3ddc-11dd-96d1-0050c2490048,nickel,ElementaryFlow,Resources / Resources from ground,kg,007440-02-0,reference,ILCD/EF background flow (Sphera GaBi dataset, Aluminium profile EN15804 A1-A3).,,
08a91e70-3ddc-11dd-96d3-0050c2490048,niobium-95,ElementaryFlow,Emissions / Emissions to air,kBq,013967-76-5,reference,ILCD/EF background flow (Sphera GaBi dataset, Aluminium profile EN15804 A1-A3).,,
08a91e70-3ddc-11dd-96d7-0050c2490048,nitrate,ElementaryFlow,Emissions / Emissions to air,kg,014797-55-8,reference,ILCD/EF background flow (Sphera GaBi dataset, Aluminium profile EN15804 A1-A3).,,
08a91e70-3ddc-11dd-96e0-0050c2490048,nitrite,ElementaryFlow,Emissions / Emissions to water,kg,014797-65-0,reference,ILCD/EF background flow (Sphera GaBi dataset, Aluminium profile EN15804 A1-A3).,,
08a91e70-3ddc-11dd-96e3-0050c2490048,nitrite,ElementaryFlow,Emissions / Emissions to water,kg,014797-65-0,reference,ILCD/EF background flow (Sphera GaBi dataset, Aluminium profile EN15804 A1-A3).,,
08a91e70-3ddc-11dd-96e4-0050c2490048,dinitrogen,ElementaryFlow,Resources / Resources from air,kg,007727-37-9,reference,ILCD/EF background flow (Sphera GaBi dataset, Aluminium profile EN15804 A1-A3).,,
08a91e70-3ddc-11dd-96e5-0050c2490048,nitrogen dioxide,ElementaryFlow,Emissions / Emissions to air,kg,010102-44-0,reference,ILCD/EF background flow (Sphera GaBi dataset, Aluminium profile EN15804 A1-A3).,,
08a91e70-3ddc-11dd-96ea-0050c2490048,nitrogen dioxide,ElementaryFlow,Emissions / Emissions to water,kg,010102-44-0,reference,ILCD/EF background flow (Sphera GaBi dataset, Aluminium profile EN15804 A1-A3).,,
08a91e70-3ddc-11dd-96ed-0050c2490048,nitrogen dioxide,ElementaryFlow,Emissions / Emissions to water,kg,010102-44-0,reference,ILCD/EF background flow (Sphera GaBi dataset, Aluminium profile EN15804 A1-A3).,,
08a91e70-3ddc-11dd-96ee-0050c2490048,nitrogen monoxide,ElementaryFlow,Emissions / Emissions to air,kg,010102-43-9,reference,ILCD/EF background flow (Sphera GaBi dataset, Aluminium profile EN15804 A1-A3).,,
08a91e70-3ddc-11dd-972f-0050c2490048,o-cresol,ElementaryFlow,Emissions / Emissions to air,kg,000095-48-7,reference,ILCD/EF background flow (Sphera GaBi dataset, Aluminium profile EN15804 A1-A3).,,
08a91e70-3ddc-11dd-9734-0050c2490048,octane,ElementaryFlow,Emissions / Emissions to air,kg,000111-65-9,reference,ILCD/EF background flow (Sphera GaBi dataset, Aluminium profile EN15804 A1-A3).,,
08a91e70-3ddc-11dd-9737-0050c2490048,orbencarb,ElementaryFlow,Emissions / Emissions to soil,kg,034622-58-7,reference,ILCD/EF background flow (Sphera GaBi dataset, Aluminium profile EN15804 A1-A3).,,
08a91e70-3ddc-11dd-9745-0050c2490048,oxygen,ElementaryFlow,Emissions / Emissions to air,kg,007782-44-7,reference,ILCD/EF background flow (Sphera GaBi dataset, Aluminium profile EN15804 A1-A3).,,
08a91e70-3ddc-11dd-974c-0050c2490048,o-xylene,ElementaryFlow,Emissions / Emissions to air,kg,000095-47-6,reference,ILCD/EF background flow (Sphera GaBi dataset, Aluminium profile EN15804 A1-A3).,,
08a91e70-3ddc-11dd-9751-0050c2490048,o-xylene,ElementaryFlow,Emissions / Emissions to water,kg,000095-47-6,reference,ILCD/EF background flow (Sphera GaBi dataset, Aluminium profile EN15804 A1-A3).,,
08a91e70-3ddc-11dd-9756-0050c2490048,ozone,ElementaryFlow,Emissions / Emissions to air,kg,010028-15-6,reference,ILCD/EF background flow (Sphera GaBi dataset, Aluminium profile EN15804 A1-A3).,,
08a91e70-3ddc-11dd-975b-0050c2490048,phenol,ElementaryFlow,Emissions / Emissions to water,kg,000108-95-2,reference,ILCD/EF background flow (Sphera GaBi dataset, Aluminium profile EN15804 A1-A3).,,
08a91e70-3ddc-11dd-975f-0050c2490048,phenol,ElementaryFlow,Emissions / Emissions to water,kg,000108-95-2,reference,ILCD/EF background flow (Sphera GaBi dataset, Aluminium profile EN15804 A1-A3).,,
08a91e70-3ddc-11dd-976d-0050c2490048,2,4-dichlorophenol,ElementaryFlow,Emissions / Emissions to air,kg,000120-83-2,reference,ILCD/EF background flow (Sphera GaBi dataset, Aluminium profile EN15804 A1-A3).,,
08a91e70-3ddc-11dd-9778-0050c2490048,2-chlorophenol,ElementaryFlow,Emissions / Emissions to air,kg,000095-57-8,reference,ILCD/EF background flow (Sphera GaBi dataset, Aluminium profile EN15804 A1-A3).,,
08a91e70-3ddc-11dd-9783-0050c2490048,phosphate,ElementaryFlow,Emissions / Emissions to air,kg,014265-44-2,reference,ILCD/EF background flow (Sphera GaBi dataset, Aluminium profile EN15804 A1-A3).,,
08a91e70-3ddc-11dd-9787-0050c2490048,phosphate,ElementaryFlow,Emissions / Emissions to water,kg,014265-44-2,reference,ILCD/EF background flow (Sphera GaBi dataset, Aluminium profile EN15804 A1-A3).,,
08a91e70-3ddc-11dd-978a-0050c2490048,phosphate,ElementaryFlow,Emissions / Emissions to water,kg,014265-44-2,reference,ILCD/EF background flow (Sphera GaBi dataset, Aluminium profile EN15804 A1-A3).,,
08a91e70-3ddc-11dd-978b-0050c2490048,phosphine,ElementaryFlow,Emissions / Emissions to air,kg,007803-51-2,reference,ILCD/EF background flow (Sphera GaBi dataset, Aluminium profile EN15804 A1-A3).,,
08a91e70-3ddc-11dd-97bf-0050c2490048,polonium-210,ElementaryFlow,Emissions / Emissions to water,kBq,013981-52-7,reference,ILCD/EF background flow (Sphera GaBi dataset, Aluminium profile EN15804 A1-A3).,,
08a91e70-3ddc-11dd-97c2-0050c2490048,polonium-210,ElementaryFlow,Emissions / Emissions to water,kBq,013981-52-7,reference,ILCD/EF background flow (Sphera GaBi dataset, Aluminium profile EN15804 A1-A3).,,
08a91e70-3ddc-11dd-97c3-0050c2490048,potassium,ElementaryFlow,Emissions / Emissions to water,kg,007440-09-7,reference,ILCD/EF background flow (Sphera GaBi dataset, Aluminium profile EN15804 A1-A3).,,
08a91e70-3ddc-11dd-97c6-0050c2490048,potassium,ElementaryFlow,Emissions / Emissions to water,kg,007440-09-7,reference,ILCD/EF background flow (Sphera GaBi dataset, Aluminium profile EN15804 A1-A3).,,
08a91e70-3ddc-11dd-97c8-0050c2490048,potassium-40,ElementaryFlow,Emissions / Emissions to air,kBq,013966-00-2,reference,ILCD/EF background flow (Sphera GaBi dataset, Aluminium profile EN15804 A1-A3).,,
08a91e70-3ddc-11dd-97cc-0050c2490048,potassium-40,ElementaryFlow,Emissions / Emissions to water,kBq,013966-00-2,reference,ILCD/EF background flow (Sphera GaBi dataset, Aluminium profile EN15804 A1-A3).,,
08a91e70-3ddc-11dd-97cf-0050c2490048,potassium-40,ElementaryFlow,Emissions / Emissions to water,kBq,013966-00-2,reference,ILCD/EF background flow (Sphera GaBi dataset, Aluminium profile EN15804 A1-A3).,,
08a91e70-3ddc-11dd-97d1-0050c2490048,prochloraz,ElementaryFlow,Emissions / Emissions to soil,kg,067747-09-5,reference,ILCD/EF background flow (Sphera GaBi dataset, Aluminium profile EN15804 A1-A3).,,
08a91e70-3ddc-11dd-97d5-0050c2490048,ammonium,ElementaryFlow,Emissions / Emissions to water,kg,014798-03-9,reference,ILCD/EF background flow (Sphera GaBi dataset, Aluminium profile EN15804 A1-A3).,,
08a91e70-3ddc-11dd-97d7-0050c2490048,antimonite,ElementaryFlow,Resources / Resources from ground,kg,,reference,ILCD/EF background flow (Sphera GaBi dataset, Aluminium profile EN15804 A1-A3).,,
08a91e70-3ddc-11dd-97d8-0050c2490048,arsenic trioxide,ElementaryFlow,Emissions / Emissions to air,kg,001327-53-3,reference,ILCD/EF background flow (Sphera GaBi dataset, Aluminium profile EN15804 A1-A3).,,
08a91e70-3ddc-11dd-97dc-0050c2490048,barium sulfate,ElementaryFlow,Resources / Resources from ground,kg,007727-43-7,reference,ILCD/EF background flow (Sphera GaBi dataset, Aluminium profile EN15804 A1-A3).,,
08a91e70-3ddc-11dd-97dd-0050c2490048,bauxite,ElementaryFlow,Resources / Resources from ground,kg,001318-16-7,reference,ILCD/EF background flow (Sphera GaBi dataset, Aluminium profile EN15804 A1-A3).,,
08a91e70-3ddc-11dd-97de-0050c2490048,biological oxygen demand,ElementaryFlow,Emissions / Emissions to water,kg,,reference,ILCD/EF background flow (Sphera GaBi dataset, Aluminium profile EN15804 A1-A3).,,
08a91e70-3ddc-11dd-97e1-0050c2490048,biological oxygen demand,ElementaryFlow,Emissions / Emissions to water,kg,,reference,ILCD/EF background flow (Sphera GaBi dataset, Aluminium profile EN15804 A1-A3).,,
08a91e70-3ddc-11dd-97e4-0050c2490048,polychlorinated biphenyls,ElementaryFlow,Emissions / Emissions to air,kg,001336-36-3,reference,ILCD/EF background flow (Sphera GaBi dataset, Aluminium profile EN15804 A1-A3).,,
08a91e70-3ddc-11dd-97eb-0050c2490048,borax,ElementaryFlow,Resources / Resources from ground,kg,012447-40-4,reference,ILCD/EF background flow (Sphera GaBi dataset, Aluminium profile EN15804 A1-A3).,,
08a91e70-3ddc-11dd-97ec-0050c2490048,calcium chloride,ElementaryFlow,Resources / Resources from ground,kg,010043-52-4,reference,ILCD/EF background flow (Sphera GaBi dataset, Aluminium profile EN15804 A1-A3).,,
08a91e70-3ddc-11dd-97ed-0050c2490048,chemical oxygen demand,ElementaryFlow,Emissions / Emissions to water,kg,,reference,ILCD/EF background flow (Sphera GaBi dataset, Aluminium profile EN15804 A1-A3).,,
08a91e70-3ddc-11dd-97f0-0050c2490048,chemical oxygen demand,ElementaryFlow,Emissions / Emissions to water,kg,,reference,ILCD/EF background flow (Sphera GaBi dataset, Aluminium profile EN15804 A1-A3).,,
08a91e70-3ddc-11dd-97f1-0050c2490048,cinnabar,ElementaryFlow,Resources / Resources from ground,kg,019122-79-3,reference,ILCD/EF background flow (Sphera GaBi dataset, Aluminium profile EN15804 A1-A3).,,
08a91e70-3ddc-11dd-97f2-0050c2490048,colemanite,ElementaryFlow,Resources / Resources from ground,kg,001318-33-8,reference,ILCD/EF background flow (Sphera GaBi dataset, Aluminium profile EN15804 A1-A3).,,
08a91e70-3ddc-11dd-97f4-0050c2490048,diatomite,ElementaryFlow,Resources / Resources from ground,kg,068855-54-9,reference,ILCD/EF background flow (Sphera GaBi dataset, Aluminium profile EN15804 A1-A3).,,
08a91e70-3ddc-11dd-97f7-0050c2490048,fluorspar,ElementaryFlow,Resources / Resources from ground,kg,014542-23-5,reference,ILCD/EF background flow (Sphera GaBi dataset, Aluminium profile EN15804 A1-A3).,,
08a91e70-3ddc-11dd-97f8-0050c2490048,gypsum,ElementaryFlow,Resources / Resources from ground,kg,007778-18-9,reference,ILCD/EF background flow (Sphera GaBi dataset, Aluminium profile EN15804 A1-A3).,,
08a91e70-3ddc-11dd-97f9-0050c2490048,baryte,ElementaryFlow,Resources / Resources from ground,kg,007727-43-7,reference,ILCD/EF background flow (Sphera GaBi dataset, Aluminium profile EN15804 A1-A3).,,
08a91e70-3ddc-11dd-97fd-0050c2490048,hydrogen chloride,ElementaryFlow,Emissions / Emissions to water,kg,007647-01-0,reference,ILCD/EF background flow (Sphera GaBi dataset, Aluminium profile EN15804 A1-A3).,,
08a91e70-3ddc-11dd-9804-0050c2490048,hydrogen fluoride,ElementaryFlow,Emissions / Emissions to air,kg,007664-39-3,reference,ILCD/EF background flow (Sphera GaBi dataset, Aluminium profile EN15804 A1-A3).,,
08a91e70-3ddc-11dd-9810-0050c2490048,polycyclic aromatic hydrocarbons,ElementaryFlow,Emissions / Emissions to water,kg,,reference,ILCD/EF background flow (Sphera GaBi dataset, Aluminium profile EN15804 A1-A3).,,
08a91e70-3ddc-11dd-9813-0050c2490048,polycyclic aromatic hydrocarbons,ElementaryFlow,Emissions / Emissions to water,kg,,reference,ILCD/EF background flow (Sphera GaBi dataset, Aluminium profile EN15804 A1-A3).,,
08a91e70-3ddc-11dd-9816-0050c2490048,polycyclic aromatic hydrocarbons,ElementaryFlow,Emissions / Emissions to soil,kg,,reference,ILCD/EF background flow (Sphera GaBi dataset, Aluminium profile EN15804 A1-A3).,,
08a91e70-3ddc-11dd-983b-0050c2490048,propylene glycol,ElementaryFlow,Emissions / Emissions to air,kg,000057-55-6,reference,ILCD/EF background flow (Sphera GaBi dataset, Aluminium profile EN15804 A1-A3).,,
08a91e70-3ddc-11dd-9894-0050c2490048,propylene glycol monomethyl ether,ElementaryFlow,Emissions / Emissions to air,kg,000107-98-2,reference,ILCD/EF background flow (Sphera GaBi dataset, Aluminium profile EN15804 A1-A3).,,
08a91e70-3ddc-11dd-989f-0050c2490048,propylene oxide,ElementaryFlow,Emissions / Emissions to air,kg,000075-56-9,reference,ILCD/EF background flow (Sphera GaBi dataset, Aluminium profile EN15804 A1-A3).,,
08a91e70-3ddc-11dd-98a3-0050c2490048,propylene oxide,ElementaryFlow,Emissions / Emissions to water,kg,000075-56-9,reference,ILCD/EF background flow (Sphera GaBi dataset, Aluminium profile EN15804 A1-A3).,,
08a91e70-3ddc-11dd-98a5-0050c2490048,protactinium-234,ElementaryFlow,Emissions / Emissions to air,kBq,015100-28-4,reference,ILCD/EF background flow (Sphera GaBi dataset, Aluminium profile EN15804 A1-A3).,,
08a91e70-3ddc-11dd-98a9-0050c2490048,pyridine,ElementaryFlow,Emissions / Emissions to air,kg,000110-86-1,reference,ILCD/EF background flow (Sphera GaBi dataset, Aluminium profile EN15804 A1-A3).,,
08a91e70-3ddc-11dd-98bb-0050c2490048,radium-224,ElementaryFlow,Emissions / Emissions to water,kBq,013233-32-4,reference,ILCD/EF background flow (Sphera GaBi dataset, Aluminium profile EN15804 A1-A3).,,
08a91e70-3ddc-11dd-98bf-0050c2490048,radium-226,ElementaryFlow,Emissions / Emissions to water,kBq,013982-63-3,reference,ILCD/EF background flow (Sphera GaBi dataset, Aluminium profile EN15804 A1-A3).,,
08a91e70-3ddc-11dd-98c2-0050c2490048,radium-226,ElementaryFlow,Emissions / Emissions to water,kBq,013982-63-3,reference,ILCD/EF background flow (Sphera GaBi dataset, Aluminium profile EN15804 A1-A3).,,
08a91e70-3ddc-11dd-98c3-0050c2490048,radium-228,ElementaryFlow,Emissions / Emissions to air,kBq,015262-20-1,reference,ILCD/EF background flow (Sphera GaBi dataset, Aluminium profile EN15804 A1-A3).,,
08a91e70-3ddc-11dd-98c7-0050c2490048,radium-228,ElementaryFlow,Emissions / Emissions to water,kBq,015262-20-1,reference,ILCD/EF background flow (Sphera GaBi dataset, Aluminium profile EN15804 A1-A3).,,
08a91e70-3ddc-11dd-98ce-0050c2490048,scandium,ElementaryFlow,Emissions / Emissions to air,kg,007440-20-2,reference,ILCD/EF background flow (Sphera GaBi dataset, Aluminium profile EN15804 A1-A3).,,
08a91e70-3ddc-11dd-98d2-0050c2490048,scandium,ElementaryFlow,Emissions / Emissions to water,kg,007440-20-2,reference,ILCD/EF background flow (Sphera GaBi dataset, Aluminium profile EN15804 A1-A3).,,
08a91e70-3ddc-11dd-98d5-0050c2490048,selenium,ElementaryFlow,Emissions / Emissions to water,kg,007782-49-2,reference,ILCD/EF background flow (Sphera GaBi dataset, Aluminium profile EN15804 A1-A3).,,
08a91e70-3ddc-11dd-98d8-0050c2490048,selenium,ElementaryFlow,Emissions / Emissions to soil,kg,007782-49-2,reference,ILCD/EF background flow (Sphera GaBi dataset, Aluminium profile EN15804 A1-A3).,,
08a91e70-3ddc-11dd-98d9-0050c2490048,selenium,ElementaryFlow,Emissions / Emissions to water,kg,007782-49-2,reference,ILCD/EF background flow (Sphera GaBi dataset, Aluminium profile EN15804 A1-A3).,,
08a91e70-3ddc-11dd-98de-0050c2490048,silver-110,ElementaryFlow,Emissions / Emissions to water,kBq,014391-76-5,reference,ILCD/EF background flow (Sphera GaBi dataset, Aluminium profile EN15804 A1-A3).,,
08a91e70-3ddc-11dd-98e2-0050c2490048,simazine,ElementaryFlow,Emissions / Emissions to soil,kg,000122-34-9,reference,ILCD/EF background flow (Sphera GaBi dataset, Aluminium profile EN15804 A1-A3).,,
08a91e70-3ddc-11dd-98e4-0050c2490048,simazine,ElementaryFlow,Emissions / Emissions to air,kg,000122-34-9,reference,ILCD/EF background flow (Sphera GaBi dataset, Aluminium profile EN15804 A1-A3).,,
08a91e70-3ddc-11dd-98e8-0050c2490048,simazine,ElementaryFlow,Emissions / Emissions to water,kg,000122-34-9,reference,ILCD/EF background flow (Sphera GaBi dataset, Aluminium profile EN15804 A1-A3).,,
08a91e70-3ddc-11dd-9910-0050c2490048,styrene,ElementaryFlow,Emissions / Emissions to air,kg,000100-42-5,reference,ILCD/EF background flow (Sphera GaBi dataset, Aluminium profile EN15804 A1-A3).,,
08a91e70-3ddc-11dd-9924-0050c2490048,sulfur,ElementaryFlow,Emissions / Emissions to soil,kg,007704-34-9,reference,ILCD/EF background flow (Sphera GaBi dataset, Aluminium profile EN15804 A1-A3).,,
08a91e70-3ddc-11dd-9926-0050c2490048,sulfur,ElementaryFlow,Emissions / Emissions to water,kg,007704-34-9,reference,ILCD/EF background flow (Sphera GaBi dataset, Aluminium profile EN15804 A1-A3).,,
08a91e70-3ddc-11dd-9934-0050c2490048,tert-butyl methyl ether,ElementaryFlow,Emissions / Emissions to air,kg,001634-04-4,reference,ILCD/EF background flow (Sphera GaBi dataset, Aluminium profile EN15804 A1-A3).,,
08a91e70-3ddc-11dd-9938-0050c2490048,tert-butyl methyl ether,ElementaryFlow,Emissions / Emissions to water,kg,001634-04-4,reference,ILCD/EF background flow (Sphera GaBi dataset, Aluminium profile EN15804 A1-A3).,,
08a91e70-3ddc-11dd-993b-0050c2490048,tert-butyl methyl ether,ElementaryFlow,Emissions / Emissions to water,kg,001634-04-4,reference,ILCD/EF background flow (Sphera GaBi dataset, Aluminium profile EN15804 A1-A3).,,
08a91e70-3ddc-11dd-993c-0050c2490048,tebuconazole,ElementaryFlow,Emissions / Emissions to soil,kg,107534-96-3,reference,ILCD/EF background flow (Sphera GaBi dataset, Aluminium profile EN15804 A1-A3).,,
08a91e70-3ddc-11dd-9943-0050c2490048,tebutam,ElementaryFlow,Emissions / Emissions to soil,kg,035256-85-0,reference,ILCD/EF background flow (Sphera GaBi dataset, Aluminium profile EN15804 A1-A3).,,
08a91e70-3ddc-11dd-9945-0050c2490048,technetium-99,ElementaryFlow,Emissions / Emissions to water,kBq,014133-76-7,reference,ILCD/EF background flow (Sphera GaBi dataset, Aluminium profile EN15804 A1-A3).,,
08a91e70-3ddc-11dd-9948-0050c2490048,teflubenzuron,ElementaryFlow,Emissions / Emissions to soil,kg,083121-18-0,reference,ILCD/EF background flow (Sphera GaBi dataset, Aluminium profile EN15804 A1-A3).,,
08a91e70-3ddc-11dd-994b-0050c2490048,2,2,4-trimethylpentane,ElementaryFlow,Emissions / Emissions to air,kg,000540-84-1,reference,ILCD/EF background flow (Sphera GaBi dataset, Aluminium profile EN15804 A1-A3).,,
08a91e70-3ddc-11dd-9961-0050c2490048,thallium,ElementaryFlow,Emissions / Emissions to soil,kg,007440-28-0,reference,ILCD/EF background flow (Sphera GaBi dataset, Aluminium profile EN15804 A1-A3).,,
08a91e70-3ddc-11dd-9963-0050c2490048,thallium,ElementaryFlow,Emissions / Emissions to air,kg,007440-28-0,reference,ILCD/EF background flow (Sphera GaBi dataset, Aluminium profile EN15804 A1-A3).,,
08a91e70-3ddc-11dd-9967-0050c2490048,thallium,ElementaryFlow,Emissions / Emissions to water,kg,007440-28-0,reference,ILCD/EF background flow (Sphera GaBi dataset, Aluminium profile EN15804 A1-A3).,,
08a91e70-3ddc-11dd-996b-0050c2490048,thallium,ElementaryFlow,Emissions / Emissions to water,kg,007440-28-0,reference,ILCD/EF background flow (Sphera GaBi dataset, Aluminium profile EN15804 A1-A3).,,
08a91e70-3ddc-11dd-996d-0050c2490048,thifensulfuron-methyl,ElementaryFlow,Emissions / Emissions to soil,kg,079277-27-3,reference,ILCD/EF background flow (Sphera GaBi dataset, Aluminium profile EN15804 A1-A3).,,
08a91e70-3ddc-11dd-9972-0050c2490048,thorium-228,ElementaryFlow,Emissions / Emissions to water,kBq,014274-82-9,reference,ILCD/EF background flow (Sphera GaBi dataset, Aluminium profile EN15804 A1-A3).,,
08a91e70-3ddc-11dd-9975-0050c2490048,thorium-228,ElementaryFlow,Emissions / Emissions to water,kBq,014274-82-9,reference,ILCD/EF background flow (Sphera GaBi dataset, Aluminium profile EN15804 A1-A3).,,
08a91e70-3ddc-11dd-9976-0050c2490048,thorium-230,ElementaryFlow,Emissions / Emissions to air,kBq,014269-63-7,reference,ILCD/EF background flow (Sphera GaBi dataset, Aluminium profile EN15804 A1-A3).,,
08a91e70-3ddc-11dd-997a-0050c2490048,thorium-230,ElementaryFlow,Emissions / Emissions to water,kBq,014269-63-7,reference,ILCD/EF background flow (Sphera GaBi dataset, Aluminium profile EN15804 A1-A3).,,
08a91e70-3ddc-11dd-997f-0050c2490048,thorium-232,ElementaryFlow,Emissions / Emissions to air,kBq,007440-29-1,reference,ILCD/EF background flow (Sphera GaBi dataset, Aluminium profile EN15804 A1-A3).,,
08a91e70-3ddc-11dd-9983-0050c2490048,thorium-232,ElementaryFlow,Emissions / Emissions to water,kBq,007440-29-1,reference,ILCD/EF background flow (Sphera GaBi dataset, Aluminium profile EN15804 A1-A3).,,
08a91e70-3ddc-11dd-9988-0050c2490048,toluene,ElementaryFlow,Emissions / Emissions to water,kg,000108-88-3,reference,ILCD/EF background flow (Sphera GaBi dataset, Aluminium profile EN15804 A1-A3).,,
08a91e70-3ddc-11dd-998f-0050c2490048,tin,ElementaryFlow,Emissions / Emissions to water,kg,007440-31-5,reference,ILCD/EF background flow (Sphera GaBi dataset, Aluminium profile EN15804 A1-A3).,,
08a91e70-3ddc-11dd-9993-0050c2490048,tin,ElementaryFlow,Emissions / Emissions to water,kg,007440-31-5,reference,ILCD/EF background flow (Sphera GaBi dataset, Aluminium profile EN15804 A1-A3).,,
08a91e70-3ddc-11dd-9994-0050c2490048,titanium,ElementaryFlow,Emissions / Emissions to soil,kg,007440-32-6,reference,ILCD/EF background flow (Sphera GaBi dataset, Aluminium profile EN15804 A1-A3).,,
08a91e70-3ddc-11dd-9996-0050c2490048,titanium,ElementaryFlow,Emissions / Emissions to air,kg,007440-32-6,reference,ILCD/EF background flow (Sphera GaBi dataset, Aluminium profile EN15804 A1-A3).,,
08a91e70-3ddc-11dd-999a-0050c2490048,titanium,ElementaryFlow,Emissions / Emissions to water,kg,007440-32-6,reference,ILCD/EF background flow (Sphera GaBi dataset, Aluminium profile EN15804 A1-A3).,,
08a91e70-3ddc-11dd-999d-0050c2490048,titanium,ElementaryFlow,Emissions / Emissions to soil,kg,007440-32-6,reference,ILCD/EF background flow (Sphera GaBi dataset, Aluminium profile EN15804 A1-A3).,,
08a91e70-3ddc-11dd-999e-0050c2490048,titanium,ElementaryFlow,Emissions / Emissions to water,kg,007440-32-6,reference,ILCD/EF background flow (Sphera GaBi dataset, Aluminium profile EN15804 A1-A3).,,
08a91e70-3ddc-11dd-99a6-0050c2490048,toluene,ElementaryFlow,Emissions / Emissions to water,kg,000108-88-3,reference,ILCD/EF background flow (Sphera GaBi dataset, Aluminium profile EN15804 A1-A3).,,
08a91e70-3ddc-11dd-99a9-0050c2490048,2,4-dinitrotoluene,ElementaryFlow,Emissions / Emissions to air,kg,000121-14-2,reference,ILCD/EF background flow (Sphera GaBi dataset, Aluminium profile EN15804 A1-A3).,,
08a91e70-3ddc-11dd-99b1-0050c2490048,thorium-234,ElementaryFlow,Emissions / Emissions to air,kBq,015065-10-8,reference,ILCD/EF background flow (Sphera GaBi dataset, Aluminium profile EN15804 A1-A3).,,
08a91e70-3ddc-11dd-99b5-0050c2490048,thorium-234,ElementaryFlow,Emissions / Emissions to water,kBq,015065-10-8,reference,ILCD/EF background flow (Sphera GaBi dataset, Aluminium profile EN15804 A1-A3).,,
08a91e70-3ddc-11dd-99b9-0050c2490048,tin,ElementaryFlow,Emissions / Emissions to soil,kg,007440-31-5,reference,ILCD/EF background flow (Sphera GaBi dataset, Aluminium profile EN15804 A1-A3).,,
08a91e70-3ddc-11dd-99bb-0050c2490048,tin,ElementaryFlow,Emissions / Emissions to air,kg,007440-31-5,reference,ILCD/EF background flow (Sphera GaBi dataset, Aluminium profile EN15804 A1-A3).,,
08a91e70-3ddc-11dd-9a04-0050c2490048,acenaphthene,ElementaryFlow,Emissions / Emissions to air,kg,000083-32-9,reference,ILCD/EF background flow (Sphera GaBi dataset, Aluminium profile EN15804 A1-A3).,,
08a91e70-3ddc-11dd-9a8e-0050c2490048,azoxystrobin,ElementaryFlow,Emissions / Emissions to soil,kg,131860-33-8,reference,ILCD/EF background flow (Sphera GaBi dataset, Aluminium profile EN15804 A1-A3).,,
08a91e70-3ddc-11dd-9a90-0050c2490048,azoxystrobin,ElementaryFlow,Emissions / Emissions to water,kg,131860-33-8,reference,ILCD/EF background flow (Sphera GaBi dataset, Aluminium profile EN15804 A1-A3).,,
08a91e70-3ddc-11dd-9ac8-0050c2490048,chlortoluron,ElementaryFlow,Emissions / Emissions to soil,kg,015545-48-9,reference,ILCD/EF background flow (Sphera GaBi dataset, Aluminium profile EN15804 A1-A3).,,
08a91e70-3ddc-11dd-9aca-0050c2490048,chromium,ElementaryFlow,Emissions / Emissions to soil,kg,007440-47-3,reference,ILCD/EF background flow (Sphera GaBi dataset, Aluminium profile EN15804 A1-A3).,,
08a91e70-3ddc-11dd-9acc-0050c2490048,chromium,ElementaryFlow,Emissions / Emissions to air,kg,007440-47-3,reference,ILCD/EF background flow (Sphera GaBi dataset, Aluminium profile EN15804 A1-A3).,,
08a91e70-3ddc-11dd-9b1c-0050c2490048,triethylene glycol,ElementaryFlow,Emissions / Emissions to water,kg,000112-27-6,reference,ILCD/EF background flow (Sphera GaBi dataset, Aluminium profile EN15804 A1-A3).,,
08a91e70-3ddc-11dd-9b1f-0050c2490048,triethylene glycol,ElementaryFlow,Emissions / Emissions to water,kg,000112-27-6,reference,ILCD/EF background flow (Sphera GaBi dataset, Aluminium profile EN15804 A1-A3).,,
08a91e70-3ddc-11dd-9b20-0050c2490048,trifluralin,ElementaryFlow,Emissions / Emissions to soil,kg,001582-09-8,reference,ILCD/EF background flow (Sphera GaBi dataset, Aluminium profile EN15804 A1-A3).,,
08a91e70-3ddc-11dd-9b34-0050c2490048,trifluralin,ElementaryFlow,Emissions / Emissions to water,kg,001582-09-8,reference,ILCD/EF background flow (Sphera GaBi dataset, Aluminium profile EN15804 A1-A3).,,
08a91e70-3ddc-11dd-9b43-0050c2490048,trimethylamine,ElementaryFlow,Emissions / Emissions to air,kg,000075-50-3,reference,ILCD/EF background flow (Sphera GaBi dataset, Aluminium profile EN15804 A1-A3).,,
08a91e70-3ddc-11dd-9b47-0050c2490048,trinexapac-ethyl,ElementaryFlow,Emissions / Emissions to soil,kg,095266-40-3,reference,ILCD/EF background flow (Sphera GaBi dataset, Aluminium profile EN15804 A1-A3).,,
08a91e70-3ddc-11dd-9b9c-0050c2490048,chlormequat chloride,ElementaryFlow,Emissions / Emissions to water,kg,000999-81-5,reference,ILCD/EF background flow (Sphera GaBi dataset, Aluminium profile EN15804 A1-A3).,,
08a91e70-3ddc-11dd-9bc5-0050c2490048,manganese,ElementaryFlow,Emissions / Emissions to soil,kg,007439-96-5,reference,ILCD/EF background flow (Sphera GaBi dataset, Aluminium profile EN15804 A1-A3).,,
08a91e70-3ddc-11dd-9bc7-0050c2490048,manganese,ElementaryFlow,Emissions / Emissions to air,kg,007439-96-5,reference,ILCD/EF background flow (Sphera GaBi dataset, Aluminium profile EN15804 A1-A3).,,
08a91e70-3ddc-11dd-9bca-0050c2490048,manganese,ElementaryFlow,Emissions / Emissions to water,kg,007439-96-5,reference,ILCD/EF background flow (Sphera GaBi dataset, Aluminium profile EN15804 A1-A3).,,
08a91e70-3ddc-11dd-9bcd-0050c2490048,manganese,ElementaryFlow,Emissions / Emissions to soil,kg,007439-96-5,reference,ILCD/EF background flow (Sphera GaBi dataset, Aluminium profile EN15804 A1-A3).,,
08a91e70-3ddc-11dd-9bed-0050c2490048,carbofuran,ElementaryFlow,Emissions / Emissions to water,kg,001563-66-2,reference,ILCD/EF background flow (Sphera GaBi dataset, Aluminium profile EN15804 A1-A3).,,
08a91e70-3ddc-11dd-9c14-0050c2490048,carbon dioxide (fossil),ElementaryFlow,Emissions / Emissions to air,kg,000124-38-9,reference,ILCD/EF background flow (Sphera GaBi dataset, Aluminium profile EN15804 A1-A3).,,
08a91e70-3ddc-11dd-9c15-0050c2490048,carbon dioxide (biogenic),ElementaryFlow,Emissions / Emissions to air,kg,000124-38-9,reference,ILCD/EF background flow (Sphera GaBi dataset, Aluminium profile EN15804 A1-A3).,,
08a91e70-3ddc-11dd-9c3c-0050c2490048,uranium-235,ElementaryFlow,Emissions / Emissions to air,kBq,015117-96-1,reference,ILCD/EF background flow (Sphera GaBi dataset, Aluminium profile EN15804 A1-A3).,,
08a91e70-3ddc-11dd-9c40-0050c2490048,uranium-235,ElementaryFlow,Emissions / Emissions to water,kBq,015117-96-1,reference,ILCD/EF background flow (Sphera GaBi dataset, Aluminium profile EN15804 A1-A3).,,
08a91e70-3ddc-11dd-9c44-0050c2490048,uranium-238,ElementaryFlow,Emissions / Emissions to air,kBq,007440-61-1,reference,ILCD/EF background flow (Sphera GaBi dataset, Aluminium profile EN15804 A1-A3).,,
08a91e70-3ddc-11dd-9c4a-0050c2490048,fluometuron,ElementaryFlow,Emissions / Emissions to soil,kg,002164-17-2,reference,ILCD/EF background flow (Sphera GaBi dataset, Aluminium profile EN15804 A1-A3).,,
08a91e70-3ddc-11dd-9c4c-0050c2490048,fluometuron,ElementaryFlow,Emissions / Emissions to air,kg,002164-17-2,reference,ILCD/EF background flow (Sphera GaBi dataset, Aluminium profile EN15804 A1-A3).,,
08a91e70-3ddc-11dd-9c50-0050c2490048,fluometuron,ElementaryFlow,Emissions / Emissions to water,kg,002164-17-2,reference,ILCD/EF background flow (Sphera GaBi dataset, Aluminium profile EN15804 A1-A3).,,
08a91e70-3ddc-11dd-9c80-0050c2490048,azoxystrobin,ElementaryFlow,Emissions / Emissions to air,kg,131860-33-8,reference,ILCD/EF background flow (Sphera GaBi dataset, Aluminium profile EN15804 A1-A3).,,
08a91e70-3ddc-11dd-9c9a-0050c2490048,diflubenzuron,ElementaryFlow,Emissions / Emissions to soil,kg,035367-38-5,reference,ILCD/EF background flow (Sphera GaBi dataset, Aluminium profile EN15804 A1-A3).,,
08a91e70-3ddc-11dd-9c9c-0050c2490048,diflubenzuron,ElementaryFlow,Emissions / Emissions to air,kg,035367-38-5,reference,ILCD/EF background flow (Sphera GaBi dataset, Aluminium profile EN15804 A1-A3).,,
08a91e70-3ddc-11dd-9d8f-0050c2490048,2-chloro-1-phenylethanone,ElementaryFlow,Emissions / Emissions to air,kg,000532-27-4,reference,ILCD/EF background flow (Sphera GaBi dataset, Aluminium profile EN15804 A1-A3).,,
08a91e70-3ddc-11dd-9ddf-0050c2490048,krypton-88,ElementaryFlow,Emissions / Emissions to air,kBq,014995-61-0,reference,ILCD/EF background flow (Sphera GaBi dataset, Aluminium profile EN15804 A1-A3).,,
08a91e70-3ddc-11dd-9de3-0050c2490048,krypton-89,ElementaryFlow,Emissions / Emissions to air,kBq,016316-03-3,reference,ILCD/EF background flow (Sphera GaBi dataset, Aluminium profile EN15804 A1-A3).,,
08a91e70-3ddc-11dd-9de7-0050c2490048,lambda-cyhalothrin,ElementaryFlow,Emissions / Emissions to soil,kg,091465-08-6,reference,ILCD/EF background flow (Sphera GaBi dataset, Aluminium profile EN15804 A1-A3).,,
08a91e70-3ddc-11dd-9ded-0050c2490048,carbon-14,ElementaryFlow,Emissions / Emissions to water,kBq,014762-75-5,reference,ILCD/EF background flow (Sphera GaBi dataset, Aluminium profile EN15804 A1-A3).,,
08a91e70-3ddc-11dd-9dee-0050c2490048,carbonate,ElementaryFlow,Emissions / Emissions to water,kg,003812-32-6,reference,ILCD/EF background flow (Sphera GaBi dataset, Aluminium profile EN15804 A1-A3).,,
08a91e70-3ddc-11dd-9ea6-0050c2490048,dimethylamine,ElementaryFlow,Emissions / Emissions to water,kg,000124-40-3,reference,ILCD/EF background flow (Sphera GaBi dataset, Aluminium profile EN15804 A1-A3).,,
08a91e70-3ddc-11dd-9f73-0050c2490048,chromium,ElementaryFlow,Emissions / Emissions to water,kg,007440-47-3,reference,ILCD/EF background flow (Sphera GaBi dataset, Aluminium profile EN15804 A1-A3).,,
08a91e70-3ddc-11dd-9f76-0050c2490048,chromium,ElementaryFlow,Emissions / Emissions to soil,kg,007440-47-3,reference,ILCD/EF background flow (Sphera GaBi dataset, Aluminium profile EN15804 A1-A3).,,
08a91e70-3ddc-11dd-9f77-0050c2490048,chromium,ElementaryFlow,Emissions / Emissions to water,kg,007440-47-3,reference,ILCD/EF background flow (Sphera GaBi dataset, Aluminium profile EN15804 A1-A3).,,
08a91e70-3ddc-11dd-9f78-0050c2490048,chromium,ElementaryFlow,Resources / Resources from ground,kg,007440-47-3,reference,ILCD/EF background flow (Sphera GaBi dataset, Aluminium profile EN15804 A1-A3).,,
08a91e70-3ddc-11dd-9f79-0050c2490048,chromium III,ElementaryFlow,Emissions / Emissions to soil,kg,016065-83-1,reference,ILCD/EF background flow (Sphera GaBi dataset, Aluminium profile EN15804 A1-A3).,,
08a91e70-3ddc-11dd-9f7b-0050c2490048,chromium III,ElementaryFlow,Emissions / Emissions to air,kg,016065-83-1,reference,ILCD/EF background flow (Sphera GaBi dataset, Aluminium profile EN15804 A1-A3).,,
08a91e70-3ddc-11dd-a009-0050c2490048,metazachlor,ElementaryFlow,Emissions / Emissions to soil,kg,067129-08-2,reference,ILCD/EF background flow (Sphera GaBi dataset, Aluminium profile EN15804 A1-A3).,,
08a91e70-3ddc-11dd-a021-0050c2490048,3-methylpentane,ElementaryFlow,Emissions / Emissions to air,kg,000096-14-0,reference,ILCD/EF background flow (Sphera GaBi dataset, Aluminium profile EN15804 A1-A3).,,
08a91e70-3ddc-11dd-a026-0050c2490048,tetradecane,ElementaryFlow,Emissions / Emissions to air,kg,000629-59-4,reference,ILCD/EF background flow (Sphera GaBi dataset, Aluminium profile EN15804 A1-A3).,,
08a91e70-3ddc-11dd-a02e-0050c2490048,pentane,ElementaryFlow,Emissions / Emissions to air,kg,000109-66-0,reference,ILCD/EF background flow (Sphera GaBi dataset, Aluminium profile EN15804 A1-A3).,,
08a91e70-3ddc-11dd-a03e-0050c2490048,cyfluthrin,ElementaryFlow,Emissions / Emissions to soil,kg,068359-37-5,reference,ILCD/EF background flow (Sphera GaBi dataset, Aluminium profile EN15804 A1-A3).,,
08a91e70-3ddc-11dd-a040-0050c2490048,cyfluthrin,ElementaryFlow,Emissions / Emissions to air,kg,068359-37-5,reference,ILCD/EF background flow (Sphera GaBi dataset, Aluminium profile EN15804 A1-A3).,,
08a91e70-3ddc-11dd-a056-0050c2490048,palladium,ElementaryFlow,Emissions / Emissions to air,kg,007440-05-3,reference,ILCD/EF background flow (Sphera GaBi dataset, Aluminium profile EN15804 A1-A3).,,
08a91e70-3ddc-11dd-a07b-0050c2490048,fenbuconazole,ElementaryFlow,Emissions / Emissions to soil,kg,114369-43-6,reference,ILCD/EF background flow (Sphera GaBi dataset, Aluminium profile EN15804 A1-A3).,,
08a91e70-3ddc-11dd-a081-0050c2490048,fenvalerate,ElementaryFlow,Emissions / Emissions to water,kg,051630-58-1,reference,ILCD/EF background flow (Sphera GaBi dataset, Aluminium profile EN15804 A1-A3).,,
08a91e70-3ddc-11dd-a086-0050c2490048,fipronil,ElementaryFlow,Emissions / Emissions to soil,kg,120068-37-3,reference,ILCD/EF background flow (Sphera GaBi dataset, Aluminium profile EN15804 A1-A3).,,
08a91e70-3ddc-11dd-a088-0050c2490048,fipronil,ElementaryFlow,Emissions / Emissions to air,kg,120068-37-3,reference,ILCD/EF background flow (Sphera GaBi dataset, Aluminium profile EN15804 A1-A3).,,
08a91e70-3ddc-11dd-a08c-0050c2490048,fipronil,ElementaryFlow,Emissions / Emissions to water,kg,120068-37-3,reference,ILCD/EF background flow (Sphera GaBi dataset, Aluminium profile EN15804 A1-A3).,,
08a91e70-3ddc-11dd-a0c8-0050c2490048,flumetsulam,ElementaryFlow,Emissions / Emissions to soil,kg,098967-40-9,reference,ILCD/EF background flow (Sphera GaBi dataset, Aluminium profile EN15804 A1-A3).,,
08a91e70-3ddc-11dd-a0ca-0050c2490048,flumetsulam,ElementaryFlow,Emissions / Emissions to air,kg,098967-40-9,reference,ILCD/EF background flow (Sphera GaBi dataset, Aluminium profile EN15804 A1-A3).,,
08a91e70-3ddc-11dd-a0f7-0050c2490048,boron,ElementaryFlow,Emissions / Emissions to air,kg,007440-42-8,reference,ILCD/EF background flow (Sphera GaBi dataset, Aluminium profile EN15804 A1-A3).,,
08a91e70-3ddc-11dd-a0fb-0050c2490048,boron,ElementaryFlow,Emissions / Emissions to water,kg,007440-42-8,reference,ILCD/EF background flow (Sphera GaBi dataset, Aluminium profile EN15804 A1-A3).,,
08a91e70-3ddc-11dd-a0fe-0050c2490048,boron,ElementaryFlow,Emissions / Emissions to water,kg,007440-42-8,reference,ILCD/EF background flow (Sphera GaBi dataset, Aluminium profile EN15804 A1-A3).,,
08a91e70-3ddc-11dd-a0ff-0050c2490048,bromate,ElementaryFlow,Emissions / Emissions to water,kg,015541-45-4,reference,ILCD/EF background flow (Sphera GaBi dataset, Aluminium profile EN15804 A1-A3).,,
08a91e70-3ddc-11dd-a101-0050c2490048,flusilazole,ElementaryFlow,Emissions / Emissions to soil,kg,085509-19-9,reference,ILCD/EF background flow (Sphera GaBi dataset, Aluminium profile EN15804 A1-A3).,,
08a91e70-3ddc-11dd-a191-0050c2490048,hydrazine,ElementaryFlow,Emissions / Emissions to water,kg,000302-01-2,reference,ILCD/EF background flow (Sphera GaBi dataset, Aluminium profile EN15804 A1-A3).,,
08a91e70-3ddc-11dd-a249-0050c2490048,methyl ethyl ketone,ElementaryFlow,Emissions / Emissions to water,kg,000078-93-3,reference,ILCD/EF background flow (Sphera GaBi dataset, Aluminium profile EN15804 A1-A3).,,
08a91e70-3ddc-11dd-a28e-0050c2490048,cobalt,ElementaryFlow,Emissions / Emissions to soil,kg,007440-48-4,reference,ILCD/EF background flow (Sphera GaBi dataset, Aluminium profile EN15804 A1-A3).,,
08a91e70-3ddc-11dd-a2a2-0050c2490048,cumene,ElementaryFlow,Emissions / Emissions to air,kg,000098-82-8,reference,ILCD/EF background flow (Sphera GaBi dataset, Aluminium profile EN15804 A1-A3).,,
08a91e70-3ddc-11dd-a2a7-0050c2490048,ammonia,ElementaryFlow,Emissions / Emissions to soil,kg,007664-41-7,reference,ILCD/EF background flow (Sphera GaBi dataset, Aluminium profile EN15804 A1-A3).,,
08a91e70-3ddc-11dd-a2a9-0050c2490048,ammonia,ElementaryFlow,Emissions / Emissions to air,kg,007664-41-7,reference,ILCD/EF background flow (Sphera GaBi dataset, Aluminium profile EN15804 A1-A3).,,
08a91e70-3ddc-11dd-a2f8-0050c2490048,ethyl benzene,ElementaryFlow,Emissions / Emissions to water,kg,000100-41-4,reference,ILCD/EF background flow (Sphera GaBi dataset, Aluminium profile EN15804 A1-A3).,,
08a91e70-3ddc-11dd-a2fb-0050c2490048,hexachlorobenzene,ElementaryFlow,Emissions / Emissions to air,kg,000118-74-1,reference,ILCD/EF background flow (Sphera GaBi dataset, Aluminium profile EN15804 A1-A3).,,
08a91e70-3ddc-11dd-a302-0050c2490048,non-methane volatile organic compounds,ElementaryFlow,Emissions / Emissions to air,kg,,reference,ILCD/EF background flow (Sphera GaBi dataset, Aluminium profile EN15804 A1-A3).,,
08a91e70-3ddc-11dd-a307-0050c2490048,calcium,ElementaryFlow,Emissions / Emissions to soil,kg,007440-70-2,reference,ILCD/EF background flow (Sphera GaBi dataset, Aluminium profile EN15804 A1-A3).,,
08a91e70-3ddc-11dd-a309-0050c2490048,carbofuran,ElementaryFlow,Emissions / Emissions to air,kg,001563-66-2,reference,ILCD/EF background flow (Sphera GaBi dataset, Aluminium profile EN15804 A1-A3).,,
09183939-8fb4-4c8a-835f-85026db3cd78,pentan-1-ol,ElementaryFlow,Emissions / Emissions to water,kg,000071-41-0,reference,ILCD/EF background flow (Sphera GaBi dataset, Aluminium profile EN15804 A1-A3).,,
091d05f6-f902-425a-a56f-cbc6392418d5,chlorosulphuric acid,ElementaryFlow,Emissions / Emissions to water,kg,007790-94-5,reference,ILCD/EF background flow (Sphera GaBi dataset, Aluminium profile EN15804 A1-A3).,,
09333058-7adb-4965-aa9f-7d7f7aa47de6,Water from cooling,ElementaryFlow,Emissions / Emissions to water,m3,007732-18-5,reference,ILCD/EF background flow (Sphera GaBi dataset, Aluminium profile EN15804 A1-A3).,,
0a26349f-c857-455e-9475-cef6d14393ed,Docosane,ElementaryFlow,Emissions / Emissions to water,kg,000629-97-0,reference,ILCD/EF background flow (Sphera GaBi dataset, Aluminium profile EN15804 A1-A3).,,
0a51e24a-6201-47bb-b8f2-eb52bca60c83,nicosulfuron,ElementaryFlow,Emissions / Emissions to soil,kg,111991-09-4,reference,ILCD/EF background flow (Sphera GaBi dataset, Aluminium profile EN15804 A1-A3).,,
0c08b290-70d4-4d06-bf99-af10a0df99d5,to traffic area, rail/road embankment,ElementaryFlow,Land use / Land transformation,m2,,reference,ILCD/EF background flow (Sphera GaBi dataset, Aluminium profile EN15804 A1-A3).,,
0d79ecc9-6556-11dd-ad8b-0800200c9a66,2-methyl-2-butene,ElementaryFlow,Emissions / Emissions to water,kg,000513-35-9,reference,ILCD/EF background flow (Sphera GaBi dataset, Aluminium profile EN15804 A1-A3).,,
0d7a13df-6556-11dd-ad8b-0800200c9a66,hexadecane,ElementaryFlow,Emissions / Emissions to water,kg,000544-76-3,reference,ILCD/EF background flow (Sphera GaBi dataset, Aluminium profile EN15804 A1-A3).,,
0d7a13f0-6556-11dd-ad8b-0800200c9a66,pyrite,ElementaryFlow,Resources / Resources from ground,kg,001309-36-0,reference,ILCD/EF background flow (Sphera GaBi dataset, Aluminium profile EN15804 A1-A3).,,
0d7a3ad3-6556-11dd-ad8b-0800200c9a66,quartz sand,ElementaryFlow,Resources / Resources from ground,kg,014808-60-7,reference,ILCD/EF background flow (Sphera GaBi dataset, Aluminium profile EN15804 A1-A3).,,
0ef5f936-2cfd-49a8-8d11-a062926464e4,permanent crops, non-irrigated, intensive,ElementaryFlow,Land use / Land occupation,m2*a,,reference,ILCD/EF background flow (Sphera GaBi dataset, Aluminium profile EN15804 A1-A3).,,
0f0e8451-acaa-4999-9637-d5a62605ff7e,Sodium dichromate,ElementaryFlow,Emissions / Emissions to air,kg,010588-01-9,reference,ILCD/EF background flow (Sphera GaBi dataset, Aluminium profile EN15804 A1-A3).,,
0fdfa11c-0397-4f46-b1cf-d9266d5a5a13,Volume occupied, final repository for radioactive waste,ElementaryFlow,Land use / Land occupation,m3,,reference,ILCD/EF background flow (Sphera GaBi dataset, Aluminium profile EN15804 A1-A3).,,
10ce72de-a532-4b67-a894-8746ba4ef9b1,thiophanate-methyl,ElementaryFlow,Emissions / Emissions to air,kg,023564-05-8,reference,ILCD/EF background flow (Sphera GaBi dataset, Aluminium profile EN15804 A1-A3).,,
1102e599-8b30-4c4e-bc98-6c34ac2c1748,from traffic area, rail/road embankment,ElementaryFlow,Land use / Land transformation,m2,,reference,ILCD/EF background flow (Sphera GaBi dataset, Aluminium profile EN15804 A1-A3).,,
11851a5e-7169-4d44-8a0e-886796fc9b57,pentan-1-ol,ElementaryFlow,Emissions / Emissions to air,kg,000071-41-0,reference,ILCD/EF background flow (Sphera GaBi dataset, Aluminium profile EN15804 A1-A3).,,
13034bab-461f-4343-955f-5a7300365d82,formamide,ElementaryFlow,Emissions / Emissions to air,kg,000075-12-7,reference,ILCD/EF background flow (Sphera GaBi dataset, Aluminium profile EN15804 A1-A3).,,
1419f26f-689b-4c59-acff-b62041ac3c2e,ground water, extreme scarcity,ElementaryFlow,Resources / Resources from water,kg,007732-18-5,reference,ILCD/EF background flow (Sphera GaBi dataset, Aluminium profile EN15804 A1-A3).,,
14a853b7-7127-438e-86bf-23c7e8a3f4d5,arsenic V,ElementaryFlow,Emissions / Emissions to soil,kg,061805-96-7,reference,ILCD/EF background flow (Sphera GaBi dataset, Aluminium profile EN15804 A1-A3).,,
16fb1995-7d4d-4e14-abde-99a0c113fb56,to seabed,ElementaryFlow,Land use / Land transformation,m2,,reference,ILCD/EF background flow (Sphera GaBi dataset, Aluminium profile EN15804 A1-A3).,,
1729c87c-6556-11dd-ad8b-0800200c9a66,rhenium,ElementaryFlow,Resources / Resources from ground,kg,007440-15-5,reference,ILCD/EF background flow (Sphera GaBi dataset, Aluminium profile EN15804 A1-A3).,,
1729c889-6556-11dd-ad8b-0800200c9a66,rhodium,ElementaryFlow,Resources / Resources from ground,kg,007440-16-6,reference,ILCD/EF background flow (Sphera GaBi dataset, Aluminium profile EN15804 A1-A3).,,
1729c88f-6556-11dd-ad8b-0800200c9a66,2-hexanone,ElementaryFlow,Emissions / Emissions to water,kg,000591-78-6,reference,ILCD/EF background flow (Sphera GaBi dataset, Aluminium profile EN15804 A1-A3).,,
1729ef88-6556-11dd-ad8b-0800200c9a66,river water,ElementaryFlow,Resources / Resources from water,m3,007732-18-5,reference,ILCD/EF background flow (Sphera GaBi dataset, Aluminium profile EN15804 A1-A3).,,
1729efae-6556-11dd-ad8b-0800200c9a66,ruthenium,ElementaryFlow,Resources / Resources from ground,kg,007440-18-8,reference,ILCD/EF background flow (Sphera GaBi dataset, Aluminium profile EN15804 A1-A3).,,
172a3da9-6556-11dd-ad8b-0800200c9a66,samarium,ElementaryFlow,Resources / Resources from ground,kg,007440-19-9,reference,ILCD/EF background flow (Sphera GaBi dataset, Aluminium profile EN15804 A1-A3).,,
172a3daa-6556-11dd-ad8b-0800200c9a66,sand,ElementaryFlow,Resources / Resources from ground,kg,,reference,ILCD/EF background flow (Sphera GaBi dataset, Aluminium profile EN15804 A1-A3).,,
172a3db9-6556-11dd-ad8b-0800200c9a66,sea water,ElementaryFlow,Resources / Resources from water,kg,007732-18-5,reference,ILCD/EF background flow (Sphera GaBi dataset, Aluminium profile EN15804 A1-A3).,,
172a64d1-6556-11dd-ad8b-0800200c9a66,tetradecane,ElementaryFlow,Emissions / Emissions to water,kg,000629-59-4,reference,ILCD/EF background flow (Sphera GaBi dataset, Aluminium profile EN15804 A1-A3).,,
172a8bdd-6556-11dd-ad8b-0800200c9a66,shale,ElementaryFlow,Resources / Resources from ground,kg,,reference,ILCD/EF background flow (Sphera GaBi dataset, Aluminium profile EN15804 A1-A3).,,
172a8bf6-6556-11dd-ad8b-0800200c9a66,silicon,ElementaryFlow,Resources / Resources from ground,kg,007440-21-3,reference,ILCD/EF background flow (Sphera GaBi dataset, Aluminium profile EN15804 A1-A3).,,
172ab2d8-6556-11dd-ad8b-0800200c9a66,silver,ElementaryFlow,Resources / Resources from ground,kg,007440-22-4,reference,ILCD/EF background flow (Sphera GaBi dataset, Aluminium profile EN15804 A1-A3).,,
172ab2fd-6556-11dd-ad8b-0800200c9a66,slate,ElementaryFlow,Resources / Resources from ground,kg,,reference,ILCD/EF background flow (Sphera GaBi dataset, Aluminium profile EN15804 A1-A3).,,
172ad9e0-6556-11dd-ad8b-0800200c9a66,sodium,ElementaryFlow,Resources / Resources from ground,kg,007440-23-5,reference,ILCD/EF background flow (Sphera GaBi dataset, Aluminium profile EN15804 A1-A3).,,
172ad9f9-6556-11dd-ad8b-0800200c9a66,sodium carbonate,ElementaryFlow,Resources / Resources from ground,kg,000497-19-8,reference,ILCD/EF background flow (Sphera GaBi dataset, Aluminium profile EN15804 A1-A3).,,
172ad9fa-6556-11dd-ad8b-0800200c9a66,sodium chloride,ElementaryFlow,Resources / Resources from ground,kg,007647-14-5,reference,ILCD/EF background flow (Sphera GaBi dataset, Aluminium profile EN15804 A1-A3).,,
172b010c-6556-11dd-ad8b-0800200c9a66,sodium nitrate,ElementaryFlow,Resources / Resources from ground,kg,007631-99-4,reference,ILCD/EF background flow (Sphera GaBi dataset, Aluminium profile EN15804 A1-A3).,,
172b0119-6556-11dd-ad8b-0800200c9a66,sodium sulfate,ElementaryFlow,Resources / Resources from ground,kg,007757-82-6,reference,ILCD/EF background flow (Sphera GaBi dataset, Aluminium profile EN15804 A1-A3).,,
172b2803-6556-11dd-ad8b-0800200c9a66,soft wood (dry matter),ElementaryFlow,Resources / Resources from ground,kg,,reference,ILCD/EF background flow (Sphera GaBi dataset, Aluminium profile EN15804 A1-A3).,,
172b2805-6556-11dd-ad8b-0800200c9a66,soil,ElementaryFlow,Resources / Resources from ground,kg,,reference,ILCD/EF background flow (Sphera GaBi dataset, Aluminium profile EN15804 A1-A3).,,
19828f06-534b-4eac-8944-d5cc6bea8da1,5-[2-chloro-4-(trifluoromethyl)phenoxy]-N-(methylsulphonyl)-2-nitrobenzamide,ElementaryFlow,Emissions / Emissions to air,kg,072178-02-0,reference,ILCD/EF background flow (Sphera GaBi dataset, Aluminium profile EN15804 A1-A3).,,
1997e873-51d5-40cf-a997-06620ca1cbf7,formamide,ElementaryFlow,Emissions / Emissions to water,kg,000075-12-7,reference,ILCD/EF background flow (Sphera GaBi dataset, Aluminium profile EN15804 A1-A3).,,
1a00b335-af6e-47db-bc23-012f2c0642ab,to shrub land,ElementaryFlow,Land use / Land transformation,m2,,reference,ILCD/EF background flow (Sphera GaBi dataset, Aluminium profile EN15804 A1-A3).,,
1afb7a07-3a0d-45e3-baa8-d3013042a976,Nitrogen, organic bound,ElementaryFlow,Emissions / Emissions to water,kg,007727-37-9,reference,ILCD/EF background flow (Sphera GaBi dataset, Aluminium profile EN15804 A1-A3).,,
1c6a1585-0329-4134-aa24-b0aca0c5af11,urban/industrial fallow,ElementaryFlow,Land use / Land occupation,m2*a,,reference,ILCD/EF background flow (Sphera GaBi dataset, Aluminium profile EN15804 A1-A3).,,
1dea9abe-eef4-4e7e-9439-fa041242ceb5,traffic area, rail/road embankment,ElementaryFlow,Land use / Land occupation,m2*a,,reference,ILCD/EF background flow (Sphera GaBi dataset, Aluminium profile EN15804 A1-A3).,,
1f308816-6556-11dd-ad8b-0800200c9a66,stone,ElementaryFlow,Resources / Resources from ground,kg,,reference,ILCD/EF background flow (Sphera GaBi dataset, Aluminium profile EN15804 A1-A3).,,
1f308830-6556-11dd-ad8b-0800200c9a66,strontium,ElementaryFlow,Resources / Resources from ground,kg,007440-24-6,reference,ILCD/EF background flow (Sphera GaBi dataset, Aluminium profile EN15804 A1-A3).,,
1f30d646-6556-11dd-ad8b-0800200c9a66,sulfate,ElementaryFlow,Resources / Resources from ground,kg,014808-79-8,reference,ILCD/EF background flow (Sphera GaBi dataset, Aluminium profile EN15804 A1-A3).,,
1f30fd77-6556-11dd-ad8b-0800200c9a66,sulfur,ElementaryFlow,Resources / Resources from ground,kg,007704-34-9,reference,ILCD/EF background flow (Sphera GaBi dataset, Aluminium profile EN15804 A1-A3).,,
1f314b74-6556-11dd-ad8b-0800200c9a66,talc,ElementaryFlow,Resources / Resources from ground,kg,014807-96-6,reference,ILCD/EF background flow (Sphera GaBi dataset, Aluminium profile EN15804 A1-A3).,,
1f314b75-6556-11dd-ad8b-0800200c9a66,tantalum,ElementaryFlow,Resources / Resources from ground,kg,007440-25-7,reference,ILCD/EF background flow (Sphera GaBi dataset, Aluminium profile EN15804 A1-A3).,,
1f31999a-6556-11dd-ad8b-0800200c9a66,tellurium,ElementaryFlow,Resources / Resources from ground,kg,013494-80-9,reference,ILCD/EF background flow (Sphera GaBi dataset, Aluminium profile EN15804 A1-A3).,,
1f31c0ad-6556-11dd-ad8b-0800200c9a66,terbium,ElementaryFlow,Resources / Resources from ground,kg,007440-27-9,reference,ILCD/EF background flow (Sphera GaBi dataset, Aluminium profile EN15804 A1-A3).,,
1f31ed21-37a6-42cc-be50-2418b983a8db,from seabed,ElementaryFlow,Land use / Land transformation,m2,,reference,ILCD/EF background flow (Sphera GaBi dataset, Aluminium profile EN15804 A1-A3).,,
1fc2328b-d860-4aa7-ac27-34aa1cce4f9d,Volume occupied, final repository for low-active radioactive waste,ElementaryFlow,Land use / Land occupation,m3,,reference,ILCD/EF background flow (Sphera GaBi dataset, Aluminium profile EN15804 A1-A3).,,
21ebdac2-4d7a-4645-a50a-46a7c8d5c328,seabed, marine infrastructure,ElementaryFlow,Land use / Land occupation,m2*a,,reference,ILCD/EF background flow (Sphera GaBi dataset, Aluminium profile EN15804 A1-A3).,,
2265c073-5b72-4cee-9d1d-6ec71aa59d61,baryte,ElementaryFlow,Emissions / Emissions to water,kg,007727-43-7,reference,ILCD/EF background flow (Sphera GaBi dataset, Aluminium profile EN15804 A1-A3).,,
23bfd19e-9751-4b06-81f4-93b069a3fd56,nitrogen trifluoride,ElementaryFlow,Emissions / Emissions to air,kg,007783-54-2,reference,ILCD/EF background flow (Sphera GaBi dataset, Aluminium profile EN15804 A1-A3).,,
24e51bc3-7272-4f3e-8d94-c6009a116c89,Waste (deposited),WasteFlow,Wastes / Other waste,kg,,reference,ILCD/EF background flow (Sphera GaBi dataset, Aluminium profile EN15804 A1-A3).,,
256c7700-d975-4e38-b8cf-baa4cd9a2a9b,arsenic V,ElementaryFlow,Emissions / Emissions to air,kg,061805-96-7,reference,ILCD/EF background flow (Sphera GaBi dataset, Aluminium profile EN15804 A1-A3).,,
25a53117-7717-41f6-9085-64b1728c9b0d,from forest,ElementaryFlow,Land use / Land transformation,m2,,reference,ILCD/EF background flow (Sphera GaBi dataset, Aluminium profile EN15804 A1-A3).,,
25d5cc35-2827-4541-9412-fa45c9313bbe,Phosphorus,ElementaryFlow,Emissions / Emissions to water,kg,007723-14-0,reference,ILCD/EF background flow (Sphera GaBi dataset, Aluminium profile EN15804 A1-A3).,,
26fd4ed1-a97f-4be3-a9ea-ca9273b48101,High radioactive waste,WasteFlow,Wastes / Radioactive waste,kg,,reference,ILCD/EF background flow (Sphera GaBi dataset, Aluminium profile EN15804 A1-A3).,,
28e5f69f-7b2e-4e31-9725-d407b2964b3f,to agriculture,ElementaryFlow,Land use / Land transformation,m2,,reference,ILCD/EF background flow (Sphera GaBi dataset, Aluminium profile EN15804 A1-A3).,,
290550ff-6556-11dd-ad8b-0800200c9a66,magnesium,ElementaryFlow,Emissions / Emissions to soil,kg,007439-95-4,reference,ILCD/EF background flow (Sphera GaBi dataset, Aluminium profile EN15804 A1-A3).,,
29055100-6556-11dd-ad8b-0800200c9a66,magnesium,ElementaryFlow,Emissions / Emissions to air,kg,007439-95-4,reference,ILCD/EF background flow (Sphera GaBi dataset, Aluminium profile EN15804 A1-A3).,,
29055103-6556-11dd-ad8b-0800200c9a66,magnesium,ElementaryFlow,Emissions / Emissions to soil,kg,007439-95-4,reference,ILCD/EF background flow (Sphera GaBi dataset, Aluminium profile EN15804 A1-A3).,,
2905780a-6556-11dd-ad8b-0800200c9a66,potassium,ElementaryFlow,Emissions / Emissions to soil,kg,007440-09-7,reference,ILCD/EF background flow (Sphera GaBi dataset, Aluminium profile EN15804 A1-A3).,,
2905780b-6556-11dd-ad8b-0800200c9a66,potassium,ElementaryFlow,Emissions / Emissions to air,kg,007440-09-7,reference,ILCD/EF background flow (Sphera GaBi dataset, Aluminium profile EN15804 A1-A3).,,
2905781b-6556-11dd-ad8b-0800200c9a66,rubidium,ElementaryFlow,Emissions / Emissions to water,kg,007440-17-7,reference,ILCD/EF background flow (Sphera GaBi dataset, Aluminium profile EN15804 A1-A3).,,
29057824-6556-11dd-ad8b-0800200c9a66,sodium,ElementaryFlow,Emissions / Emissions to air,kg,007440-23-5,reference,ILCD/EF background flow (Sphera GaBi dataset, Aluminium profile EN15804 A1-A3).,,
2905782f-6556-11dd-ad8b-0800200c9a66,tungsten,ElementaryFlow,Emissions / Emissions to air,kg,007440-33-7,reference,ILCD/EF background flow (Sphera GaBi dataset, Aluminium profile EN15804 A1-A3).,,
29059f1d-6556-11dd-ad8b-0800200c9a66,boron,ElementaryFlow,Emissions / Emissions to soil,kg,007440-42-8,reference,ILCD/EF background flow (Sphera GaBi dataset, Aluminium profile EN15804 A1-A3).,,
29059f1f-6556-11dd-ad8b-0800200c9a66,boron,ElementaryFlow,Emissions / Emissions to soil,kg,007440-42-8,reference,ILCD/EF background flow (Sphera GaBi dataset, Aluminium profile EN15804 A1-A3).,,
2905c628-6556-11dd-ad8b-0800200c9a66,zirconium,ElementaryFlow,Emissions / Emissions to water,kg,007440-67-7,reference,ILCD/EF background flow (Sphera GaBi dataset, Aluminium profile EN15804 A1-A3).,,
2905c62c-6556-11dd-ad8b-0800200c9a66,calcium,ElementaryFlow,Emissions / Emissions to soil,kg,007440-70-2,reference,ILCD/EF background flow (Sphera GaBi dataset, Aluminium profile EN15804 A1-A3).,,
2905c62d-6556-11dd-ad8b-0800200c9a66,calcium,ElementaryFlow,Emissions / Emissions to air,kg,007440-70-2,reference,ILCD/EF background flow (Sphera GaBi dataset, Aluminium profile EN15804 A1-A3).,,
2905c658-6556-11dd-ad8b-0800200c9a66,sulfur,ElementaryFlow,Emissions / Emissions to air,kg,007704-34-9,reference,ILCD/EF background flow (Sphera GaBi dataset, Aluminium profile EN15804 A1-A3).,,
2906145c-6556-11dd-ad8b-0800200c9a66,tar,ElementaryFlow,Emissions / Emissions to water,kg,008007-45-2,reference,ILCD/EF background flow (Sphera GaBi dataset, Aluminium profile EN15804 A1-A3).,,
29066274-6556-11dd-ad8b-0800200c9a66,acid (as H+),ElementaryFlow,Emissions / Emissions to air,kg,012408-02-5,reference,ILCD/EF background flow (Sphera GaBi dataset, Aluminium profile EN15804 A1-A3).,,
29066277-6556-11dd-ad8b-0800200c9a66,acid (as H+),ElementaryFlow,Emissions / Emissions to soil,kg,012408-02-5,reference,ILCD/EF background flow (Sphera GaBi dataset, Aluminium profile EN15804 A1-A3).,,
29066294-6556-11dd-ad8b-0800200c9a66,thulium,ElementaryFlow,Resources / Resources from ground,kg,007440-30-4,reference,ILCD/EF background flow (Sphera GaBi dataset, Aluminium profile EN15804 A1-A3).,,
29068976-6556-11dd-ad8b-0800200c9a66,tin,ElementaryFlow,Resources / Resources from ground,kg,007440-31-5,reference,ILCD/EF background flow (Sphera GaBi dataset, Aluminium profile EN15804 A1-A3).,,
2906898f-6556-11dd-ad8b-0800200c9a66,titanium,ElementaryFlow,Resources / Resources from ground,kg,007440-32-6,reference,ILCD/EF background flow (Sphera GaBi dataset, Aluminium profile EN15804 A1-A3).,,
29f91915-f685-4315-9f01-5a86385d5a73,1,1'-dimethyl-4,4'-bipyridinium,ElementaryFlow,Emissions / Emissions to air,kg,004685-14-7,reference,ILCD/EF background flow (Sphera GaBi dataset, Aluminium profile EN15804 A1-A3).,,
2a240c57-b782-4745-943b-0602d7a953c4,Water (rain water),ElementaryFlow,Resources / Resources from water,kg,007732-18-5,reference,ILCD/EF background flow (Sphera GaBi dataset, Aluminium profile EN15804 A1-A3).,,
2a3e2ad5-c622-49a7-823f-377fe32a634c,to seabed, marine infrastructure,ElementaryFlow,Land use / Land transformation,m2,,reference,ILCD/EF background flow (Sphera GaBi dataset, Aluminium profile EN15804 A1-A3).,,
2abdec35-e00d-4760-842c-e63403507b1d,from industrial area,ElementaryFlow,Land use / Land transformation,m2,,reference,ILCD/EF background flow (Sphera GaBi dataset, Aluminium profile EN15804 A1-A3).,,
2b3c5dac-4f82-423b-9d8d-678c79d0a1a4,imidacloprid,ElementaryFlow,Emissions / Emissions to air,kg,138261-41-3,reference,ILCD/EF background flow (Sphera GaBi dataset, Aluminium profile EN15804 A1-A3).,,
2de36d9f-313b-4fb1-8060-676eecbfec29,construction site,ElementaryFlow,Land use / Land occupation,m2*a,,reference,ILCD/EF background flow (Sphera GaBi dataset, Aluminium profile EN15804 A1-A3).,,
2e075748-5774-4744-b515-ec7723b8abe5,thiophanate-methyl,ElementaryFlow,Emissions / Emissions to soil,kg,023564-05-8,reference,ILCD/EF background flow (Sphera GaBi dataset, Aluminium profile EN15804 A1-A3).,,
2e66fbde-9a63-4e65-ba91-b0f80efbd740,Iron oxide,ElementaryFlow,Emissions / Emissions to air,kg,001332-37-2,reference,ILCD/EF background flow (Sphera GaBi dataset, Aluminium profile EN15804 A1-A3).,,
2f044334-11c9-47a2-a440-678c2da52113,sodium methylarsonate,ElementaryFlow,Emissions / Emissions to soil,kg,002163-80-6,reference,ILCD/EF background flow (Sphera GaBi dataset, Aluminium profile EN15804 A1-A3).,,
2f8cc78f-7f63-4b5c-9010-70a847737d23,to industrial area,ElementaryFlow,Land use / Land transformation,m2,,reference,ILCD/EF background flow (Sphera GaBi dataset, Aluminium profile EN15804 A1-A3).,,
309b272a-6773-4abe-9a8a-6fb539944d1b,Pit Methane,ElementaryFlow,Resources / Resources from ground,MJ,,reference,ILCD/EF background flow (Sphera GaBi dataset, Aluminium profile EN15804 A1-A3).,,
328c053e-62db-4d87-97c6-1a1cd2a44f6c,Dissolved solids,ElementaryFlow,Emissions / Emissions to water,kg,,reference,ILCD/EF background flow (Sphera GaBi dataset, Aluminium profile EN15804 A1-A3).,,
32cbe900-6556-11dd-ad8b-0800200c9a66,niobium-95,ElementaryFlow,Emissions / Emissions to water,kBq,013967-76-5,reference,ILCD/EF background flow (Sphera GaBi dataset, Aluminium profile EN15804 A1-A3).,,
32cc854d-6556-11dd-ad8b-0800200c9a66,antimony-125,ElementaryFlow,Emissions / Emissions to air,kBq,014234-35-6,reference,ILCD/EF background flow (Sphera GaBi dataset, Aluminium profile EN15804 A1-A3).,,
32cc855e-6556-11dd-ad8b-0800200c9a66,antimony-125,ElementaryFlow,Emissions / Emissions to water,kBq,014234-35-6,reference,ILCD/EF background flow (Sphera GaBi dataset, Aluminium profile EN15804 A1-A3).,,
32ccfaa4-6556-11dd-ad8b-0800200c9a66,nitrate,ElementaryFlow,Emissions / Emissions to soil,kg,014797-55-8,reference,ILCD/EF background flow (Sphera GaBi dataset, Aluminium profile EN15804 A1-A3).,,
32e9ce57-5c64-44fe-ba5f-e29adb467eb7,from grassland/pasture/meadow,ElementaryFlow,Land use / Land transformation,m2,,reference,ILCD/EF background flow (Sphera GaBi dataset, Aluminium profile EN15804 A1-A3).,,
343c6bab-3b25-4d43-ba73-e2b3cd413fc4,acetyl chloride,ElementaryFlow,Emissions / Emissions to water,kg,000075-36-5,reference,ILCD/EF background flow (Sphera GaBi dataset, Aluminium profile EN15804 A1-A3).,,
34fecb71-9f94-482b-90d0-67fc9708f0c7,arsenic V,ElementaryFlow,Emissions / Emissions to soil,kg,061805-96-7,reference,ILCD/EF background flow (Sphera GaBi dataset, Aluminium profile EN15804 A1-A3).,,
3532faf2-c192-4f25-8151-121c388e293f,Tantalum,ElementaryFlow,Emissions / Emissions to water,kg,007440-25-7,reference,ILCD/EF background flow (Sphera GaBi dataset, Aluminium profile EN15804 A1-A3).,,
37b2391c-6d90-4ef3-be80-df3d114cface,from arable, non-irrigated, intensive,ElementaryFlow,Land use / Land transformation,m2,,reference,ILCD/EF background flow (Sphera GaBi dataset, Aluminium profile EN15804 A1-A3).,,
37c63eed-fdfd-4601-9756-7094d4c9f381,to forest,ElementaryFlow,Land use / Land transformation,m2,,reference,ILCD/EF background flow (Sphera GaBi dataset, Aluminium profile EN15804 A1-A3).,,
39f017d4-14b0-44c2-93c6-ed6bf28332a8,arable, irrigated, intensive,ElementaryFlow,Land use / Land occupation,m2*a,,reference,ILCD/EF background flow (Sphera GaBi dataset, Aluminium profile EN15804 A1-A3).,,
3ade2877-ae91-4107-bbf0-cb9291ebbe10,ground water high scarcity,ElementaryFlow,Resources / Resources from water,kg,007732-18-5,reference,ILCD/EF background flow (Sphera GaBi dataset, Aluminium profile EN15804 A1-A3).,,
3b9ccd9f-1dd3-48ad-b444-b08fb5a63a89,to arable, non-irrigated, intensive,ElementaryFlow,Land use / Land transformation,m2,,reference,ILCD/EF background flow (Sphera GaBi dataset, Aluminium profile EN15804 A1-A3).,,
3c4b0e5d-6500-4ada-9a2c-58e43ac96500,Slag (deposited),WasteFlow,Wastes / Other waste,kg,,reference,ILCD/EF background flow (Sphera GaBi dataset, Aluminium profile EN15804 A1-A3).,,
3d6ecf59-2f58-40a9-a385-fcfd8dac0b24,to wetlands,ElementaryFlow,Land use / Land transformation,m2,,reference,ILCD/EF background flow (Sphera GaBi dataset, Aluminium profile EN15804 A1-A3).,,
3e4c8d3d-6556-11dd-ad8b-0800200c9a66,chloride,ElementaryFlow,Emissions / Emissions to soil,kg,016887-00-6,reference,ILCD/EF background flow (Sphera GaBi dataset, Aluminium profile EN15804 A1-A3).,,
3e4cdb4a-6556-11dd-ad8b-0800200c9a66,bromide,ElementaryFlow,Emissions / Emissions to water,kg,024959-67-9,reference,ILCD/EF background flow (Sphera GaBi dataset, Aluminium profile EN15804 A1-A3).,,
3e4d2966-6556-11dd-ad8b-0800200c9a66,uranium,ElementaryFlow,Resources / Resources from ground,MJ,007440-61-1,reference,ILCD/EF background flow (Sphera GaBi dataset, Aluminium profile EN15804 A1-A3).,,
3e4d5086-6556-11dd-ad8b-0800200c9a66,vanadium,ElementaryFlow,Resources / Resources from ground,kg,007440-62-2,reference,ILCD/EF background flow (Sphera GaBi dataset, Aluminium profile EN15804 A1-A3).,,
3e4d9e9e-6556-11dd-ad8b-0800200c9a66,water,ElementaryFlow,Resources / Resources from water,m3,007732-18-5,reference,ILCD/EF background flow (Sphera GaBi dataset, Aluminium profile EN15804 A1-A3).,,
3e4d9eab-6556-11dd-ad8b-0800200c9a66,wood,ElementaryFlow,Resources / Resources from biosphere,MJ,,reference,ILCD/EF background flow (Sphera GaBi dataset, Aluminium profile EN15804 A1-A3).,,
3e4d9ec3-6556-11dd-ad8b-0800200c9a66,fluazifop-p-butyl,ElementaryFlow,Emissions / Emissions to air,kg,079241-46-6,reference,ILCD/EF background flow (Sphera GaBi dataset, Aluminium profile EN15804 A1-A3).,,
3f1a4ec2-da1d-408d-86e1-86e2ad0027cd,Nitrogen, organic bound,ElementaryFlow,Emissions / Emissions to water,kg,007727-37-9,reference,ILCD/EF background flow (Sphera GaBi dataset, Aluminium profile EN15804 A1-A3).,,
4100af2f-b518-4469-b1a2-6489b2f376fa,C12-14 fatty alcohol,ElementaryFlow,Emissions / Emissions to air,kg,,reference,ILCD/EF background flow (Sphera GaBi dataset, Aluminium profile EN15804 A1-A3).,,
42378359-15eb-4e60-8f72-b796b9d71e69,urban, green areas,ElementaryFlow,Land use / Land occupation,m2*a,,reference,ILCD/EF background flow (Sphera GaBi dataset, Aluminium profile EN15804 A1-A3).,,
444a6038-6b9e-400a-8a3b-3f14335b26bd,Silicon dioxide,ElementaryFlow,Emissions / Emissions to water,kg,7631-86-9,reference,ILCD/EF background flow (Sphera GaBi dataset, Aluminium profile EN15804 A1-A3).,,
465e8306-30d7-4ff1-9ad5-6e866f91878d,Demolition waste (deposited),WasteFlow,Wastes / Other waste,kg,,reference,ILCD/EF background flow (Sphera GaBi dataset, Aluminium profile EN15804 A1-A3).,,
475cd1a9-40d9-4033-acd6-7019d447c08b,flumioxazin,ElementaryFlow,Emissions / Emissions to air,kg,103361-09-7,reference,ILCD/EF background flow (Sphera GaBi dataset, Aluminium profile EN15804 A1-A3).,,
478f031d-d257-4036-ad59-9b5eaefc244a,isopropylamine,ElementaryFlow,Emissions / Emissions to water,kg,000075-31-0,reference,ILCD/EF background flow (Sphera GaBi dataset, Aluminium profile EN15804 A1-A3).,,
480adafc-57e5-4bcf-b8c4-4d95f82664c3,propylamine,ElementaryFlow,Emissions / Emissions to air,kg,000107-10-8,reference,ILCD/EF background flow (Sphera GaBi dataset, Aluminium profile EN15804 A1-A3).,,
4a227586-270a-4b07-9f15-79da640bec83,to traffic area, road network,ElementaryFlow,Land use / Land transformation,m2,,reference,ILCD/EF background flow (Sphera GaBi dataset, Aluminium profile EN15804 A1-A3).,,
4b92881b-d03e-49e3-9c7a-25284b61bfa9,Clean gas,ElementaryFlow,Emissions / Emissions to air,kg,,reference,ILCD/EF background flow (Sphera GaBi dataset, Aluminium profile EN15804 A1-A3).,,
4c2c923e-656f-425a-a314-4b56a96f2edc,carfentrazone-ethyl,ElementaryFlow,Emissions / Emissions to air,kg,128639-02-1,reference,ILCD/EF background flow (Sphera GaBi dataset, Aluminium profile EN15804 A1-A3).,,
4d6b199c-dbe6-46a8-969c-e7e36d6175b4,clethodim,ElementaryFlow,Emissions / Emissions to air,kg,099129-21-2,reference,ILCD/EF background flow (Sphera GaBi dataset, Aluminium profile EN15804 A1-A3).,,
4d9a8790-3ddd-11dd-8d10-0050c2490048,cyprodinil,ElementaryFlow,Emissions / Emissions to air,kg,121552-61-2,reference,ILCD/EF background flow (Sphera GaBi dataset, Aluminium profile EN15804 A1-A3).,,
4d9a8790-3ddd-11dd-8d68-0050c2490048,nitrate,ElementaryFlow,Emissions / Emissions to water,kg,014797-55-8,reference,ILCD/EF background flow (Sphera GaBi dataset, Aluminium profile EN15804 A1-A3).,,
4d9a8790-3ddd-11dd-8daa-0050c2490048,undecane,ElementaryFlow,Emissions / Emissions to air,kg,001120-21-4,reference,ILCD/EF background flow (Sphera GaBi dataset, Aluminium profile EN15804 A1-A3).,,
4d9a8790-3ddd-11dd-8daf-0050c2490048,uranium-234,ElementaryFlow,Emissions / Emissions to air,kBq,013966-29-5,reference,ILCD/EF background flow (Sphera GaBi dataset, Aluminium profile EN15804 A1-A3).,,
4d9a8790-3ddd-11dd-8db4-0050c2490048,uranium-238,ElementaryFlow,Emissions / Emissions to water,kBq,007440-61-1,reference,ILCD/EF background flow (Sphera GaBi dataset, Aluminium profile EN15804 A1-A3).,,
4d9a8790-3ddd-11dd-8db7-0050c2490048,uranium-238,ElementaryFlow,Emissions / Emissions to water,kBq,007440-61-1,reference,ILCD/EF background flow (Sphera GaBi dataset, Aluminium profile EN15804 A1-A3).,,
4d9a8790-3ddd-11dd-8db8-0050c2490048,vanadium,ElementaryFlow,Emissions / Emissions to soil,kg,007440-62-2,reference,ILCD/EF background flow (Sphera GaBi dataset, Aluminium profile EN15804 A1-A3).,,
4d9a8790-3ddd-11dd-8dba-0050c2490048,vanadium,ElementaryFlow,Emissions / Emissions to air,kg,007440-62-2,reference,ILCD/EF background flow (Sphera GaBi dataset, Aluminium profile EN15804 A1-A3).,,
4d9a8790-3ddd-11dd-8dbe-0050c2490048,vanadium,ElementaryFlow,Emissions / Emissions to water,kg,007440-62-2,reference,ILCD/EF background flow (Sphera GaBi dataset, Aluminium profile EN15804 A1-A3).,,
4d9a8790-3ddd-11dd-8dc1-0050c2490048,vanadium,ElementaryFlow,Emissions / Emissions to soil,kg,007440-62-2,reference,ILCD/EF background flow (Sphera GaBi dataset, Aluminium profile EN15804 A1-A3).,,
4d9a8790-3ddd-11dd-8dc2-0050c2490048,vanadium,ElementaryFlow,Emissions / Emissions to water,kg,007440-62-2,reference,ILCD/EF background flow (Sphera GaBi dataset, Aluminium profile EN15804 A1-A3).,,
4d9a8790-3ddd-11dd-8dc4-0050c2490048,vinyl acetate,ElementaryFlow,Emissions / Emissions to air,kg,000108-05-4,reference,ILCD/EF background flow (Sphera GaBi dataset, Aluminium profile EN15804 A1-A3).,,
4d9a8790-3ddd-11dd-8de0-0050c2490048,bromine,ElementaryFlow,Emissions / Emissions to air,kg,007726-95-6,reference,ILCD/EF background flow (Sphera GaBi dataset, Aluminium profile EN15804 A1-A3).,,
4d9a8790-3ddd-11dd-8de4-0050c2490048,bromine,ElementaryFlow,Emissions / Emissions to water,kg,007726-95-6,reference,ILCD/EF background flow (Sphera GaBi dataset, Aluminium profile EN15804 A1-A3).,,
4d9a8790-3ddd-11dd-8de7-0050c2490048,bromine,ElementaryFlow,Emissions / Emissions to water,kg,007726-95-6,reference,ILCD/EF background flow (Sphera GaBi dataset, Aluminium profile EN15804 A1-A3).,,
4d9a8790-3ddd-11dd-8de8-0050c2490048,bromine,ElementaryFlow,Resources / Resources from ground,kg,007726-95-6,reference,ILCD/EF background flow (Sphera GaBi dataset, Aluminium profile EN15804 A1-A3).,,
4d9a8790-3ddd-11dd-8e08-0050c2490048,flutolanil,ElementaryFlow,Emissions / Emissions to soil,kg,066332-96-5,reference,ILCD/EF background flow (Sphera GaBi dataset, Aluminium profile EN15804 A1-A3).,,
4d9a8790-3ddd-11dd-8e0a-0050c2490048,flutolanil,ElementaryFlow,Emissions / Emissions to air,kg,066332-96-5,reference,ILCD/EF background flow (Sphera GaBi dataset, Aluminium profile EN15804 A1-A3).,,
4d9a8790-3ddd-11dd-8e28-0050c2490048,aniline,ElementaryFlow,Emissions / Emissions to air,kg,000062-53-3,reference,ILCD/EF background flow (Sphera GaBi dataset, Aluminium profile EN15804 A1-A3).,,
4d9a8790-3ddd-11dd-8e7d-0050c2490048,total organic carbon,ElementaryFlow,Emissions / Emissions to water,kg,,reference,ILCD/EF background flow (Sphera GaBi dataset, Aluminium profile EN15804 A1-A3).,,
4d9a8790-3ddd-11dd-8e80-0050c2490048,total organic carbon,ElementaryFlow,Emissions / Emissions to water,kg,,reference,ILCD/EF background flow (Sphera GaBi dataset, Aluminium profile EN15804 A1-A3).,,
4d9a8790-3ddd-11dd-8e84-0050c2490048,endothall,ElementaryFlow,Emissions / Emissions to soil,kg,000145-73-3,reference,ILCD/EF background flow (Sphera GaBi dataset, Aluminium profile EN15804 A1-A3).,,
4d9a8790-3ddd-11dd-8eba-0050c2490048,tridecane,ElementaryFlow,Emissions / Emissions to air,kg,000629-50-5,reference,ILCD/EF background flow (Sphera GaBi dataset, Aluminium profile EN15804 A1-A3).,,
4d9a8790-3ddd-11dd-8efc-0050c2490048,dimethenamid,ElementaryFlow,Emissions / Emissions to soil,kg,087674-68-8,reference,ILCD/EF background flow (Sphera GaBi dataset, Aluminium profile EN15804 A1-A3).,,
4d9a8790-3ddd-11dd-8efe-0050c2490048,dimethenamid,ElementaryFlow,Emissions / Emissions to air,kg,087674-68-8,reference,ILCD/EF background flow (Sphera GaBi dataset, Aluminium profile EN15804 A1-A3).,,
4d9a8790-3ddd-11dd-8f02-0050c2490048,dimethenamid,ElementaryFlow,Emissions / Emissions to water,kg,087674-68-8,reference,ILCD/EF background flow (Sphera GaBi dataset, Aluminium profile EN15804 A1-A3).,,
4d9a8790-3ddd-11dd-8f52-0050c2490048,mecoprop,ElementaryFlow,Emissions / Emissions to air,kg,000093-65-2,reference,ILCD/EF background flow (Sphera GaBi dataset, Aluminium profile EN15804 A1-A3).,,
4d9a8790-3ddd-11dd-8f53-0050c2490048,cresol,ElementaryFlow,Emissions / Emissions to water,kg,001319-77-3,reference,ILCD/EF background flow (Sphera GaBi dataset, Aluminium profile EN15804 A1-A3).,,
4d9a8790-3ddd-11dd-8f56-0050c2490048,cresol,ElementaryFlow,Emissions / Emissions to water,kg,001319-77-3,reference,ILCD/EF background flow (Sphera GaBi dataset, Aluminium profile EN15804 A1-A3).,,
4d9a8790-3ddd-11dd-8f57-0050c2490048,m-cresol,ElementaryFlow,Emissions / Emissions to air,kg,000108-39-4,reference,ILCD/EF background flow (Sphera GaBi dataset, Aluminium profile EN15804 A1-A3).,,
4d9a8790-3ddd-11dd-8fb8-0050c2490048,ethalfluralin,ElementaryFlow,Emissions / Emissions to soil,kg,055283-68-6,reference,ILCD/EF background flow (Sphera GaBi dataset, Aluminium profile EN15804 A1-A3).,,
4d9a8790-3ddd-11dd-8fd0-0050c2490048,chromium III,ElementaryFlow,Emissions / Emissions to water,kg,016065-83-1,reference,ILCD/EF background flow (Sphera GaBi dataset, Aluminium profile EN15804 A1-A3).,,
4d9a8790-3ddd-11dd-8fd3-0050c2490048,chromium III,ElementaryFlow,Emissions / Emissions to soil,kg,016065-83-1,reference,ILCD/EF background flow (Sphera GaBi dataset, Aluminium profile EN15804 A1-A3).,,
4d9a8790-3ddd-11dd-8fd4-0050c2490048,chromium III,ElementaryFlow,Emissions / Emissions to water,kg,016065-83-1,reference,ILCD/EF background flow (Sphera GaBi dataset, Aluminium profile EN15804 A1-A3).,,
4d9a8790-3ddd-11dd-8fd7-0050c2490048,chromium VI,ElementaryFlow,Emissions / Emissions to water,kg,018540-29-9,reference,ILCD/EF background flow (Sphera GaBi dataset, Aluminium profile EN15804 A1-A3).,,
4d9a8790-3ddd-11dd-902f-0050c2490048,diflufenican,ElementaryFlow,Emissions / Emissions to soil,kg,083164-33-4,reference,ILCD/EF background flow (Sphera GaBi dataset, Aluminium profile EN15804 A1-A3).,,
4d9a8790-3ddd-11dd-9031-0050c2490048,diflufenican,ElementaryFlow,Emissions / Emissions to air,kg,083164-33-4,reference,ILCD/EF background flow (Sphera GaBi dataset, Aluminium profile EN15804 A1-A3).,,
4d9a8790-3ddd-11dd-9035-0050c2490048,diflufenican,ElementaryFlow,Emissions / Emissions to water,kg,083164-33-4,reference,ILCD/EF background flow (Sphera GaBi dataset, Aluminium profile EN15804 A1-A3).,,
4d9a8790-3ddd-11dd-9057-0050c2490048,chlorimuron-ethyl,ElementaryFlow,Emissions / Emissions to soil,kg,090982-32-4,reference,ILCD/EF background flow (Sphera GaBi dataset, Aluminium profile EN15804 A1-A3).,,
4d9a8790-3ddd-11dd-9059-0050c2490048,chlorimuron-ethyl,ElementaryFlow,Emissions / Emissions to air,kg,090982-32-4,reference,ILCD/EF background flow (Sphera GaBi dataset, Aluminium profile EN15804 A1-A3).,,
4d9a8790-3ddd-11dd-9062-0050c2490048,dodecafluoropentane,ElementaryFlow,Emissions / Emissions to air,kg,000678-26-2,reference,ILCD/EF background flow (Sphera GaBi dataset, Aluminium profile EN15804 A1-A3).,,
4d9a8790-3ddd-11dd-9066-0050c2490048,sulfide,ElementaryFlow,Emissions / Emissions to water,kg,018496-25-8,reference,ILCD/EF background flow (Sphera GaBi dataset, Aluminium profile EN15804 A1-A3).,,
4d9a8790-3ddd-11dd-9069-0050c2490048,sulfide,ElementaryFlow,Emissions / Emissions to water,kg,018496-25-8,reference,ILCD/EF background flow (Sphera GaBi dataset, Aluminium profile EN15804 A1-A3).,,
4d9a8790-3ddd-11dd-907b-0050c2490048,2-methylpentane,ElementaryFlow,Emissions / Emissions to air,kg,000107-83-5,reference,ILCD/EF background flow (Sphera GaBi dataset, Aluminium profile EN15804 A1-A3).,,
4d9a8790-3ddd-11dd-9098-0050c2490048,para-cresol,ElementaryFlow,Emissions / Emissions to air,kg,000106-44-5,reference,ILCD/EF background flow (Sphera GaBi dataset, Aluminium profile EN15804 A1-A3).,,
4d9a8790-3ddd-11dd-909d-0050c2490048,parathion,ElementaryFlow,Emissions / Emissions to soil,kg,000056-38-2,reference,ILCD/EF background flow (Sphera GaBi dataset, Aluminium profile EN15804 A1-A3).,,
4d9a8790-3ddd-11dd-90e8-0050c2490048,fenvalerate,ElementaryFlow,Emissions / Emissions to air,kg,051630-58-1,reference,ILCD/EF background flow (Sphera GaBi dataset, Aluminium profile EN15804 A1-A3).,,
4d9a8790-3ddd-11dd-9105-0050c2490048,flufenacet,ElementaryFlow,Emissions / Emissions to soil,kg,142459-58-3,reference,ILCD/EF background flow (Sphera GaBi dataset, Aluminium profile EN15804 A1-A3).,,
4d9a8790-3ddd-11dd-9107-0050c2490048,flufenacet,ElementaryFlow,Emissions / Emissions to air,kg,142459-58-3,reference,ILCD/EF background flow (Sphera GaBi dataset, Aluminium profile EN15804 A1-A3).,,
4d9a8790-3ddd-11dd-910f-0050c2490048,flumiclorac-pentyl,ElementaryFlow,Emissions / Emissions to soil,kg,087546-18-7,reference,ILCD/EF background flow (Sphera GaBi dataset, Aluminium profile EN15804 A1-A3).,,
4d9a8790-3ddd-11dd-9111-0050c2490048,flumiclorac-pentyl,ElementaryFlow,Emissions / Emissions to air,kg,087546-18-7,reference,ILCD/EF background flow (Sphera GaBi dataset, Aluminium profile EN15804 A1-A3).,,
4d9a8790-3ddd-11dd-911f-0050c2490048,acetylene,ElementaryFlow,Emissions / Emissions to air,kg,000074-86-2,reference,ILCD/EF background flow (Sphera GaBi dataset, Aluminium profile EN15804 A1-A3).,,
4d9a8790-3ddd-11dd-9124-0050c2490048,europium,ElementaryFlow,Resources / Resources from ground,kg,007440-53-1,reference,ILCD/EF background flow (Sphera GaBi dataset, Aluminium profile EN15804 A1-A3).,,
4d9a8790-3ddd-11dd-9125-0050c2490048,feldspar,ElementaryFlow,Resources / Resources from ground,kg,012168-80-8,reference,ILCD/EF background flow (Sphera GaBi dataset, Aluminium profile EN15804 A1-A3).,,
4d9a8790-3ddd-11dd-9134-0050c2490048,difenoconazole,ElementaryFlow,Emissions / Emissions to soil,kg,119446-68-3,reference,ILCD/EF background flow (Sphera GaBi dataset, Aluminium profile EN15804 A1-A3).,,
4d9a8790-3ddd-11dd-91a5-0050c2490048,lasso,ElementaryFlow,Emissions / Emissions to water,kg,015972-60-8,reference,ILCD/EF background flow (Sphera GaBi dataset, Aluminium profile EN15804 A1-A3).,,
4d9a8790-3ddd-11dd-91dc-0050c2490048,lead,ElementaryFlow,Emissions / Emissions to air,kg,007439-92-1,reference,ILCD/EF background flow (Sphera GaBi dataset, Aluminium profile EN15804 A1-A3).,,
4d9a8790-3ddd-11dd-91e0-0050c2490048,lead,ElementaryFlow,Emissions / Emissions to water,kg,007439-92-1,reference,ILCD/EF background flow (Sphera GaBi dataset, Aluminium profile EN15804 A1-A3).,,
4d9a8790-3ddd-11dd-91e3-0050c2490048,lead,ElementaryFlow,Emissions / Emissions to soil,kg,007439-92-1,reference,ILCD/EF background flow (Sphera GaBi dataset, Aluminium profile EN15804 A1-A3).,,
4d9a8790-3ddd-11dd-91e4-0050c2490048,lead,ElementaryFlow,Emissions / Emissions to water,kg,007439-92-1,reference,ILCD/EF background flow (Sphera GaBi dataset, Aluminium profile EN15804 A1-A3).,,
4d9a8790-3ddd-11dd-91e5-0050c2490048,lead-210,ElementaryFlow,Emissions / Emissions to air,kBq,014255-04-0,reference,ILCD/EF background flow (Sphera GaBi dataset, Aluminium profile EN15804 A1-A3).,,
4d9a8790-3ddd-11dd-920e-0050c2490048,chlorothalonil,ElementaryFlow,Emissions / Emissions to soil,kg,001897-45-6,reference,ILCD/EF background flow (Sphera GaBi dataset, Aluminium profile EN15804 A1-A3).,,
4d9a8790-3ddd-11dd-9210-0050c2490048,chlorothalonil,ElementaryFlow,Emissions / Emissions to air,kg,001897-45-6,reference,ILCD/EF background flow (Sphera GaBi dataset, Aluminium profile EN15804 A1-A3).,,
4d9a8790-3ddd-11dd-9214-0050c2490048,chlorothalonil,ElementaryFlow,Emissions / Emissions to water,kg,001897-45-6,reference,ILCD/EF background flow (Sphera GaBi dataset, Aluminium profile EN15804 A1-A3).,,
4d9a8790-3ddd-11dd-9219-0050c2490048,ethane,ElementaryFlow,Emissions / Emissions to air,kg,000074-84-0,reference,ILCD/EF background flow (Sphera GaBi dataset, Aluminium profile EN15804 A1-A3).,,
4d9a8790-3ddd-11dd-9237-0050c2490048,hydrogen peroxide,ElementaryFlow,Emissions / Emissions to air,kg,007722-84-1,reference,ILCD/EF background flow (Sphera GaBi dataset, Aluminium profile EN15804 A1-A3).,,
4d9a8790-3ddd-11dd-9246-0050c2490048,acetochlor,ElementaryFlow,Emissions / Emissions to soil,kg,034256-82-1,reference,ILCD/EF background flow (Sphera GaBi dataset, Aluminium profile EN15804 A1-A3).,,
4d9a8790-3ddd-11dd-9248-0050c2490048,acetochlor,ElementaryFlow,Emissions / Emissions to air,kg,034256-82-1,reference,ILCD/EF background flow (Sphera GaBi dataset, Aluminium profile EN15804 A1-A3).,,
4d9a8790-3ddd-11dd-924c-0050c2490048,acetochlor,ElementaryFlow,Emissions / Emissions to water,kg,034256-82-1,reference,ILCD/EF background flow (Sphera GaBi dataset, Aluminium profile EN15804 A1-A3).,,
4d9a8790-3ddd-11dd-9266-0050c2490048,strontium,ElementaryFlow,Emissions / Emissions to soil,kg,007440-24-6,reference,ILCD/EF background flow (Sphera GaBi dataset, Aluminium profile EN15804 A1-A3).,,
4d9a8790-3ddd-11dd-9267-0050c2490048,strontium,ElementaryFlow,Emissions / Emissions to water,kg,007440-24-6,reference,ILCD/EF background flow (Sphera GaBi dataset, Aluminium profile EN15804 A1-A3).,,
4d9a8790-3ddd-11dd-9269-0050c2490048,strontium-89,ElementaryFlow,Emissions / Emissions to water,kBq,014158-27-1,reference,ILCD/EF background flow (Sphera GaBi dataset, Aluminium profile EN15804 A1-A3).,,
4d9a8790-3ddd-11dd-926c-0050c2490048,strontium-90,ElementaryFlow,Emissions / Emissions to water,kBq,010098-97-2,reference,ILCD/EF background flow (Sphera GaBi dataset, Aluminium profile EN15804 A1-A3).,,
4d9a8790-3ddd-11dd-9272-0050c2490048,acifluorfen,ElementaryFlow,Emissions / Emissions to soil,kg,050594-66-6,reference,ILCD/EF background flow (Sphera GaBi dataset, Aluminium profile EN15804 A1-A3).,,
4d9a8790-3ddd-11dd-9274-0050c2490048,acifluorfen,ElementaryFlow,Emissions / Emissions to air,kg,050594-66-6,reference,ILCD/EF background flow (Sphera GaBi dataset, Aluminium profile EN15804 A1-A3).,,
4d9a8790-3ddd-11dd-92d7-0050c2490048,amidosulfuron,ElementaryFlow,Emissions / Emissions to soil,kg,120923-37-7,reference,ILCD/EF background flow (Sphera GaBi dataset, Aluminium profile EN15804 A1-A3).,,
4d9a8790-3ddd-11dd-92e2-0050c2490048,imazamox,ElementaryFlow,Emissions / Emissions to soil,kg,114311-32-9,reference,ILCD/EF background flow (Sphera GaBi dataset, Aluminium profile EN15804 A1-A3).,,
4d9a8790-3ddd-11dd-92e4-0050c2490048,imazamox,ElementaryFlow,Emissions / Emissions to air,kg,114311-32-9,reference,ILCD/EF background flow (Sphera GaBi dataset, Aluminium profile EN15804 A1-A3).,,
4d9a8790-3ddd-11dd-9301-0050c2490048,trichlorofon,ElementaryFlow,Emissions / Emissions to air,kg,000052-68-6,reference,ILCD/EF background flow (Sphera GaBi dataset, Aluminium profile EN15804 A1-A3).,,
4d9a8790-3ddd-11dd-9305-0050c2490048,trichlorofon,ElementaryFlow,Emissions / Emissions to water,kg,000052-68-6,reference,ILCD/EF background flow (Sphera GaBi dataset, Aluminium profile EN15804 A1-A3).,,
4d9a8790-3ddd-11dd-9355-0050c2490048,isobutane,ElementaryFlow,Emissions / Emissions to air,kg,000075-28-5,reference,ILCD/EF background flow (Sphera GaBi dataset, Aluminium profile EN15804 A1-A3).,,
4d9a8790-3ddd-11dd-9389-0050c2490048,deltamethrin,ElementaryFlow,Emissions / Emissions to air,kg,052918-63-5,reference,ILCD/EF background flow (Sphera GaBi dataset, Aluminium profile EN15804 A1-A3).,,
4d9a8790-3ddd-11dd-938d-0050c2490048,deltamethrin,ElementaryFlow,Emissions / Emissions to water,kg,052918-63-5,reference,ILCD/EF background flow (Sphera GaBi dataset, Aluminium profile EN15804 A1-A3).,,
4d9a8790-3ddd-11dd-93da-0050c2490048,MCPB,ElementaryFlow,Emissions / Emissions to soil,kg,000094-81-5,reference,ILCD/EF background flow (Sphera GaBi dataset, Aluminium profile EN15804 A1-A3).,,
4d9a8790-3ddd-11dd-9444-0050c2490048,chloride,ElementaryFlow,Emissions / Emissions to air,kg,016887-00-6,reference,ILCD/EF background flow (Sphera GaBi dataset, Aluminium profile EN15804 A1-A3).,,
4d9a8790-3ddd-11dd-9448-0050c2490048,zinc oxide,ElementaryFlow,Emissions / Emissions to air,kg,001314-13-2,reference,ILCD/EF background flow (Sphera GaBi dataset, Aluminium profile EN15804 A1-A3).,,
4d9a8790-3ddd-11dd-944c-0050c2490048,sulfate,ElementaryFlow,Emissions / Emissions to air,kg,014808-79-8,reference,ILCD/EF background flow (Sphera GaBi dataset, Aluminium profile EN15804 A1-A3).,,
4d9a8790-3ddd-11dd-9496-0050c2490048,benzo[g,h,i]perylene,ElementaryFlow,Emissions / Emissions to air,kg,000191-24-2,reference,ILCD/EF background flow (Sphera GaBi dataset, Aluminium profile EN15804 A1-A3).,,
4d9a8790-3ddd-11dd-94a1-0050c2490048,benzo[k]fluoranthene,ElementaryFlow,Emissions / Emissions to air,kg,000207-08-9,reference,ILCD/EF background flow (Sphera GaBi dataset, Aluminium profile EN15804 A1-A3).,,
4d9a8790-3ddd-11dd-94a5-0050c2490048,benzo[k]fluoranthene,ElementaryFlow,Emissions / Emissions to water,kg,000207-08-9,reference,ILCD/EF background flow (Sphera GaBi dataset, Aluminium profile EN15804 A1-A3).,,
4d9a8790-3ddd-11dd-94a9-0050c2490048,benzo[k]fluoranthene,ElementaryFlow,Emissions / Emissions to water,kg,000207-08-9,reference,ILCD/EF background flow (Sphera GaBi dataset, Aluminium profile EN15804 A1-A3).,,
4d9a8790-3ddd-11dd-94c2-0050c2490048,n-butane,ElementaryFlow,Emissions / Emissions to air,kg,000106-97-8,reference,ILCD/EF background flow (Sphera GaBi dataset, Aluminium profile EN15804 A1-A3).,,
4d9a8790-3ddd-11dd-94c7-0050c2490048,2,2-dimethylbutane,ElementaryFlow,Emissions / Emissions to air,kg,000075-83-2,reference,ILCD/EF background flow (Sphera GaBi dataset, Aluminium profile EN15804 A1-A3).,,
4d9a8790-3ddd-11dd-94cf-0050c2490048,n-butanol,ElementaryFlow,Emissions / Emissions to air,kg,000071-36-3,reference,ILCD/EF background flow (Sphera GaBi dataset, Aluminium profile EN15804 A1-A3).,,
4d9a8790-3ddd-11dd-94d3-0050c2490048,n-butanol,ElementaryFlow,Emissions / Emissions to water,kg,000071-36-3,reference,ILCD/EF background flow (Sphera GaBi dataset, Aluminium profile EN15804 A1-A3).,,
4d9a8790-3ddd-11dd-95d6-0050c2490048,lactofen,ElementaryFlow,Emissions / Emissions to soil,kg,077501-63-4,reference,ILCD/EF background flow (Sphera GaBi dataset, Aluminium profile EN15804 A1-A3).,,
4d9a8790-3ddd-11dd-95d8-0050c2490048,lactofen,ElementaryFlow,Emissions / Emissions to air,kg,077501-63-4,reference,ILCD/EF background flow (Sphera GaBi dataset, Aluminium profile EN15804 A1-A3).,,
4d9a8790-3ddd-11dd-961a-0050c2490048,paraquat,ElementaryFlow,Emissions / Emissions to soil,kg,001910-42-5,reference,ILCD/EF background flow (Sphera GaBi dataset, Aluminium profile EN15804 A1-A3).,,
4d9a8790-3ddd-11dd-9627-0050c2490048,pendimethalin,ElementaryFlow,Emissions / Emissions to air,kg,040487-42-1,reference,ILCD/EF background flow (Sphera GaBi dataset, Aluminium profile EN15804 A1-A3).,,
4d9a8790-3ddd-11dd-969d-0050c2490048,tungsten,ElementaryFlow,Emissions / Emissions to water,kg,007440-33-7,reference,ILCD/EF background flow (Sphera GaBi dataset, Aluminium profile EN15804 A1-A3).,,
4d9a8790-3ddd-11dd-96a9-0050c2490048,zinc,ElementaryFlow,Emissions / Emissions to soil,kg,007440-66-6,reference,ILCD/EF background flow (Sphera GaBi dataset, Aluminium profile EN15804 A1-A3).,,
4d9a8790-3ddd-11dd-96ca-0050c2490048,barium,ElementaryFlow,Emissions / Emissions to water,kg,007440-39-3,reference,ILCD/EF background flow (Sphera GaBi dataset, Aluminium profile EN15804 A1-A3).,,
4d9a8790-3ddd-11dd-96cb-0050c2490048,barium,ElementaryFlow,Resources / Resources from ground,kg,007440-39-3,reference,ILCD/EF background flow (Sphera GaBi dataset, Aluminium profile EN15804 A1-A3).,,
4d9a8790-3ddd-11dd-96cc-0050c2490048,barium-140,ElementaryFlow,Emissions / Emissions to air,kBq,014798-08-4,reference,ILCD/EF background flow (Sphera GaBi dataset, Aluminium profile EN15804 A1-A3).,,
4d9a8790-3ddd-11dd-96d0-0050c2490048,copper,ElementaryFlow,Emissions / Emissions to soil,kg,007440-50-8,reference,ILCD/EF background flow (Sphera GaBi dataset, Aluminium profile EN15804 A1-A3).,,
4d9a8790-3ddd-11dd-96d1-0050c2490048,copper,ElementaryFlow,Emissions / Emissions to water,kg,007440-50-8,reference,ILCD/EF background flow (Sphera GaBi dataset, Aluminium profile EN15804 A1-A3).,,
4d9a8790-3ddd-11dd-96e4-0050c2490048,methacrylic acid,ElementaryFlow,Emissions / Emissions to air,kg,000079-41-4,reference,ILCD/EF background flow (Sphera GaBi dataset, Aluminium profile EN15804 A1-A3).,,
4d9a8790-3ddd-11dd-96ec-0050c2490048,sulfur trioxide,ElementaryFlow,Emissions / Emissions to air,kg,007446-11-9,reference,ILCD/EF background flow (Sphera GaBi dataset, Aluminium profile EN15804 A1-A3).,,
4d9a8790-3ddd-11dd-96ed-0050c2490048,sulfite,ElementaryFlow,Emissions / Emissions to water,kg,014265-45-3,reference,ILCD/EF background flow (Sphera GaBi dataset, Aluminium profile EN15804 A1-A3).,,
4d9a8790-3ddd-11dd-9778-0050c2490048,antimony-122,ElementaryFlow,Emissions / Emissions to water,kBq,014374-79-9,reference,ILCD/EF background flow (Sphera GaBi dataset, Aluminium profile EN15804 A1-A3).,,
4d9a8790-3ddd-11dd-977b-0050c2490048,antimony-124,ElementaryFlow,Emissions / Emissions to air,kBq,014683-10-4,reference,ILCD/EF background flow (Sphera GaBi dataset, Aluminium profile EN15804 A1-A3).,,
4d9a8790-3ddd-11dd-977f-0050c2490048,antimony-124,ElementaryFlow,Emissions / Emissions to water,kBq,014683-10-4,reference,ILCD/EF background flow (Sphera GaBi dataset, Aluminium profile EN15804 A1-A3).,,
4d9a8790-3ddd-11dd-9782-0050c2490048,trifluralin,ElementaryFlow,Emissions / Emissions to air,kg,001582-09-8,reference,ILCD/EF background flow (Sphera GaBi dataset, Aluminium profile EN15804 A1-A3).,,
4d9a8790-3ddd-11dd-9788-0050c2490048,barium-140,ElementaryFlow,Emissions / Emissions to water,kBq,014798-08-4,reference,ILCD/EF background flow (Sphera GaBi dataset, Aluminium profile EN15804 A1-A3).,,
4d9a8790-3ddd-11dd-978b-0050c2490048,basalt,ElementaryFlow,Resources / Resources from ground,kg,,reference,ILCD/EF background flow (Sphera GaBi dataset, Aluminium profile EN15804 A1-A3).,,
4d9a8790-3ddd-11dd-978c-0050c2490048,benomyl,ElementaryFlow,Emissions / Emissions to soil,kg,017804-35-2,reference,ILCD/EF background flow (Sphera GaBi dataset, Aluminium profile EN15804 A1-A3).,,
4d9a8790-3ddd-11dd-978e-0050c2490048,benomyl,ElementaryFlow,Emissions / Emissions to air,kg,017804-35-2,reference,ILCD/EF background flow (Sphera GaBi dataset, Aluminium profile EN15804 A1-A3).,,
4d9a8790-3ddd-11dd-97a3-0050c2490048,trans-2-pentene,ElementaryFlow,Emissions / Emissions to air,kg,000646-04-8,reference,ILCD/EF background flow (Sphera GaBi dataset, Aluminium profile EN15804 A1-A3).,,
4d9a8790-3ddd-11dd-97ba-0050c2490048,ethyl acetate,ElementaryFlow,Emissions / Emissions to air,kg,000141-78-6,reference,ILCD/EF background flow (Sphera GaBi dataset, Aluminium profile EN15804 A1-A3).,,
4d9a8790-3ddd-11dd-97be-0050c2490048,ethyl acetate,ElementaryFlow,Emissions / Emissions to water,kg,000141-78-6,reference,ILCD/EF background flow (Sphera GaBi dataset, Aluminium profile EN15804 A1-A3).,,
4d9a8790-3ddd-11dd-97d0-0050c2490048,acephate,ElementaryFlow,Emissions / Emissions to air,kg,030560-19-1,reference,ILCD/EF background flow (Sphera GaBi dataset, Aluminium profile EN15804 A1-A3).,,
4d9a8790-3ddd-11dd-97d4-0050c2490048,acephate,ElementaryFlow,Emissions / Emissions to water,kg,030560-19-1,reference,ILCD/EF background flow (Sphera GaBi dataset, Aluminium profile EN15804 A1-A3).,,
4d9a8790-3ddd-11dd-97df-0050c2490048,n-butyl-acetate,ElementaryFlow,Emissions / Emissions to air,kg,000123-86-4,reference,ILCD/EF background flow (Sphera GaBi dataset, Aluminium profile EN15804 A1-A3).,,
4d9a8790-3ddd-11dd-97e3-0050c2490048,n-butyl-acetate,ElementaryFlow,Emissions / Emissions to water,kg,000123-86-4,reference,ILCD/EF background flow (Sphera GaBi dataset, Aluminium profile EN15804 A1-A3).,,
4d9a8790-3ddd-11dd-97e7-0050c2490048,ethylenediamine,ElementaryFlow,Emissions / Emissions to air,kg,000107-15-3,reference,ILCD/EF background flow (Sphera GaBi dataset, Aluminium profile EN15804 A1-A3).,,
4d9a8790-3ddd-11dd-97eb-0050c2490048,ethylenediamine,ElementaryFlow,Emissions / Emissions to water,kg,000107-15-3,reference,ILCD/EF background flow (Sphera GaBi dataset, Aluminium profile EN15804 A1-A3).,,
4d9a8790-3ddd-11dd-97f3-0050c2490048,sulfate,ElementaryFlow,Emissions / Emissions to soil,kg,014808-79-8,reference,ILCD/EF background flow (Sphera GaBi dataset, Aluminium profile EN15804 A1-A3).,,
4d9a8790-3ddd-11dd-9813-0050c2490048,lead-210,ElementaryFlow,Emissions / Emissions to water,kBq,014255-04-0,reference,ILCD/EF background flow (Sphera GaBi dataset, Aluminium profile EN15804 A1-A3).,,
4d9a8790-3ddd-11dd-9825-0050c2490048,phorate,ElementaryFlow,Emissions / Emissions to soil,kg,000298-02-2,reference,ILCD/EF background flow (Sphera GaBi dataset, Aluminium profile EN15804 A1-A3).,,
4d9a8790-3ddd-11dd-9827-0050c2490048,phorate,ElementaryFlow,Emissions / Emissions to air,kg,000298-02-2,reference,ILCD/EF background flow (Sphera GaBi dataset, Aluminium profile EN15804 A1-A3).,,
4d9a8790-3ddd-11dd-9890-0050c2490048,curium,ElementaryFlow,Emissions / Emissions to water,kBq,007440-51-9,reference,ILCD/EF background flow (Sphera GaBi dataset, Aluminium profile EN15804 A1-A3).,,
4d9a8790-3ddd-11dd-98a2-0050c2490048,carbetamide,ElementaryFlow,Emissions / Emissions to soil,kg,016118-49-3,reference,ILCD/EF background flow (Sphera GaBi dataset, Aluminium profile EN15804 A1-A3).,,
4d9a8790-3ddd-11dd-98d4-0050c2490048,lasso,ElementaryFlow,Emissions / Emissions to soil,kg,015972-60-8,reference,ILCD/EF background flow (Sphera GaBi dataset, Aluminium profile EN15804 A1-A3).,,
4d9a8790-3ddd-11dd-98d6-0050c2490048,lasso,ElementaryFlow,Emissions / Emissions to air,kg,015972-60-8,reference,ILCD/EF background flow (Sphera GaBi dataset, Aluminium profile EN15804 A1-A3).,,
4d9a8790-3ddd-11dd-98e7-0050c2490048,butadiene,ElementaryFlow,Emissions / Emissions to air,kg,000106-99-0,reference,ILCD/EF background flow (Sphera GaBi dataset, Aluminium profile EN15804 A1-A3).,,
4d9a8790-3ddd-11dd-98fb-0050c2490048,aldicarb,ElementaryFlow,Emissions / Emissions to air,kg,000116-06-3,reference,ILCD/EF background flow (Sphera GaBi dataset, Aluminium profile EN15804 A1-A3).,,
4d9a8790-3ddd-11dd-98ff-0050c2490048,aldicarb,ElementaryFlow,Emissions / Emissions to water,kg,000116-06-3,reference,ILCD/EF background flow (Sphera GaBi dataset, Aluminium profile EN15804 A1-A3).,,
4d9a8790-3ddd-11dd-9904-0050c2490048,aldrin,ElementaryFlow,Emissions / Emissions to soil,kg,000309-00-2,reference,ILCD/EF background flow (Sphera GaBi dataset, Aluminium profile EN15804 A1-A3).,,
4d9a8790-3ddd-11dd-9947-0050c2490048,HFC-245fa,ElementaryFlow,Emissions / Emissions to air,kg,000460-73-1,reference,ILCD/EF background flow (Sphera GaBi dataset, Aluminium profile EN15804 A1-A3).,,
4d9a8790-3ddd-11dd-99cb-0050c2490048,platinum,ElementaryFlow,Emissions / Emissions to air,kg,007440-06-4,reference,ILCD/EF background flow (Sphera GaBi dataset, Aluminium profile EN15804 A1-A3).,,
4d9a8790-3ddd-11dd-99d0-0050c2490048,plutonium-238,ElementaryFlow,Emissions / Emissions to air,kBq,013981-16-3,reference,ILCD/EF background flow (Sphera GaBi dataset, Aluminium profile EN15804 A1-A3).,,
4d9a8790-3ddd-11dd-99f3-0050c2490048,allyl chloride,ElementaryFlow,Emissions / Emissions to water,kg,000107-05-1,reference,ILCD/EF background flow (Sphera GaBi dataset, Aluminium profile EN15804 A1-A3).,,
4d9a8790-3ddd-11dd-99fb-0050c2490048,propiconazole,ElementaryFlow,Emissions / Emissions to air,kg,060207-90-1,reference,ILCD/EF background flow (Sphera GaBi dataset, Aluminium profile EN15804 A1-A3).,,
4d9a8790-3ddd-11dd-9a17-0050c2490048,prosulfuron,ElementaryFlow,Emissions / Emissions to soil,kg,094125-34-5,reference,ILCD/EF background flow (Sphera GaBi dataset, Aluminium profile EN15804 A1-A3).,,
4d9a8790-3ddd-11dd-9a3c-0050c2490048,pyrene,ElementaryFlow,Emissions / Emissions to air,kg,000129-00-0,reference,ILCD/EF background flow (Sphera GaBi dataset, Aluminium profile EN15804 A1-A3).,,
4d9a8790-3ddd-11dd-9a5c-0050c2490048,roundup,ElementaryFlow,Emissions / Emissions to water,kg,038641-94-0,reference,ILCD/EF background flow (Sphera GaBi dataset, Aluminium profile EN15804 A1-A3).,,
4d9a8790-3ddd-11dd-9a62-0050c2490048,pyrithiobac-sodium,ElementaryFlow,Emissions / Emissions to soil,kg,123343-16-8,reference,ILCD/EF background flow (Sphera GaBi dataset, Aluminium profile EN15804 A1-A3).,,
4d9a8790-3ddd-11dd-9a87-0050c2490048,quizalofop-ethyl,ElementaryFlow,Emissions / Emissions to soil,kg,076578-14-8,reference,ILCD/EF background flow (Sphera GaBi dataset, Aluminium profile EN15804 A1-A3).,,
4d9a8790-3ddd-11dd-9a89-0050c2490048,quizalofop-ethyl,ElementaryFlow,Emissions / Emissions to air,kg,076578-14-8,reference,ILCD/EF background flow (Sphera GaBi dataset, Aluminium profile EN15804 A1-A3).,,
4d9a8790-3ddd-11dd-9af4-0050c2490048,aniline,ElementaryFlow,Emissions / Emissions to water,kg,000062-53-3,reference,ILCD/EF background flow (Sphera GaBi dataset, Aluminium profile EN15804 A1-A3).,,
4d9a8790-3ddd-11dd-9b16-0050c2490048,butene,ElementaryFlow,Emissions / Emissions to air,kg,025167-67-3,reference,ILCD/EF background flow (Sphera GaBi dataset, Aluminium profile EN15804 A1-A3).,,
4d9a8790-3ddd-11dd-9b1b-0050c2490048,butene,ElementaryFlow,Emissions / Emissions to water,kg,025167-67-3,reference,ILCD/EF background flow (Sphera GaBi dataset, Aluminium profile EN15804 A1-A3).,,
4d9a8790-3ddd-11dd-9b1e-0050c2490048,1-butene,ElementaryFlow,Emissions / Emissions to air,kg,000106-98-9,reference,ILCD/EF background flow (Sphera GaBi dataset, Aluminium profile EN15804 A1-A3).,,
4d9a8790-3ddd-11dd-9b21-0050c2490048,cerium-141,ElementaryFlow,Emissions / Emissions to water,kBq,013967-74-3,reference,ILCD/EF background flow (Sphera GaBi dataset, Aluminium profile EN15804 A1-A3).,,
4d9a8790-3ddd-11dd-9b24-0050c2490048,cerium-144,ElementaryFlow,Emissions / Emissions to water,kBq,014762-78-8,reference,ILCD/EF background flow (Sphera GaBi dataset, Aluminium profile EN15804 A1-A3).,,
4d9a8790-3ddd-11dd-9b27-0050c2490048,cesium,ElementaryFlow,Emissions / Emissions to water,kg,007440-46-2,reference,ILCD/EF background flow (Sphera GaBi dataset, Aluminium profile EN15804 A1-A3).,,
4d9a8790-3ddd-11dd-9b2a-0050c2490048,cesium,ElementaryFlow,Emissions / Emissions to water,kg,007440-46-2,reference,ILCD/EF background flow (Sphera GaBi dataset, Aluminium profile EN15804 A1-A3).,,
4d9a8790-3ddd-11dd-9b2c-0050c2490048,cesium-134,ElementaryFlow,Emissions / Emissions to air,kBq,013967-70-9,reference,ILCD/EF background flow (Sphera GaBi dataset, Aluminium profile EN15804 A1-A3).,,
4d9a8790-3ddd-11dd-9b30-0050c2490048,cesium-134,ElementaryFlow,Emissions / Emissions to water,kBq,013967-70-9,reference,ILCD/EF background flow (Sphera GaBi dataset, Aluminium profile EN15804 A1-A3).,,
4d9a8790-3ddd-11dd-9b33-0050c2490048,cesium-134,ElementaryFlow,Emissions / Emissions to water,kBq,013967-70-9,reference,ILCD/EF background flow (Sphera GaBi dataset, Aluminium profile EN15804 A1-A3).,,
4d9a8790-3ddd-11dd-9b34-0050c2490048,cesium-136,ElementaryFlow,Emissions / Emissions to water,kBq,014234-29-8,reference,ILCD/EF background flow (Sphera GaBi dataset, Aluminium profile EN15804 A1-A3).,,
4d9a8790-3ddd-11dd-9b37-0050c2490048,cesium-137,ElementaryFlow,Emissions / Emissions to air,kBq,010045-97-3,reference,ILCD/EF background flow (Sphera GaBi dataset, Aluminium profile EN15804 A1-A3).,,
4d9a8790-3ddd-11dd-9b3b-0050c2490048,cesium-137,ElementaryFlow,Emissions / Emissions to water,kBq,010045-97-3,reference,ILCD/EF background flow (Sphera GaBi dataset, Aluminium profile EN15804 A1-A3).,,
4d9a8790-3ddd-11dd-9b3e-0050c2490048,cesium-137,ElementaryFlow,Emissions / Emissions to water,kBq,010045-97-3,reference,ILCD/EF background flow (Sphera GaBi dataset, Aluminium profile EN15804 A1-A3).,,
4d9a8790-3ddd-11dd-9b3f-0050c2490048,chlorate,ElementaryFlow,Emissions / Emissions to water,kg,014866-68-3,reference,ILCD/EF background flow (Sphera GaBi dataset, Aluminium profile EN15804 A1-A3).,,
4d9a8790-3ddd-11dd-9b43-0050c2490048,chlorine,ElementaryFlow,Emissions / Emissions to soil,kg,007782-50-5,reference,ILCD/EF background flow (Sphera GaBi dataset, Aluminium profile EN15804 A1-A3).,,
4d9a8790-3ddd-11dd-9b45-0050c2490048,chlorine,ElementaryFlow,Emissions / Emissions to air,kg,007782-50-5,reference,ILCD/EF background flow (Sphera GaBi dataset, Aluminium profile EN15804 A1-A3).,,
4d9a8790-3ddd-11dd-9b49-0050c2490048,chlorine,ElementaryFlow,Emissions / Emissions to water,kg,007782-50-5,reference,ILCD/EF background flow (Sphera GaBi dataset, Aluminium profile EN15804 A1-A3).,,
4d9a8790-3ddd-11dd-9b7c-0050c2490048,dimethoate,ElementaryFlow,Emissions / Emissions to soil,kg,000060-51-5,reference,ILCD/EF background flow (Sphera GaBi dataset, Aluminium profile EN15804 A1-A3).,,
4d9a8790-3ddd-11dd-9b7e-0050c2490048,dimethoate,ElementaryFlow,Emissions / Emissions to air,kg,000060-51-5,reference,ILCD/EF background flow (Sphera GaBi dataset, Aluminium profile EN15804 A1-A3).,,
4d9a8790-3ddd-11dd-9b82-0050c2490048,dimethoate,ElementaryFlow,Emissions / Emissions to water,kg,000060-51-5,reference,ILCD/EF background flow (Sphera GaBi dataset, Aluminium profile EN15804 A1-A3).,,
4d9a8790-3ddd-11dd-9b89-0050c2490048,sulfentrazone,ElementaryFlow,Emissions / Emissions to soil,kg,122836-35-5,reference,ILCD/EF background flow (Sphera GaBi dataset, Aluminium profile EN15804 A1-A3).,,
4d9a8790-3ddd-11dd-9b8b-0050c2490048,sulfentrazone,ElementaryFlow,Emissions / Emissions to air,kg,122836-35-5,reference,ILCD/EF background flow (Sphera GaBi dataset, Aluminium profile EN15804 A1-A3).,,
4d9a8790-3ddd-11dd-9bb5-0050c2490048,toluene,ElementaryFlow,Emissions / Emissions to air,kg,000108-88-3,reference,ILCD/EF background flow (Sphera GaBi dataset, Aluminium profile EN15804 A1-A3).,,
4d9a8790-3ddd-11dd-9bc7-0050c2490048,1,2-dichlorobenzene,ElementaryFlow,Emissions / Emissions to air,kg,000095-50-1,reference,ILCD/EF background flow (Sphera GaBi dataset, Aluminium profile EN15804 A1-A3).,,
4d9a8790-3ddd-11dd-9bcb-0050c2490048,1,2-dichlorobenzene,ElementaryFlow,Emissions / Emissions to water,kg,000095-50-1,reference,ILCD/EF background flow (Sphera GaBi dataset, Aluminium profile EN15804 A1-A3).,,
4d9a8790-3ddd-11dd-9bd1-0050c2490048,biphenyl,ElementaryFlow,Emissions / Emissions to air,kg,000092-52-4,reference,ILCD/EF background flow (Sphera GaBi dataset, Aluminium profile EN15804 A1-A3).,,
4d9a8790-3ddd-11dd-9bd5-0050c2490048,biphenyl,ElementaryFlow,Emissions / Emissions to water,kg,000092-52-4,reference,ILCD/EF background flow (Sphera GaBi dataset, Aluminium profile EN15804 A1-A3).,,
4d9a8790-3ddd-11dd-9beb-0050c2490048,acetophenone,ElementaryFlow,Emissions / Emissions to air,kg,000098-86-2,reference,ILCD/EF background flow (Sphera GaBi dataset, Aluminium profile EN15804 A1-A3).,,
4d9a8790-3ddd-11dd-9c1e-0050c2490048,chromium VI,ElementaryFlow,Emissions / Emissions to soil,kg,018540-29-9,reference,ILCD/EF background flow (Sphera GaBi dataset, Aluminium profile EN15804 A1-A3).,,
4d9a8790-3ddd-11dd-9c20-0050c2490048,chromium-51,ElementaryFlow,Emissions / Emissions to air,kBq,014392-02-0,reference,ILCD/EF background flow (Sphera GaBi dataset, Aluminium profile EN15804 A1-A3).,,
4d9a8790-3ddd-11dd-9c24-0050c2490048,chromium-51,ElementaryFlow,Emissions / Emissions to water,kBq,014392-02-0,reference,ILCD/EF background flow (Sphera GaBi dataset, Aluminium profile EN15804 A1-A3).,,
4d9a8790-3ddd-11dd-9c72-0050c2490048,dimethyl carbonate,ElementaryFlow,Emissions / Emissions to air,kg,000616-38-6,reference,ILCD/EF background flow (Sphera GaBi dataset, Aluminium profile EN15804 A1-A3).,,
4d9a8790-3ddd-11dd-9c92-0050c2490048,thiodicarb,ElementaryFlow,Emissions / Emissions to soil,kg,059669-26-0,reference,ILCD/EF background flow (Sphera GaBi dataset, Aluminium profile EN15804 A1-A3).,,
4d9a8790-3ddd-11dd-9c94-0050c2490048,thiodicarb,ElementaryFlow,Emissions / Emissions to air,kg,059669-26-0,reference,ILCD/EF background flow (Sphera GaBi dataset, Aluminium profile EN15804 A1-A3).,,
4d9a8790-3ddd-11dd-9ca4-0050c2490048,HFC-32,ElementaryFlow,Emissions / Emissions to air,kg,000075-10-5,reference,ILCD/EF background flow (Sphera GaBi dataset, Aluminium profile EN15804 A1-A3).,,
4d9a8790-3ddd-11dd-9ccb-0050c2490048,benzene,ElementaryFlow,Emissions / Emissions to water,kg,000071-43-2,reference,ILCD/EF background flow (Sphera GaBi dataset, Aluminium profile EN15804 A1-A3).,,
4d9a8790-3ddd-11dd-9d1b-0050c2490048,isoxaflutole,ElementaryFlow,Emissions / Emissions to soil,kg,141112-29-0,reference,ILCD/EF background flow (Sphera GaBi dataset, Aluminium profile EN15804 A1-A3).,,
4d9a8790-3ddd-11dd-9d1d-0050c2490048,isoxaflutole,ElementaryFlow,Emissions / Emissions to air,kg,141112-29-0,reference,ILCD/EF background flow (Sphera GaBi dataset, Aluminium profile EN15804 A1-A3).,,
4d9a8790-3ddd-11dd-9d21-0050c2490048,isoxaflutole,ElementaryFlow,Emissions / Emissions to water,kg,141112-29-0,reference,ILCD/EF background flow (Sphera GaBi dataset, Aluminium profile EN15804 A1-A3).,,
4d9a8790-3ddd-11dd-9d8b-0050c2490048,beryllium,ElementaryFlow,Emissions / Emissions to air,kg,007440-41-7,reference,ILCD/EF background flow (Sphera GaBi dataset, Aluminium profile EN15804 A1-A3).,,
4e7931fe-e497-4354-91fc-2dbe4a958825,tert-butylamine,ElementaryFlow,Emissions / Emissions to air,kg,000075-64-9,reference,ILCD/EF background flow (Sphera GaBi dataset, Aluminium profile EN15804 A1-A3).,,
4e9f3308-066b-4863-89a2-a1b9069ef148,from seabed, marine infrastructure,ElementaryFlow,Land use / Land transformation,m2,,reference,ILCD/EF background flow (Sphera GaBi dataset, Aluminium profile EN15804 A1-A3).,,
503f7e73-748c-4f38-9b87-90805b5d1c38,from grassland, not used,ElementaryFlow,Land use / Land transformation,m2,,reference,ILCD/EF background flow (Sphera GaBi dataset, Aluminium profile EN15804 A1-A3).,,
519bd467-de3e-49eb-be1f-504323399437,bare area,ElementaryFlow,Land use / Land occupation,m2*a,,reference,ILCD/EF background flow (Sphera GaBi dataset, Aluminium profile EN15804 A1-A3).,,
522f6ba8-5914-4f91-a198-a0da9aab707d,from forest, secondary,ElementaryFlow,Land use / Land transformation,m2,,reference,ILCD/EF background flow (Sphera GaBi dataset, Aluminium profile EN15804 A1-A3).,,
52a3918e-59b7-4d62-9255-a8479e6671ae,pasture/meadow, extensive,ElementaryFlow,Land use / Land occupation,m2*a,,reference,ILCD/EF background flow (Sphera GaBi dataset, Aluminium profile EN15804 A1-A3).,,
52a7fc6d-de3b-4348-9ef2-11b119da6c98,from unspecified,ElementaryFlow,Land use / Land transformation,m2,,reference,ILCD/EF background flow (Sphera GaBi dataset, Aluminium profile EN15804 A1-A3).,,
52cdd6f7-7397-4c5f-a6c5-e801baed4a6c,chloroacetic acid,ElementaryFlow,Emissions / Emissions to air,kg,000079-11-8,reference,ILCD/EF background flow (Sphera GaBi dataset, Aluminium profile EN15804 A1-A3).,,
55ca061b-b98b-46c9-84b8-2aaf009506dd,chloramide,ElementaryFlow,Emissions / Emissions to air,kg,010599-90-3,reference,ILCD/EF background flow (Sphera GaBi dataset, Aluminium profile EN15804 A1-A3).,,
5648a1a0-ac6b-42f2-a2ef-d10aec10ed19,sulphuric acid,ElementaryFlow,Emissions / Emissions to soil,kg,007664-93-9,reference,ILCD/EF background flow (Sphera GaBi dataset, Aluminium profile EN15804 A1-A3).,,
5a0ebfe5-b556-41f1-8997-3380aa09b1ef,2-chloro-N-(2,6-dimethylphenyl)-N-(2-methoxyethyl)acetamide,ElementaryFlow,Emissions / Emissions to soil,kg,050563-36-5,reference,ILCD/EF background flow (Sphera GaBi dataset, Aluminium profile EN15804 A1-A3).,,
5b31de49-56f1-4b52-ab9f-3b811e091eb2,5-[2-chloro-4-(trifluoromethyl)phenoxy]-N-(methylsulphonyl)-2-nitrobenzamide,ElementaryFlow,Emissions / Emissions to soil,kg,072178-02-0,reference,ILCD/EF background flow (Sphera GaBi dataset, Aluminium profile EN15804 A1-A3).,,
5ba8d644-c1bb-410b-9bf4-e5f969efb078,from pasture/meadow, extensive,ElementaryFlow,Land use / Land transformation,m2,,reference,ILCD/EF background flow (Sphera GaBi dataset, Aluminium profile EN15804 A1-A3).,,
5bd6b1f7-11f8-40d5-ab22-19cadfa38402,from permanent crops, non-irrigated, intensive,ElementaryFlow,Land use / Land transformation,m2,,reference,ILCD/EF background flow (Sphera GaBi dataset, Aluminium profile EN15804 A1-A3).,,
5d3da6b0-4536-4a2d-83b9-5f8e06cf8d93,Fenoxaprop,ElementaryFlow,Emissions / Emissions to soil,kg,095617-09-7,reference,ILCD/EF background flow (Sphera GaBi dataset, Aluminium profile EN15804 A1-A3).,,
5e3f96e4-6aad-480d-a732-60bfe8950410,2-nitrotoluene,ElementaryFlow,Emissions / Emissions to air,kg,000088-72-2,reference,ILCD/EF background flow (Sphera GaBi dataset, Aluminium profile EN15804 A1-A3).,,
5fa13d85-1722-4858-9cff-caec97da2363,from arable, non-irrigated, extensive,ElementaryFlow,Land use / Land transformation,m2,,reference,ILCD/EF background flow (Sphera GaBi dataset, Aluminium profile EN15804 A1-A3).,,
5fb3229a-3f82-4bb9-b2cd-fccf9d7be7e5,(R)-2-(4-chloro-2-methylphenoxy)propionic acid,ElementaryFlow,Emissions / Emissions to soil,kg,016484-77-8,reference,ILCD/EF background flow (Sphera GaBi dataset, Aluminium profile EN15804 A1-A3).,,
616ab5c3-116f-4fbb-bc6b-196318afe5be,dump site,ElementaryFlow,Land use / Land occupation,m2*a,,reference,ILCD/EF background flow (Sphera GaBi dataset, Aluminium profile EN15804 A1-A3).,,
62fafd63-a4e4-4ac2-adbb-1f838a2b6399,Overburden (deposited),WasteFlow,Wastes / Other waste,kg,,reference,ILCD/EF background flow (Sphera GaBi dataset, Aluminium profile EN15804 A1-A3).,,
631ecf13-0e51-4e35-8235-c6f80c60d72c,Water,ElementaryFlow,Emissions / Emissions to water,m3,007732-18-5,reference,ILCD/EF background flow (Sphera GaBi dataset, Aluminium profile EN15804 A1-A3).,,
63bdc31c-8ddf-4b10-bbe1-e27b57b9858b,Phosphorus,ElementaryFlow,Emissions / Emissions to soil,kg,007723-14-0,reference,ILCD/EF background flow (Sphera GaBi dataset, Aluminium profile EN15804 A1-A3).,,
641d3aa1-93d3-4fb2-9bd8-17600536c3c0,forest,ElementaryFlow,Land use / Land occupation,m2*a,,reference,ILCD/EF background flow (Sphera GaBi dataset, Aluminium profile EN15804 A1-A3).,,
64b1ce30-6556-11dd-ad8b-0800200c9a66,ytterbium,ElementaryFlow,Resources / Resources from ground,kg,007440-64-4,reference,ILCD/EF background flow (Sphera GaBi dataset, Aluminium profile EN15804 A1-A3).,,
64b1ce31-6556-11dd-ad8b-0800200c9a66,yttrium,ElementaryFlow,Resources / Resources from ground,kg,007440-65-5,reference,ILCD/EF background flow (Sphera GaBi dataset, Aluminium profile EN15804 A1-A3).,,
64b1ce4a-6556-11dd-ad8b-0800200c9a66,zinc,ElementaryFlow,Resources / Resources from ground,kg,007440-66-6,reference,ILCD/EF background flow (Sphera GaBi dataset, Aluminium profile EN15804 A1-A3).,,
64b1f56c-6556-11dd-ad8b-0800200c9a66,zirconium,ElementaryFlow,Resources / Resources from ground,kg,007440-67-7,reference,ILCD/EF background flow (Sphera GaBi dataset, Aluminium profile EN15804 A1-A3).,,
64faa7b1-e114-497a-b584-f4659e7115e4,from shrub land,ElementaryFlow,Land use / Land transformation,m2,,reference,ILCD/EF background flow (Sphera GaBi dataset, Aluminium profile EN15804 A1-A3).,,
651df0ec-3468-4453-aa11-dc197034517f,from wetlands,ElementaryFlow,Land use / Land transformation,m2,,reference,ILCD/EF background flow (Sphera GaBi dataset, Aluminium profile EN15804 A1-A3).,,
659e3dbc-a46b-47b4-8539-e41a6068d6a8,Oil sand (100% bitumen),ElementaryFlow,Resources / Resources from ground,MJ,,reference,ILCD/EF background flow (Sphera GaBi dataset, Aluminium profile EN15804 A1-A3).,,
67055318-bad9-420f-ae31-9ba54456518d,from arable, fallow,ElementaryFlow,Land use / Land transformation,m2,,reference,ILCD/EF background flow (Sphera GaBi dataset, Aluminium profile EN15804 A1-A3).,,
675f43c1-0d9b-4ce0-bc9d-45d6a0f404dc,Phosphorus,ElementaryFlow,Emissions / Emissions to water,kg,007723-14-0,reference,ILCD/EF background flow (Sphera GaBi dataset, Aluminium profile EN15804 A1-A3).,,
67f8bf50-0fba-11e7-93ae-92361f002671,Water (rain water),ElementaryFlow,Emissions / Emissions to water,kg,007732-18-5,reference,ILCD/EF background flow (Sphera GaBi dataset, Aluminium profile EN15804 A1-A3).,,
685f0af6-4a95-4d7a-8a95-1e378e451c56,tebupirimfos,ElementaryFlow,Emissions / Emissions to soil,kg,096182-53-5,reference,ILCD/EF background flow (Sphera GaBi dataset, Aluminium profile EN15804 A1-A3).,,
68835ece-e71a-45cf-94c4-4cce0c3c97fb,Î³-butyrolactone,ElementaryFlow,Emissions / Emissions to air,kg,000096-48-0,reference,ILCD/EF background flow (Sphera GaBi dataset, Aluminium profile EN15804 A1-A3).,,
68e9e9b5-bd61-4fd3-a422-c3cff4f67203,to traffic area, rail network,ElementaryFlow,Land use / Land transformation,m2,,reference,ILCD/EF background flow (Sphera GaBi dataset, Aluminium profile EN15804 A1-A3).,,
68f57e2a-2909-423c-ad8e-6a695f59a48f,to mineral extraction site,ElementaryFlow,Land use / Land transformation,m2,,reference,ILCD/EF background flow (Sphera GaBi dataset, Aluminium profile EN15804 A1-A3).,,
6985efa9-a113-48fa-a504-f520d91868bf,to grassland, not used,ElementaryFlow,Land use / Land transformation,m2,,reference,ILCD/EF background flow (Sphera GaBi dataset, Aluminium profile EN15804 A1-A3).,,
6b2c9448-1b25-4293-be7a-9897e4841e85,sodium formate,ElementaryFlow,Emissions / Emissions to air,kg,000141-53-7,reference,ILCD/EF background flow (Sphera GaBi dataset, Aluminium profile EN15804 A1-A3).,,
6b45dd11-4805-498d-9c73-b75fdfc613ca,bas 480f,ElementaryFlow,Emissions / Emissions to soil,kg,106325-08-0,reference,ILCD/EF background flow (Sphera GaBi dataset, Aluminium profile EN15804 A1-A3).,,
6bcfa2f7-4970-469a-ae70-d1814e8a6bc3,to arable, irrigated,ElementaryFlow,Land use / Land transformation,m2,,reference,ILCD/EF background flow (Sphera GaBi dataset, Aluminium profile EN15804 A1-A3).,,
6d205e19-e6c2-4090-b138-01a1b9326a76,to permanent crops,ElementaryFlow,Land use / Land transformation,m2,,reference,ILCD/EF background flow (Sphera GaBi dataset, Aluminium profile EN15804 A1-A3).,,
6d2e9579-899e-4de6-a13d-e569c4aacd81,to pasture/meadow, intensive,ElementaryFlow,Land use / Land transformation,m2,,reference,ILCD/EF background flow (Sphera GaBi dataset, Aluminium profile EN15804 A1-A3).,,
6d73b7ac-f6f3-4eb7-9607-992bbfb18d44,Oils, unspecified,ElementaryFlow,Emissions / Emissions to soil,kg,,reference,ILCD/EF background flow (Sphera GaBi dataset, Aluminium profile EN15804 A1-A3).,,
6e70f994-480b-4836-a605-5f958a3d7ea4,freshwater,ElementaryFlow,Resources / Resources from water,m3,007732-18-5,reference,ILCD/EF background flow (Sphera GaBi dataset, Aluminium profile EN15804 A1-A3).,,
6f4ecdc5-0cf7-430b-9c66-8efe4113b2a2,arable, non-irrigated, intensive,ElementaryFlow,Land use / Land occupation,m2*a,,reference,ILCD/EF background flow (Sphera GaBi dataset, Aluminium profile EN15804 A1-A3).,,
70ad3fc8-f5b5-487a-bd86-2b67e7708901,Lactic acid,ElementaryFlow,Emissions / Emissions to air,kg,000050-21-5,reference,ILCD/EF background flow (Sphera GaBi dataset, Aluminium profile EN15804 A1-A3).,,
73e2c735-8a30-4f18-a846-d7392081a665,Water (evapotranspiration),ElementaryFlow,Emissions / Emissions to air,kg,007732-18-5,reference,ILCD/EF background flow (Sphera GaBi dataset, Aluminium profile EN15804 A1-A3).,,
75fb549e-21ce-4ad2-b65e-fa9b1664b74a,to permanent crops, irrigated, intensive,ElementaryFlow,Land use / Land transformation,m2,,reference,ILCD/EF background flow (Sphera GaBi dataset, Aluminium profile EN15804 A1-A3).,,
76b44f80-eb4d-41ce-9b65-910f9c111aee,arsenic V,ElementaryFlow,Emissions / Emissions to water,kg,061805-96-7,reference,ILCD/EF background flow (Sphera GaBi dataset, Aluminium profile EN15804 A1-A3).,,
771c8e3f-77d5-499f-9f0b-2ae5e61d16c3,Thorium,ElementaryFlow,Emissions / Emissions to air,kg,007440-29-1,reference,ILCD/EF background flow (Sphera GaBi dataset, Aluminium profile EN15804 A1-A3).,,
77d6d320-c071-46a7-8da7-3baaf8d6b7f6,Nitrogenous Matter (unspecified, as N),ElementaryFlow,Emissions / Emissions to water,kg,,reference,ILCD/EF background flow (Sphera GaBi dataset, Aluminium profile EN15804 A1-A3).,,
78de1833-afa0-4b5b-ba06-8cb1528f8786,Yttrium,ElementaryFlow,Emissions / Emissions to water,kg,,reference,ILCD/EF background flow (Sphera GaBi dataset, Aluminium profile EN15804 A1-A3).,,
7a845c58-e575-4729-b7f3-294013fd2172,Water from turbine,ElementaryFlow,Emissions / Emissions to water,m3,007732-18-5,reference,ILCD/EF background flow (Sphera GaBi dataset, Aluminium profile EN15804 A1-A3).,,
80a0d183-7b74-4497-95f5-8bf25681c32e,from grassland,ElementaryFlow,Land use / Land transformation,m2,,reference,ILCD/EF background flow (Sphera GaBi dataset, Aluminium profile EN15804 A1-A3).,,
81cfc429-5bb4-44e9-989a-f23fdd06aae4,lakes, artificial,ElementaryFlow,Land use / Land occupation,m2*a,,reference,ILCD/EF background flow (Sphera GaBi dataset, Aluminium profile EN15804 A1-A3).,,
82beec95-fd5e-4fb3-a27d-8614e4a11403,Hydrocarbons, aromatic,ElementaryFlow,Emissions / Emissions to water,kg,,reference,ILCD/EF background flow (Sphera GaBi dataset, Aluminium profile EN15804 A1-A3).,,
830bb9b5-76c8-4f2a-b225-4c239c02cf9b,Lanthanum,ElementaryFlow,Emissions / Emissions to air,kg,007439-91-0,reference,ILCD/EF background flow (Sphera GaBi dataset, Aluminium profile EN15804 A1-A3).,,
8348ce0c-3dcf-4425-8336-04d6c5619e4d,to pasture/meadow, extensive,ElementaryFlow,Land use / Land transformation,m2,,reference,ILCD/EF background flow (Sphera GaBi dataset, Aluminium profile EN15804 A1-A3).,,
83a94aff-e2ee-4ed9-881a-e096d132cdc3,Hydrocarbons, chlorinated,ElementaryFlow,Emissions / Emissions to air,kg,,reference,ILCD/EF background flow (Sphera GaBi dataset, Aluminium profile EN15804 A1-A3).,,
848d055d-88c2-4926-9ddd-1671887c4e2f,to pasture/meadow,ElementaryFlow,Land use / Land transformation,m2,,reference,ILCD/EF background flow (Sphera GaBi dataset, Aluminium profile EN15804 A1-A3).,,
87334803-fa5b-4c21-b52c-de9d79d806f8,from arable, non-irrigated,ElementaryFlow,Land use / Land transformation,m2,,reference,ILCD/EF background flow (Sphera GaBi dataset, Aluminium profile EN15804 A1-A3).,,
87353ad1-06e8-47a1-91d1-c9df8f0ecfd6,3-(3,5-dichlorophenyl)-1,5-dimethyl-3-azabicyclo[3.1.0]hexane-2,4-dione,ElementaryFlow,Emissions / Emissions to soil,kg,032809-16-8,reference,ILCD/EF background flow (Sphera GaBi dataset, Aluminium profile EN15804 A1-A3).,,
883c29b9-fea7-4541-9ea2-7a3a6c112113,Hydrocarbons, aromatic,ElementaryFlow,Emissions / Emissions to water,kg,,reference,ILCD/EF background flow (Sphera GaBi dataset, Aluminium profile EN15804 A1-A3).,,
8880ee66-07c4-49f8-a5d4-f24a5d7655e9,Fatty acid methyl ester,ElementaryFlow,Emissions / Emissions to air,kg,,reference,ILCD/EF background flow (Sphera GaBi dataset, Aluminium profile EN15804 A1-A3).,,
8a8d7e08-ec59-4bef-85d1-0233dd6199b4,Processed water to river, extreme scarcity,ElementaryFlow,Emissions / Emissions to water,kg,007732-18-5,reference,ILCD/EF background flow (Sphera GaBi dataset, Aluminium profile EN15804 A1-A3).,,
8af79474-1d57-4251-a878-c2973b2814e6,to bare area,ElementaryFlow,Land use / Land transformation,m2,,reference,ILCD/EF background flow (Sphera GaBi dataset, Aluminium profile EN15804 A1-A3).,,
8d17358d-676e-43c9-9ed6-83e189bb7cde,flumioxazin,ElementaryFlow,Emissions / Emissions to soil,kg,103361-09-7,reference,ILCD/EF background flow (Sphera GaBi dataset, Aluminium profile EN15804 A1-A3).,,
8db68d81-3998-4b52-af19-2beb2ac9a98e,to forest, used,ElementaryFlow,Land use / Land transformation,m2,,reference,ILCD/EF background flow (Sphera GaBi dataset, Aluminium profile EN15804 A1-A3).,,
8de51fe7-2ad7-4b17-91a6-19880b0c343c,to lakes, artificial,ElementaryFlow,Land use / Land transformation,m2,,reference,ILCD/EF background flow (Sphera GaBi dataset, Aluminium profile EN15804 A1-A3).,,
8df3d2af-d7ac-4365-9b4a-17e28b9ca482,Radioactive tailings,WasteFlow,Wastes / Radioactive waste,kg,,reference,ILCD/EF background flow (Sphera GaBi dataset, Aluminium profile EN15804 A1-A3).,,
8e2bf561-a95a-402d-83c1-d737dd73523d,to permanent crops, non-irrigated, intensive,ElementaryFlow,Land use / Land transformation,m2,,reference,ILCD/EF background flow (Sphera GaBi dataset, Aluminium profile EN15804 A1-A3).,,
8e813e5a-151b-481d-95b1-07874b005438,O-(4-bromo-2-chlorophenyl) O-ethyl S-propyl phosphorothioate,ElementaryFlow,Emissions / Emissions to soil,kg,041198-08-7,reference,ILCD/EF background flow (Sphera GaBi dataset, Aluminium profile EN15804 A1-A3).,,
8ee82f3b-c2dd-4807-8e65-b33dc05f4aee,shrub land,ElementaryFlow,Land use / Land occupation,m2*a,,reference,ILCD/EF background flow (Sphera GaBi dataset, Aluminium profile EN15804 A1-A3).,,
8fbbe8a1-da56-4184-9456-b7a5b88a7f68,Lactic acid,ElementaryFlow,Emissions / Emissions to water,kg,000050-21-5,reference,ILCD/EF background flow (Sphera GaBi dataset, Aluminium profile EN15804 A1-A3).,,
904ce552-a7dd-4a9f-8770-dbe0f587051f,dithianon,ElementaryFlow,Emissions / Emissions to soil,kg,003347-22-6,reference,ILCD/EF background flow (Sphera GaBi dataset, Aluminium profile EN15804 A1-A3).,,
9153cfb0-e762-47ba-9514-92d37321e68a,forest, extensive,ElementaryFlow,Land use / Land occupation,m2*a,,reference,ILCD/EF background flow (Sphera GaBi dataset, Aluminium profile EN15804 A1-A3).,,
91d7d456-4c1f-4251-8cb9-05ead4596546,Phosphorus,ElementaryFlow,Emissions / Emissions to soil,kg,007723-14-0,reference,ILCD/EF background flow (Sphera GaBi dataset, Aluminium profile EN15804 A1-A3).,,
91e86b1f-98b2-433a-8356-cfc2b2b2a7c4,to grassland,ElementaryFlow,Land use / Land transformation,m2,,reference,ILCD/EF background flow (Sphera GaBi dataset, Aluminium profile EN15804 A1-A3).,,
92f1554f-121d-4f07-a1bb-b07cd2f7c2f5,traffic area, road network,ElementaryFlow,Land use / Land occupation,m2*a,,reference,ILCD/EF background flow (Sphera GaBi dataset, Aluminium profile EN15804 A1-A3).,,
933debfd-2aa5-4a35-b07b-2732350ea29c,to arable,ElementaryFlow,Land use / Land transformation,m2,,reference,ILCD/EF background flow (Sphera GaBi dataset, Aluminium profile EN15804 A1-A3).,,
937d6042-bb74-4425-888f-86e8d64c7875,permanent crops, irrigated, intensive,ElementaryFlow,Land use / Land occupation,m2*a,,reference,ILCD/EF background flow (Sphera GaBi dataset, Aluminium profile EN15804 A1-A3).,,
9699a63f-c966-43a4-816c-b1fbbf0a3e88,from arable,ElementaryFlow,Land use / Land transformation,m2,,reference,ILCD/EF background flow (Sphera GaBi dataset, Aluminium profile EN15804 A1-A3).,,
97990d8f-aae4-41ea-afb4-c62d2bcfea3b,arable, non-irrigated,ElementaryFlow,Land use / Land occupation,m2*a,,reference,ILCD/EF background flow (Sphera GaBi dataset, Aluminium profile EN15804 A1-A3).,,
9a7437b8-ca3d-4541-83e9-a382bdb110b3,total reduced sulphur compounds,ElementaryFlow,Emissions / Emissions to air,kg,,reference,ILCD/EF background flow (Sphera GaBi dataset, Aluminium profile EN15804 A1-A3).,,
9abf6aa9-c299-47ae-b9d7-539d65107fd8,urea,ElementaryFlow,Emissions / Emissions to water,kg,000057-13-6,reference,ILCD/EF background flow (Sphera GaBi dataset, Aluminium profile EN15804 A1-A3).,,
9b3eb5cd-1799-420f-a3e5-3a81bd2fb579,sodium formate,ElementaryFlow,Emissions / Emissions to water,kg,000141-53-7,reference,ILCD/EF background flow (Sphera GaBi dataset, Aluminium profile EN15804 A1-A3).,,
9c15ac25-4ac3-454c-8104-4d10cfba9376,from forest, primary,ElementaryFlow,Land use / Land transformation,m2,,reference,ILCD/EF background flow (Sphera GaBi dataset, Aluminium profile EN15804 A1-A3).,,
9cc0de8b-e413-48a5-b013-80ff11a693b2,from pasture/meadow, intensive,ElementaryFlow,Land use / Land transformation,m2,,reference,ILCD/EF background flow (Sphera GaBi dataset, Aluminium profile EN15804 A1-A3).,,
9db48d2d-17e8-4b4c-b439-2aab1c3d80f2,from artificial areas,ElementaryFlow,Land use / Land transformation,m2,,reference,ILCD/EF background flow (Sphera GaBi dataset, Aluminium profile EN15804 A1-A3).,,
9dfb9d4c-a650-4ce4-8ada-15fef603ebc8,rivers, artificial,ElementaryFlow,Land use / Land occupation,m2*a,,reference,ILCD/EF background flow (Sphera GaBi dataset, Aluminium profile EN15804 A1-A3).,,
9e1a7ff3-3333-45a2-852c-24b8551cf0e2,Eicosane,ElementaryFlow,Emissions / Emissions to water,kg,000112-95-8,reference,ILCD/EF background flow (Sphera GaBi dataset, Aluminium profile EN15804 A1-A3).,,
9e51fc0f-7fc8-44b6-ac64-c11e7f7de4de,[(3,5,6-trichloropyridin-2-yl)oxy]acetic acid,ElementaryFlow,Emissions / Emissions to soil,kg,055335-06-3,reference,ILCD/EF background flow (Sphera GaBi dataset, Aluminium profile EN15804 A1-A3).,,
9fcab08d-c0e9-490f-b594-ee023a78d5c7,to dump site,ElementaryFlow,Land use / Land transformation,m2,,reference,ILCD/EF background flow (Sphera GaBi dataset, Aluminium profile EN15804 A1-A3).,,
a17ec689-f94c-4628-a4a3-f47a49ac925b,Phonolite,ElementaryFlow,Resources / Resources from ground,kg,,reference,ILCD/EF background flow (Sphera GaBi dataset, Aluminium profile EN15804 A1-A3).,,
a19bf542-e251-11e6-bf01-fe55135034f3,PFC-1216,ElementaryFlow,Emissions / Emissions to air,kg,,reference,ILCD/EF background flow (Sphera GaBi dataset, Aluminium profile EN15804 A1-A3).,,
a19bff06-e251-11e6-bf01-fe55135034f3,PFC-218,ElementaryFlow,Emissions / Emissions to air,kg,,reference,ILCD/EF background flow (Sphera GaBi dataset, Aluminium profile EN15804 A1-A3).,,
a205d0e9-cc71-4e4f-8c9f-c62b188321b3,traffic area,ElementaryFlow,Land use / Land occupation,m2*a,,reference,ILCD/EF background flow (Sphera GaBi dataset, Aluminium profile EN15804 A1-A3).,,
a53128a5-3383-4487-baab-860c4492f6e3,to forest, extensive,ElementaryFlow,Land use / Land transformation,m2,,reference,ILCD/EF background flow (Sphera GaBi dataset, Aluminium profile EN15804 A1-A3).,,
a5582986-7f28-49ea-a279-5e443c09f713,propylamine,ElementaryFlow,Emissions / Emissions to water,kg,000107-10-8,reference,ILCD/EF background flow (Sphera GaBi dataset, Aluminium profile EN15804 A1-A3).,,
a561f3ba-df5c-4160-9776-431d6c39bced,metam-sodium,ElementaryFlow,Emissions / Emissions to soil,kg,000137-42-8,reference,ILCD/EF background flow (Sphera GaBi dataset, Aluminium profile EN15804 A1-A3).,,
a59c2637-c8f6-421e-9e18-caaafce31960,Î³-butyrolactone,ElementaryFlow,Emissions / Emissions to water,kg,000096-48-0,reference,ILCD/EF background flow (Sphera GaBi dataset, Aluminium profile EN15804 A1-A3).,,
a60b91d7-798b-4f76-973e-edc4ec8815a6,Medium radioactive wastes,WasteFlow,Wastes / Radioactive waste,kg,,reference,ILCD/EF background flow (Sphera GaBi dataset, Aluminium profile EN15804 A1-A3).,,
a687e5df-4694-4151-ba84-0722481d6fdf,from arable, irrigated, intensive,ElementaryFlow,Land use / Land transformation,m2,,reference,ILCD/EF background flow (Sphera GaBi dataset, Aluminium profile EN15804 A1-A3).,,
a80a2e62-3aa3-4efd-8071-5ee9a75d6ccf,clethodim,ElementaryFlow,Emissions / Emissions to soil,kg,099129-21-2,reference,ILCD/EF background flow (Sphera GaBi dataset, Aluminium profile EN15804 A1-A3).,,
aa9dc400-929f-48c8-86c6-628f34a0efa3,to arable, non-irrigated,ElementaryFlow,Land use / Land transformation,m2,,reference,ILCD/EF background flow (Sphera GaBi dataset, Aluminium profile EN15804 A1-A3).,,
ac0aba5c-66ce-42c9-9f46-1e47ab7bc4b9,from forest, natural,ElementaryFlow,Land use / Land transformation,m2,,reference,ILCD/EF background flow (Sphera GaBi dataset, Aluminium profile EN15804 A1-A3).,,
adcb79f3-89cf-45fb-b0b2-65558cb2af26,Carbon dioxide (land use change),ElementaryFlow,Emissions / Emissions to air,kg,000124-38-9,reference,ILCD/EF background flow (Sphera GaBi dataset, Aluminium profile EN15804 A1-A3).,,
aeea42cc-4215-465f-981f-ae2ab387fbb9,from agriculture, mosaic,ElementaryFlow,Land use / Land transformation,m2,,reference,ILCD/EF background flow (Sphera GaBi dataset, Aluminium profile EN15804 A1-A3).,,
af198fd4-56b9-42d0-b3a8-7623cc56045c,dipropylamine,ElementaryFlow,Emissions / Emissions to water,kg,000142-84-7,reference,ILCD/EF background flow (Sphera GaBi dataset, Aluminium profile EN15804 A1-A3).,,
b0259a80-eb97-4dee-be0a-d0535a8a9ed4,to urban/industrial fallow,ElementaryFlow,Land use / Land transformation,m2,,reference,ILCD/EF background flow (Sphera GaBi dataset, Aluminium profile EN15804 A1-A3).,,
b0744c5e-9859-470f-99dc-b117be5a32c5,mineral extraction site,ElementaryFlow,Land use / Land occupation,m2*a,,reference,ILCD/EF background flow (Sphera GaBi dataset, Aluminium profile EN15804 A1-A3).,,
b129498b-6ff1-4025-95f4-a7f821b341c1,from mineral extraction site,ElementaryFlow,Land use / Land transformation,m2,,reference,ILCD/EF background flow (Sphera GaBi dataset, Aluminium profile EN15804 A1-A3).,,
b22ed050-c0ad-4d53-bc0e-24b669ebc93d,sulphuric acid,ElementaryFlow,Emissions / Emissions to water,kg,007664-93-9,reference,ILCD/EF background flow (Sphera GaBi dataset, Aluminium profile EN15804 A1-A3).,,
b3309166-6681-46d8-a43e-68126b3f2053,to rivers, artificial,ElementaryFlow,Land use / Land transformation,m2,,reference,ILCD/EF background flow (Sphera GaBi dataset, Aluminium profile EN15804 A1-A3).,,
b58d235e-0da5-4128-8200-2298b9b18a6d,chloramide,ElementaryFlow,Emissions / Emissions to water,kg,010599-90-3,reference,ILCD/EF background flow (Sphera GaBi dataset, Aluminium profile EN15804 A1-A3).,,
b6d6d67f-a3c4-4292-93cf-0454339ace53,from bare area,ElementaryFlow,Land use / Land transformation,m2,,reference,ILCD/EF background flow (Sphera GaBi dataset, Aluminium profile EN15804 A1-A3).,,
b76e1ff4-d0f3-4906-b6f9-240112e3dd69,pasture/meadow, intensive,ElementaryFlow,Land use / Land occupation,m2*a,,reference,ILCD/EF background flow (Sphera GaBi dataset, Aluminium profile EN15804 A1-A3).,,
b88d3b6d-229e-477e-bce1-e16376f75c7b,arable,ElementaryFlow,Land use / Land occupation,m2*a,,reference,ILCD/EF background flow (Sphera GaBi dataset, Aluminium profile EN15804 A1-A3).,,
c0143eba-3daf-44ad-8d34-6e1d34128ace,from agriculture,ElementaryFlow,Land use / Land transformation,m2,,reference,ILCD/EF background flow (Sphera GaBi dataset, Aluminium profile EN15804 A1-A3).,,
c038cfe9-d31b-4a66-939d-0861478ffe31,nitrogen, total (excluding N2),ElementaryFlow,Emissions / Emissions to air,kg,,reference,ILCD/EF background flow (Sphera GaBi dataset, Aluminium profile EN15804 A1-A3).,,
c272c3fb-b732-48fb-8eaf-b89f8c67e8ce,Aldehydes, unspecified,ElementaryFlow,Emissions / Emissions to air,kg,,reference,ILCD/EF background flow (Sphera GaBi dataset, Aluminium profile EN15804 A1-A3).,,
c322c9e3-e37c-416a-9bf1-216a18506386,Phosphorus,ElementaryFlow,Emissions / Emissions to air,kg,007723-14-0,reference,ILCD/EF background flow (Sphera GaBi dataset, Aluminium profile EN15804 A1-A3).,,
c38ef9cf-ae41-40a8-b018-58d9472c7cfa,forest, used,ElementaryFlow,Land use / Land occupation,m2*a,,reference,ILCD/EF background flow (Sphera GaBi dataset, Aluminium profile EN15804 A1-A3).,,
c81bc0dc-91bc-4bf9-9c85-2d80630b4997,5-[2-chloro-4-(trifluoromethyl)phenoxy]-N-(methylsulphonyl)-2-nitrobenzamide,ElementaryFlow,Emissions / Emissions to water,kg,072178-02-0,reference,ILCD/EF background flow (Sphera GaBi dataset, Aluminium profile EN15804 A1-A3).,,
ca40df09-f9a7-410f-b878-3e549667d1c9,monocrotophos,ElementaryFlow,Emissions / Emissions to soil,kg,006923-22-4,reference,ILCD/EF background flow (Sphera GaBi dataset, Aluminium profile EN15804 A1-A3).,,
ca6db37c-1592-4468-8a0f-ec35ca8b5c76,from wetlands, inland,ElementaryFlow,Land use / Land transformation,m2,,reference,ILCD/EF background flow (Sphera GaBi dataset, Aluminium profile EN15804 A1-A3).,,
cb28e592-6d08-4cfc-8696-74d788f55175,Carbonyl sulfide,ElementaryFlow,Emissions / Emissions to air,kg,000463-58-1,reference,ILCD/EF background flow (Sphera GaBi dataset, Aluminium profile EN15804 A1-A3).,,
ceabbb26-5d70-41f2-81bd-c1b096dc0931,permanent crops,ElementaryFlow,Land use / Land occupation,m2*a,,reference,ILCD/EF background flow (Sphera GaBi dataset, Aluminium profile EN15804 A1-A3).,,
cfbab3f5-0553-4a4d-baf0-8592d9866ab5,Oil sand (10% bitumen),ElementaryFlow,Resources / Resources from ground,MJ,,reference,ILCD/EF background flow (Sphera GaBi dataset, Aluminium profile EN15804 A1-A3).,,
cff12f64-4450-4c71-a35c-1fb1ba3e2d87,tert-butylamine,ElementaryFlow,Emissions / Emissions to water,kg,000075-64-9,reference,ILCD/EF background flow (Sphera GaBi dataset, Aluminium profile EN15804 A1-A3).,,
d00f228e-f157-4c8d-87fe-f785723f6128,chloroacetic acid,ElementaryFlow,Emissions / Emissions to water,kg,000079-11-8,reference,ILCD/EF background flow (Sphera GaBi dataset, Aluminium profile EN15804 A1-A3).,,
d03f6a20-21c6-445b-9e1d-3a1d34281baa,Jarosite,WasteFlow,Wastes / Other waste,kg,,reference,ILCD/EF background flow (Sphera GaBi dataset, Aluminium profile EN15804 A1-A3).,,
d0630a10-a018-4624-b617-ffd63044b522,unspecified, natural,ElementaryFlow,Land use / Land occupation,m2*a,,reference,ILCD/EF background flow (Sphera GaBi dataset, Aluminium profile EN15804 A1-A3).,,
d0c20793-3df9-44d3-9c84-5fb6feedcd12,from arable, irrigated,ElementaryFlow,Land use / Land transformation,m2,,reference,ILCD/EF background flow (Sphera GaBi dataset, Aluminium profile EN15804 A1-A3).,,
d15192f8-a3d1-4ce2-ae43-fcc10c4e9d2d,imidacloprid,ElementaryFlow,Emissions / Emissions to water,kg,138261-41-3,reference,ILCD/EF background flow (Sphera GaBi dataset, Aluminium profile EN15804 A1-A3).,,
d1e249b9-59b4-45c4-b1cb-ad89a2dd167b,sulphuric acid,ElementaryFlow,Emissions / Emissions to air,kg,007664-93-9,reference,ILCD/EF background flow (Sphera GaBi dataset, Aluminium profile EN15804 A1-A3).,,
d209b3b6-944f-482e-9a42-a818de873a58,isopropylamine,ElementaryFlow,Emissions / Emissions to air,kg,000075-31-0,reference,ILCD/EF background flow (Sphera GaBi dataset, Aluminium profile EN15804 A1-A3).,,
d217e3a3-24b6-4214-8ca1-8c2f3ac4fedf,HCFC-142b,ElementaryFlow,Emissions / Emissions to air,kg,000075-68-3,reference,ILCD/EF background flow (Sphera GaBi dataset, Aluminium profile EN15804 A1-A3).,,
d30e2c86-78a3-4693-99c9-e69b95548e99,from forest, extensive,ElementaryFlow,Land use / Land transformation,m2,,reference,ILCD/EF background flow (Sphera GaBi dataset, Aluminium profile EN15804 A1-A3).,,
d4008b63-fb71-4e00-bfda-3528c9c7e40d,from forest, used,ElementaryFlow,Land use / Land transformation,m2,,reference,ILCD/EF background flow (Sphera GaBi dataset, Aluminium profile EN15804 A1-A3).,,
d4b314f8-1a50-45bf-b139-79dca87d197f,from unspecified, natural,ElementaryFlow,Land use / Land transformation,m2,,reference,ILCD/EF background flow (Sphera GaBi dataset, Aluminium profile EN15804 A1-A3).,,
d4c1f455-acaf-4978-ab42-1d3e5a52ccc1,flumioxazin,ElementaryFlow,Emissions / Emissions to water,kg,103361-09-7,reference,ILCD/EF background flow (Sphera GaBi dataset, Aluminium profile EN15804 A1-A3).,,
d50b9164-4b86-4115-ab92-eba00694b2f3,Waste rock,WasteFlow,Wastes / Other waste,kg,,reference,ILCD/EF background flow (Sphera GaBi dataset, Aluminium profile EN15804 A1-A3).,,
d5f43560-3adf-4fc3-96a4-0d4b2fb803e9,arsenic V,ElementaryFlow,Emissions / Emissions to water,kg,061805-96-7,reference,ILCD/EF background flow (Sphera GaBi dataset, Aluminium profile EN15804 A1-A3).,,
d739e50f-6681-4a5b-979d-0a17bdd6f067,sodium methylarsonate,ElementaryFlow,Emissions / Emissions to water,kg,002163-80-6,reference,ILCD/EF background flow (Sphera GaBi dataset, Aluminium profile EN15804 A1-A3).,,
d7aa83f8-cc36-42d3-9475-2b241a4cc9ba,Tailings (deposited),WasteFlow,Wastes / Other waste,kg,,reference,ILCD/EF background flow (Sphera GaBi dataset, Aluminium profile EN15804 A1-A3).,,
d7c58737-6937-4ba9-bd00-c5df908cc9aa,arable, irrigated,ElementaryFlow,Land use / Land occupation,m2*a,,reference,ILCD/EF background flow (Sphera GaBi dataset, Aluminium profile EN15804 A1-A3).,,
d86b9e7f-6555-11dd-ad8b-0800200c9a66,total organic carbon,ElementaryFlow,Emissions / Emissions to soil,kg,,reference,ILCD/EF background flow (Sphera GaBi dataset, Aluminium profile EN15804 A1-A3).,,
d86b9e8a-6555-11dd-ad8b-0800200c9a66,hydrocarbons (unspecified),ElementaryFlow,Emissions / Emissions to air,kg,,reference,ILCD/EF background flow (Sphera GaBi dataset, Aluminium profile EN15804 A1-A3).,,
d86bc57b-6555-11dd-ad8b-0800200c9a66,particles (PM10),ElementaryFlow,Emissions / Emissions to water,kg,,reference,ILCD/EF background flow (Sphera GaBi dataset, Aluminium profile EN15804 A1-A3).,,
d86bec97-6555-11dd-ad8b-0800200c9a66,hydrocarbons (unspecified),ElementaryFlow,Emissions / Emissions to soil,kg,,reference,ILCD/EF background flow (Sphera GaBi dataset, Aluminium profile EN15804 A1-A3).,,
d86beca3-6555-11dd-ad8b-0800200c9a66,total organic carbon,ElementaryFlow,Emissions / Emissions to soil,kg,,reference,ILCD/EF background flow (Sphera GaBi dataset, Aluminium profile EN15804 A1-A3).,,
d86c61e4-6555-11dd-ad8b-0800200c9a66,cyanide,ElementaryFlow,Emissions / Emissions to air,kg,000057-12-5,reference,ILCD/EF background flow (Sphera GaBi dataset, Aluminium profile EN15804 A1-A3).,,
d86c88e9-6555-11dd-ad8b-0800200c9a66,formic acid,ElementaryFlow,Emissions / Emissions to water,kg,000064-18-6,reference,ILCD/EF background flow (Sphera GaBi dataset, Aluminium profile EN15804 A1-A3).,,
d86cafd6-6555-11dd-ad8b-0800200c9a66,n-propanol,ElementaryFlow,Emissions / Emissions to water,kg,000071-23-8,reference,ILCD/EF background flow (Sphera GaBi dataset, Aluminium profile EN15804 A1-A3).,,
d86cd6e1-6555-11dd-ad8b-0800200c9a66,methylamine,ElementaryFlow,Emissions / Emissions to water,kg,000074-89-5,reference,ILCD/EF background flow (Sphera GaBi dataset, Aluminium profile EN15804 A1-A3).,,
d95b14c6-a02b-43cd-a105-dcc487764f65,Thorium,ElementaryFlow,Emissions / Emissions to water,kg,007440-29-1,reference,ILCD/EF background flow (Sphera GaBi dataset, Aluminium profile EN15804 A1-A3).,,
d9f290a2-b6c7-4b5a-a6ce-472d31b8c7d4,sodium methylarsonate,ElementaryFlow,Emissions / Emissions to air,kg,002163-80-6,reference,ILCD/EF background flow (Sphera GaBi dataset, Aluminium profile EN15804 A1-A3).,,
da174fac-e567-42d3-99b5-a688913dc88e,carbon dioxide (biogenic),ElementaryFlow,Resources / Resources from air,kg,000124-38-9,reference,ILCD/EF background flow (Sphera GaBi dataset, Aluminium profile EN15804 A1-A3).,,
da841aa2-7d85-4a6f-929c-7db64b4c4e59,Volume occupied, underground deposit,ElementaryFlow,Land use / Land occupation,m3,,reference,ILCD/EF background flow (Sphera GaBi dataset, Aluminium profile EN15804 A1-A3).,,
dc3f4893-9db3-4d19-b108-bcd3a44ed78d,to urban, discontinuously built,ElementaryFlow,Land use / Land transformation,m2,,reference,ILCD/EF background flow (Sphera GaBi dataset, Aluminium profile EN15804 A1-A3).,,
dc65135e-0c62-40de-8f66-b41f519bd9e6,to urban,ElementaryFlow,Land use / Land transformation,m2,,reference,ILCD/EF background flow (Sphera GaBi dataset, Aluminium profile EN15804 A1-A3).,,
dd5923b1-6ff5-4bb2-a37a-20b84727c16a,from permanent crops, non-irrigated, extensive,ElementaryFlow,Land use / Land transformation,m2,,reference,ILCD/EF background flow (Sphera GaBi dataset, Aluminium profile EN15804 A1-A3).,,
deeb7d56-80f6-475a-8d80-925ab0704687,2,4,6,8-tetramethyl-1,3,5,7-tetraoxacyclooctane,ElementaryFlow,Emissions / Emissions to soil,kg,000108-62-3,reference,ILCD/EF background flow (Sphera GaBi dataset, Aluminium profile EN15804 A1-A3).,,
dff7d229-b08e-4bdb-9eae-c88d8e074f0a,total suspended solids, unspecified,ElementaryFlow,Emissions / Emissions to water,kg,,reference,ILCD/EF background flow (Sphera GaBi dataset, Aluminium profile EN15804 A1-A3).,,
e1716164-e906-48e4-ad77-8f2ec4a9a4c5,nitrogen, total (excluding N2),ElementaryFlow,Emissions / Emissions to water,kg,,reference,ILCD/EF background flow (Sphera GaBi dataset, Aluminium profile EN15804 A1-A3).,,
e1d56d4e-afe3-4b92-bd51-0a21f75e50a8,agriculture,ElementaryFlow,Land use / Land occupation,m2*a,,reference,ILCD/EF background flow (Sphera GaBi dataset, Aluminium profile EN15804 A1-A3).,,
e1f89e32-e86c-452d-91bc-57d93ded3d0d,traffic area, rail network,ElementaryFlow,Land use / Land occupation,m2*a,,reference,ILCD/EF background flow (Sphera GaBi dataset, Aluminium profile EN15804 A1-A3).,,
e29e7755-623d-47fb-b2ac-c0615a1b709f,from pasture/meadow,ElementaryFlow,Land use / Land transformation,m2,,reference,ILCD/EF background flow (Sphera GaBi dataset, Aluminium profile EN15804 A1-A3).,,
e2fa6871-6555-11dd-ad8b-0800200c9a66,ethyl amine,ElementaryFlow,Emissions / Emissions to water,kg,000075-04-7,reference,ILCD/EF background flow (Sphera GaBi dataset, Aluminium profile EN15804 A1-A3).,,
e2fa8f80-6555-11dd-ad8b-0800200c9a66,trimethylamine,ElementaryFlow,Emissions / Emissions to water,kg,000075-50-3,reference,ILCD/EF background flow (Sphera GaBi dataset, Aluminium profile EN15804 A1-A3).,,
e2fa8f8e-6555-11dd-ad8b-0800200c9a66,olivine,ElementaryFlow,Resources / Resources from ground,kg,019086-72-7,reference,ILCD/EF background flow (Sphera GaBi dataset, Aluminium profile EN15804 A1-A3).,,
e2fab6a8-6555-11dd-ad8b-0800200c9a66,chloropicrin,ElementaryFlow,Emissions / Emissions to soil,kg,000076-06-2,reference,ILCD/EF background flow (Sphera GaBi dataset, Aluminium profile EN15804 A1-A3).,,
e2fab6a9-6555-11dd-ad8b-0800200c9a66,chloropicrin,ElementaryFlow,Emissions / Emissions to water,kg,000076-06-2,reference,ILCD/EF background flow (Sphera GaBi dataset, Aluminium profile EN15804 A1-A3).,,
e2fab6b2-6555-11dd-ad8b-0800200c9a66,osmium,ElementaryFlow,Resources / Resources from ground,kg,007440-04-2,reference,ILCD/EF background flow (Sphera GaBi dataset, Aluminium profile EN15804 A1-A3).,,
e2fb04b0-6555-11dd-ad8b-0800200c9a66,oxygen,ElementaryFlow,Resources / Resources from air,kg,007782-44-7,reference,ILCD/EF background flow (Sphera GaBi dataset, Aluminium profile EN15804 A1-A3).,,
e2fb04c7-6555-11dd-ad8b-0800200c9a66,propionic acid,ElementaryFlow,Emissions / Emissions to water,kg,000079-09-4,reference,ILCD/EF background flow (Sphera GaBi dataset, Aluminium profile EN15804 A1-A3).,,
e2fb04d0-6555-11dd-ad8b-0800200c9a66,methyl acetate,ElementaryFlow,Emissions / Emissions to water,kg,000079-20-9,reference,ILCD/EF background flow (Sphera GaBi dataset, Aluminium profile EN15804 A1-A3).,,
e2fb2bc2-6555-11dd-ad8b-0800200c9a66,palladium,ElementaryFlow,Resources / Resources from ground,kg,007440-05-3,reference,ILCD/EF background flow (Sphera GaBi dataset, Aluminium profile EN15804 A1-A3).,,
e2fb79ef-6555-11dd-ad8b-0800200c9a66,methacrylate,ElementaryFlow,Emissions / Emissions to water,kg,000096-33-3,reference,ILCD/EF background flow (Sphera GaBi dataset, Aluminium profile EN15804 A1-A3).,,
e2fba107-6555-11dd-ad8b-0800200c9a66,peat,ElementaryFlow,Resources / Resources from ground,MJ,,reference,ILCD/EF background flow (Sphera GaBi dataset, Aluminium profile EN15804 A1-A3).,,
e3e55f5f-a49f-4f4c-8493-83a908a63b1f,Treatment residue (mineral, deposited),WasteFlow,Wastes / Other waste,kg,,reference,ILCD/EF background flow (Sphera GaBi dataset, Aluminium profile EN15804 A1-A3).,,
e412ed0d-8a14-4eea-a9f5-f966517360c0,Water to turbine,ElementaryFlow,Resources / Resources from water,m3,007732-18-5,reference,ILCD/EF background flow (Sphera GaBi dataset, Aluminium profile EN15804 A1-A3).,,
e78d81bf-4ad2-4f9b-b8f5-e94c9359a793,seabed,ElementaryFlow,Land use / Land occupation,m2*a,,reference,ILCD/EF background flow (Sphera GaBi dataset, Aluminium profile EN15804 A1-A3).,,
e8d69262-2e79-4122-9da8-fd9328da8d6b,Water,ElementaryFlow,Emissions / Emissions to water,m3,007732-18-5,reference,ILCD/EF background flow (Sphera GaBi dataset, Aluminium profile EN15804 A1-A3).,,
eaa753fd-5e72-4c93-9117-290cd6b11fbb,Hydrocarbons, aromatic,ElementaryFlow,Emissions / Emissions to air,kg,,reference,ILCD/EF background flow (Sphera GaBi dataset, Aluminium profile EN15804 A1-A3).,,
eb01bbdf-8977-4dd2-9c20-9d59d6f8a71f,forest, intensive,ElementaryFlow,Land use / Land occupation,m2*a,,reference,ILCD/EF background flow (Sphera GaBi dataset, Aluminium profile EN15804 A1-A3).,,
eb84226d-129f-49d8-8d69-cc484b7a6cbf,industrial area,ElementaryFlow,Land use / Land occupation,m2*a,,reference,ILCD/EF background flow (Sphera GaBi dataset, Aluminium profile EN15804 A1-A3).,,
ec215c53-d17a-4682-b805-4eee5e6d7db7,methyl lactate,ElementaryFlow,Emissions / Emissions to air,kg,000547-64-8,reference,ILCD/EF background flow (Sphera GaBi dataset, Aluminium profile EN15804 A1-A3).,,
f08d395e-6ef0-4ef0-af77-e40b9d5e5a07,Dichromate,ElementaryFlow,Emissions / Emissions to water,kg,,reference,ILCD/EF background flow (Sphera GaBi dataset, Aluminium profile EN15804 A1-A3).,,
f0aeeb00-6d5b-4e9d-8e3b-169d2b2e56d4,Low radioactive wastes,WasteFlow,Wastes / Radioactive waste,kg,,reference,ILCD/EF background flow (Sphera GaBi dataset, Aluminium profile EN15804 A1-A3).,,
f11f68ad-906b-493b-9213-2e9309cd6269,chlorosulphuric acid,ElementaryFlow,Emissions / Emissions to air,kg,007790-94-5,reference,ILCD/EF background flow (Sphera GaBi dataset, Aluminium profile EN15804 A1-A3).,,
f1266d9a-a062-4c3c-80cf-191c61912911,imidacloprid,ElementaryFlow,Emissions / Emissions to soil,kg,138261-41-3,reference,ILCD/EF background flow (Sphera GaBi dataset, Aluminium profile EN15804 A1-A3).,,
f1ba4180-afd2-4389-addc-e9358b957bf1,Oils, unspecified,ElementaryFlow,Emissions / Emissions to water,kg,,reference,ILCD/EF background flow (Sphera GaBi dataset, Aluminium profile EN15804 A1-A3).,,
f1c87a63-e96f-4837-9579-c0f8cae0b5a8,dimethyl malonate,ElementaryFlow,Emissions / Emissions to air,kg,000108-59-8,reference,ILCD/EF background flow (Sphera GaBi dataset, Aluminium profile EN15804 A1-A3).,,
f20439b3-200f-48d7-b0a0-972a0628a31e,to forest, intensive,ElementaryFlow,Land use / Land transformation,m2,,reference,ILCD/EF background flow (Sphera GaBi dataset, Aluminium profile EN15804 A1-A3).,,
f210f08e-7377-49b2-bed9-7e420a951ae9,to forest, secondary,ElementaryFlow,Land use / Land transformation,m2,,reference,ILCD/EF background flow (Sphera GaBi dataset, Aluminium profile EN15804 A1-A3).,,
f214600d-6555-11dd-ad8b-0800200c9a66,methyl formate,ElementaryFlow,Emissions / Emissions to water,kg,000107-31-3,reference,ILCD/EF background flow (Sphera GaBi dataset, Aluminium profile EN15804 A1-A3).,,
f214ae27-6555-11dd-ad8b-0800200c9a66,perlite,ElementaryFlow,Resources / Resources from ground,kg,093763-70-3,reference,ILCD/EF background flow (Sphera GaBi dataset, Aluminium profile EN15804 A1-A3).,,
f214d52e-6555-11dd-ad8b-0800200c9a66,1-pentene,ElementaryFlow,Emissions / Emissions to water,kg,000109-67-1,reference,ILCD/EF background flow (Sphera GaBi dataset, Aluminium profile EN15804 A1-A3).,,
f214fc33-6555-11dd-ad8b-0800200c9a66,diethylamine,ElementaryFlow,Emissions / Emissions to water,kg,000109-89-7,reference,ILCD/EF background flow (Sphera GaBi dataset, Aluminium profile EN15804 A1-A3).,,
f2152373-6555-11dd-ad8b-0800200c9a66,dodecane,ElementaryFlow,Emissions / Emissions to water,kg,000112-40-3,reference,ILCD/EF background flow (Sphera GaBi dataset, Aluminium profile EN15804 A1-A3).,,
f3a46e24-de9e-4796-be40-eb4221021334,Oils, unspecified,ElementaryFlow,Emissions / Emissions to soil,kg,,reference,ILCD/EF background flow (Sphera GaBi dataset, Aluminium profile EN15804 A1-A3).,,
f49ad273-9482-453c-8bdb-dadf8751e3ae,from permanent crops,ElementaryFlow,Land use / Land transformation,m2,,reference,ILCD/EF background flow (Sphera GaBi dataset, Aluminium profile EN15804 A1-A3).,,
f5ca317d-5aab-4adf-add9-6ec43f5ffbd0,grassland, not used,ElementaryFlow,Land use / Land occupation,m2*a,,reference,ILCD/EF background flow (Sphera GaBi dataset, Aluminium profile EN15804 A1-A3).,,
f6225b5f-b9cf-4c88-82d2-a578e1ce5e42,to arable, irrigated, intensive,ElementaryFlow,Land use / Land transformation,m2,,reference,ILCD/EF background flow (Sphera GaBi dataset, Aluminium profile EN15804 A1-A3).,,
f62266ab-2385-45b1-beb6-cbdbafaeb00b,ground water,ElementaryFlow,Resources / Resources from water,m3,007732-18-5,reference,ILCD/EF background flow (Sphera GaBi dataset, Aluminium profile EN15804 A1-A3).,,
f6637a0f-6f2e-4426-9ebc-6cbdbab1bd5f,arable, non-irrigated, extensive,ElementaryFlow,Land use / Land occupation,m2*a,,reference,ILCD/EF background flow (Sphera GaBi dataset, Aluminium profile EN15804 A1-A3).,,
f79d0f8f-2b0e-49cb-bed0-b1ea0fbd8625,Nitrogen oxides,ElementaryFlow,Emissions / Emissions to air,kg,011104-93-1,reference,ILCD/EF background flow (Sphera GaBi dataset, Aluminium profile EN15804 A1-A3).,,
fa1d0ee9-d657-4d0b-9ee4-7a0f5f46d462,Spoil (deposited),WasteFlow,Wastes / Other waste,kg,,reference,ILCD/EF background flow (Sphera GaBi dataset, Aluminium profile EN15804 A1-A3).,,
fa2e1801-45ae-4be4-a7ea-2ecad5597faa,thiophanate-methyl,ElementaryFlow,Emissions / Emissions to water,kg,023564-05-8,reference,ILCD/EF background flow (Sphera GaBi dataset, Aluminium profile EN15804 A1-A3).,,
fa4d0c5b-122a-44db-b6c3-ce03a0c6f794,Aluminium extrusion profile,ProductFlow,Materials production / Metals and semimetals,kg,007429-90-5,reference,ILCD/EF background flow (Sphera GaBi dataset, Aluminium profile EN15804 A1-A3).,,
fae48449-451a-4d3c-b2fd-fc9102913b95,to unspecified, natural,ElementaryFlow,Land use / Land transformation,m2,,reference,ILCD/EF background flow (Sphera GaBi dataset, Aluminium profile EN15804 A1-A3).,,
fafd0232-2d04-483c-b8f4-0d8f76badb6d,1,1'-dimethyl-4,4'-bipyridinium,ElementaryFlow,Emissions / Emissions to water,kg,004685-14-7,reference,ILCD/EF background flow (Sphera GaBi dataset, Aluminium profile EN15804 A1-A3).,,
fd1c8318-2bdf-4f69-88d2-f0dd1df90192,dipropylamine,ElementaryFlow,Emissions / Emissions to air,kg,000142-84-7,reference,ILCD/EF background flow (Sphera GaBi dataset, Aluminium profile EN15804 A1-A3).,,
fe0acd60-3ddc-11dd-9e55-0050c2490048,HFC-23,ElementaryFlow,Emissions / Emissions to air,kg,000075-46-7,reference,ILCD/EF background flow (Sphera GaBi dataset, Aluminium profile EN15804 A1-A3).,,
fe0acd60-3ddc-11dd-9e5c-0050c2490048,manganese,ElementaryFlow,Resources / Resources from ground,kg,007439-96-5,reference,ILCD/EF background flow (Sphera GaBi dataset, Aluminium profile EN15804 A1-A3).,,
fe0acd60-3ddc-11dd-9e5d-0050c2490048,manganese-54,ElementaryFlow,Emissions / Emissions to air,kBq,013966-31-9,reference,ILCD/EF background flow (Sphera GaBi dataset, Aluminium profile EN15804 A1-A3).,,
fe0acd60-3ddc-11dd-9e61-0050c2490048,manganese-54,ElementaryFlow,Emissions / Emissions to water,kBq,013966-31-9,reference,ILCD/EF background flow (Sphera GaBi dataset, Aluminium profile EN15804 A1-A3).,,
fe0acd60-3ddc-11dd-9e65-0050c2490048,2-methyl-4-chlorophenoxyacetic acid,ElementaryFlow,Emissions / Emissions to soil,kg,000094-74-6,reference,ILCD/EF background flow (Sphera GaBi dataset, Aluminium profile EN15804 A1-A3).,,
fe0acd60-3ddc-11dd-9e68-0050c2490048,sulfur,ElementaryFlow,Emissions / Emissions to soil,kg,007704-34-9,reference,ILCD/EF background flow (Sphera GaBi dataset, Aluminium profile EN15804 A1-A3).,,
fe0acd60-3ddc-11dd-9e69-0050c2490048,sulfur,ElementaryFlow,Emissions / Emissions to water,kg,007704-34-9,reference,ILCD/EF background flow (Sphera GaBi dataset, Aluminium profile EN15804 A1-A3).,,
fe0acd60-3ddc-11dd-9ee1-0050c2490048,fluoranthene,ElementaryFlow,Emissions / Emissions to air,kg,000206-44-0,reference,ILCD/EF background flow (Sphera GaBi dataset, Aluminium profile EN15804 A1-A3).,,
fe0acd60-3ddc-11dd-9ee6-0050c2490048,formaldehyde,ElementaryFlow,Emissions / Emissions to water,kg,000050-00-0,reference,ILCD/EF background flow (Sphera GaBi dataset, Aluminium profile EN15804 A1-A3).,,
fe0acd60-3ddc-11dd-9eff-0050c2490048,m-xylene,ElementaryFlow,Emissions / Emissions to water,kg,000108-38-3,reference,ILCD/EF background flow (Sphera GaBi dataset, Aluminium profile EN15804 A1-A3).,,
fe0acd60-3ddc-11dd-9f05-0050c2490048,propanal,ElementaryFlow,Emissions / Emissions to air,kg,000123-38-6,reference,ILCD/EF background flow (Sphera GaBi dataset, Aluminium profile EN15804 A1-A3).,,
fe0acd60-3ddc-11dd-9f07-0050c2490048,strontium-90,ElementaryFlow,Emissions / Emissions to water,kBq,010098-97-2,reference,ILCD/EF background flow (Sphera GaBi dataset, Aluminium profile EN15804 A1-A3).,,
fe0acd60-3ddc-11dd-9f0a-0050c2490048,hydrazine,ElementaryFlow,Emissions / Emissions to air,kg,000302-01-2,reference,ILCD/EF background flow (Sphera GaBi dataset, Aluminium profile EN15804 A1-A3).,,
fe0acd60-3ddc-11dd-9f59-0050c2490048,mancozeb,ElementaryFlow,Emissions / Emissions to air,kg,008018-01-7,reference,ILCD/EF background flow (Sphera GaBi dataset, Aluminium profile EN15804 A1-A3).,,
fe0acd60-3ddc-11dd-9f5a-0050c2490048,lead dioxide,ElementaryFlow,Emissions / Emissions to air,kg,001309-60-0,reference,ILCD/EF background flow (Sphera GaBi dataset, Aluminium profile EN15804 A1-A3).,,
fe0acd60-3ddc-11dd-9f60-0050c2490048,silver,ElementaryFlow,Emissions / Emissions to soil,kg,007440-22-4,reference,ILCD/EF background flow (Sphera GaBi dataset, Aluminium profile EN15804 A1-A3).,,
fe0acd60-3ddc-11dd-9f8f-0050c2490048,2,4-dimethylphenol,ElementaryFlow,Emissions / Emissions to water,kg,000105-67-9,reference,ILCD/EF background flow (Sphera GaBi dataset, Aluminium profile EN15804 A1-A3).,,
fe0acd60-3ddc-11dd-9fb6-0050c2490048,zinc-65,ElementaryFlow,Emissions / Emissions to water,kBq,013982-39-3,reference,ILCD/EF background flow (Sphera GaBi dataset, Aluminium profile EN15804 A1-A3).,,
fe0acd60-3ddc-11dd-9fcf-0050c2490048,caprolactam,ElementaryFlow,Emissions / Emissions to air,kg,000105-60-2,reference,ILCD/EF background flow (Sphera GaBi dataset, Aluminium profile EN15804 A1-A3).,,
fe0acd60-3ddc-11dd-9fd8-0050c2490048,phenanthrene,ElementaryFlow,Emissions / Emissions to water,kg,000085-01-8,reference,ILCD/EF background flow (Sphera GaBi dataset, Aluminium profile EN15804 A1-A3).,,
fe0acd60-3ddc-11dd-9fdc-0050c2490048,phenanthrene,ElementaryFlow,Emissions / Emissions to air,kg,000085-01-8,reference,ILCD/EF background flow (Sphera GaBi dataset, Aluminium profile EN15804 A1-A3).,,
fe0acd60-3ddc-11dd-9fe2-0050c2490048,1-pentene,ElementaryFlow,Emissions / Emissions to air,kg,000109-67-1,reference,ILCD/EF background flow (Sphera GaBi dataset, Aluminium profile EN15804 A1-A3).,,
fe0acd60-3ddc-11dd-9fe7-0050c2490048,permethrin,ElementaryFlow,Emissions / Emissions to soil,kg,052645-53-1,reference,ILCD/EF background flow (Sphera GaBi dataset, Aluminium profile EN15804 A1-A3).,,
fe0acd60-3ddc-11dd-9fed-0050c2490048,permethrin,ElementaryFlow,Emissions / Emissions to air,kg,052645-53-1,reference,ILCD/EF background flow (Sphera GaBi dataset, Aluminium profile EN15804 A1-A3).,,
fe0acd60-3ddc-11dd-a04b-0050c2490048,phorate,ElementaryFlow,Emissions / Emissions to water,kg,000298-02-2,reference,ILCD/EF background flow (Sphera GaBi dataset, Aluminium profile EN15804 A1-A3).,,
fe0acd60-3ddc-11dd-a066-0050c2490048,tributylphosphorotrithioate,ElementaryFlow,Emissions / Emissions to soil,kg,000078-48-8,reference,ILCD/EF background flow (Sphera GaBi dataset, Aluminium profile EN15804 A1-A3).,,
fe0acd60-3ddc-11dd-a0bb-0050c2490048,prometryn,ElementaryFlow,Emissions / Emissions to soil,kg,007287-19-6,reference,ILCD/EF background flow (Sphera GaBi dataset, Aluminium profile EN15804 A1-A3).,,
fe0acd60-3ddc-11dd-a0bd-0050c2490048,prometryn,ElementaryFlow,Emissions / Emissions to air,kg,007287-19-6,reference,ILCD/EF background flow (Sphera GaBi dataset, Aluminium profile EN15804 A1-A3).,,
fe0acd60-3ddc-11dd-a0c1-0050c2490048,prometryn,ElementaryFlow,Emissions / Emissions to water,kg,007287-19-6,reference,ILCD/EF background flow (Sphera GaBi dataset, Aluminium profile EN15804 A1-A3).,,
fe0acd60-3ddc-11dd-a197-0050c2490048,pursuit,ElementaryFlow,Emissions / Emissions to soil,kg,081335-77-5,reference,ILCD/EF background flow (Sphera GaBi dataset, Aluminium profile EN15804 A1-A3).,,
fe0acd60-3ddc-11dd-a199-0050c2490048,pursuit,ElementaryFlow,Emissions / Emissions to air,kg,081335-77-5,reference,ILCD/EF background flow (Sphera GaBi dataset, Aluminium profile EN15804 A1-A3).,,
fe0acd60-3ddc-11dd-a1b1-0050c2490048,roundup,ElementaryFlow,Emissions / Emissions to soil,kg,038641-94-0,reference,ILCD/EF background flow (Sphera GaBi dataset, Aluminium profile EN15804 A1-A3).,,
fe0acd60-3ddc-11dd-a1b3-0050c2490048,roundup,ElementaryFlow,Emissions / Emissions to air,kg,038641-94-0,reference,ILCD/EF background flow (Sphera GaBi dataset, Aluminium profile EN15804 A1-A3).,,
fe0acd60-3ddc-11dd-a207-0050c2490048,sulfur oxides,ElementaryFlow,Emissions / Emissions to air,kg,,reference,ILCD/EF background flow (Sphera GaBi dataset, Aluminium profile EN15804 A1-A3).,,
fe0acd60-3ddc-11dd-a255-0050c2490048,terbufos,ElementaryFlow,Emissions / Emissions to air,kg,013071-79-9,reference,ILCD/EF background flow (Sphera GaBi dataset, Aluminium profile EN15804 A1-A3).,,
fe0acd60-3ddc-11dd-a259-0050c2490048,terbufos,ElementaryFlow,Emissions / Emissions to water,kg,013071-79-9,reference,ILCD/EF background flow (Sphera GaBi dataset, Aluminium profile EN15804 A1-A3).,,
fe0acd60-3ddc-11dd-a26f-0050c2490048,acrylic acid,ElementaryFlow,Emissions / Emissions to air,kg,000079-10-7,reference,ILCD/EF background flow (Sphera GaBi dataset, Aluminium profile EN15804 A1-A3).,,
fe0acd60-3ddc-11dd-a274-0050c2490048,diquat dibromide,ElementaryFlow,Emissions / Emissions to soil,kg,000085-00-7,reference,ILCD/EF background flow (Sphera GaBi dataset, Aluminium profile EN15804 A1-A3).,,
fe0acd60-3ddc-11dd-a282-0050c2490048,1,3,5-trimethylbenzene,ElementaryFlow,Emissions / Emissions to air,kg,000108-67-8,reference,ILCD/EF background flow (Sphera GaBi dataset, Aluminium profile EN15804 A1-A3).,,
fe0acd60-3ddc-11dd-a290-0050c2490048,cadmium,ElementaryFlow,Emissions / Emissions to water,kg,007440-43-9,reference,ILCD/EF background flow (Sphera GaBi dataset, Aluminium profile EN15804 A1-A3).,,
fe0acd60-3ddc-11dd-a293-0050c2490048,cadmium,ElementaryFlow,Emissions / Emissions to soil,kg,007440-43-9,reference,ILCD/EF background flow (Sphera GaBi dataset, Aluminium profile EN15804 A1-A3).,,
fe0acd60-3ddc-11dd-a294-0050c2490048,cadmium,ElementaryFlow,Emissions / Emissions to water,kg,007440-43-9,reference,ILCD/EF background flow (Sphera GaBi dataset, Aluminium profile EN15804 A1-A3).,,
fe0acd60-3ddc-11dd-a295-0050c2490048,cadmium,ElementaryFlow,Resources / Resources from ground,kg,007440-43-9,reference,ILCD/EF background flow (Sphera GaBi dataset, Aluminium profile EN15804 A1-A3).,,
fe0acd60-3ddc-11dd-a296-0050c2490048,calcium,ElementaryFlow,Emissions / Emissions to water,kg,007440-70-2,reference,ILCD/EF background flow (Sphera GaBi dataset, Aluminium profile EN15804 A1-A3).,,
fe0acd60-3ddc-11dd-a29a-0050c2490048,pentachlorobenzene,ElementaryFlow,Emissions / Emissions to air,kg,000608-93-5,reference,ILCD/EF background flow (Sphera GaBi dataset, Aluminium profile EN15804 A1-A3).,,
fe0acd60-3ddc-11dd-a2b0-0050c2490048,benzo[a]anthracene,ElementaryFlow,Emissions / Emissions to air,kg,000056-55-3,reference,ILCD/EF background flow (Sphera GaBi dataset, Aluminium profile EN15804 A1-A3).,,
fe0acd60-3ddc-11dd-a2b4-0050c2490048,benzo[a]anthracene,ElementaryFlow,Emissions / Emissions to water,kg,000056-55-3,reference,ILCD/EF background flow (Sphera GaBi dataset, Aluminium profile EN15804 A1-A3).,,
fe0acd60-3ddc-11dd-a2b8-0050c2490048,benzo[a]anthracene,ElementaryFlow,Emissions / Emissions to water,kg,000056-55-3,reference,ILCD/EF background flow (Sphera GaBi dataset, Aluminium profile EN15804 A1-A3).,,
fe0acd60-3ddc-11dd-a2be-0050c2490048,molybdenum,ElementaryFlow,Resources / Resources from ground,kg,007439-98-7,reference,ILCD/EF background flow (Sphera GaBi dataset, Aluminium profile EN15804 A1-A3).,,
fe0acd60-3ddc-11dd-a2bf-0050c2490048,gold,ElementaryFlow,Resources / Resources from ground,kg,007440-57-5,reference,ILCD/EF background flow (Sphera GaBi dataset, Aluminium profile EN15804 A1-A3).,,
fe0acd60-3ddc-11dd-a2e0-0050c2490048,chlorobenzene,ElementaryFlow,Emissions / Emissions to air,kg,000108-90-7,reference,ILCD/EF background flow (Sphera GaBi dataset, Aluminium profile EN15804 A1-A3).,,
fe0acd60-3ddc-11dd-a2e4-0050c2490048,chlorobenzene,ElementaryFlow,Emissions / Emissions to water,kg,000108-90-7,reference,ILCD/EF background flow (Sphera GaBi dataset, Aluminium profile EN15804 A1-A3).,,
fe0acd60-3ddc-11dd-a2eb-0050c2490048,ethyl benzene,ElementaryFlow,Emissions / Emissions to air,kg,000100-41-4,reference,ILCD/EF background flow (Sphera GaBi dataset, Aluminium profile EN15804 A1-A3).,,
fe0acd60-3ddc-11dd-a2ef-0050c2490048,ethyl benzene,ElementaryFlow,Emissions / Emissions to water,kg,000100-41-4,reference,ILCD/EF background flow (Sphera GaBi dataset, Aluminium profile EN15804 A1-A3).,,
fe0acd60-3ddc-11dd-a2f4-0050c2490048,diuron,ElementaryFlow,Emissions / Emissions to soil,kg,000330-54-1,reference,ILCD/EF background flow (Sphera GaBi dataset, Aluminium profile EN15804 A1-A3).,,
fe0acd60-3ddc-11dd-a2f6-0050c2490048,diuron,ElementaryFlow,Emissions / Emissions to air,kg,000330-54-1,reference,ILCD/EF background flow (Sphera GaBi dataset, Aluminium profile EN15804 A1-A3).,,
fe0acd60-3ddc-11dd-a2fa-0050c2490048,diuron,ElementaryFlow,Emissions / Emissions to water,kg,000330-54-1,reference,ILCD/EF background flow (Sphera GaBi dataset, Aluminium profile EN15804 A1-A3).,,
fe0acd60-3ddc-11dd-a300-0050c2490048,anthracene,ElementaryFlow,Emissions / Emissions to air,kg,000120-12-7,reference,ILCD/EF background flow (Sphera GaBi dataset, Aluminium profile EN15804 A1-A3).,,
fe0acd60-3ddc-11dd-a304-0050c2490048,anthracene,ElementaryFlow,Emissions / Emissions to water,kg,000120-12-7,reference,ILCD/EF background flow (Sphera GaBi dataset, Aluminium profile EN15804 A1-A3).,,
fe0acd60-3ddc-11dd-a308-0050c2490048,2-methyl-1-butene,ElementaryFlow,Emissions / Emissions to air,kg,000563-46-2,reference,ILCD/EF background flow (Sphera GaBi dataset, Aluminium profile EN15804 A1-A3).,,
fe0acd60-3ddc-11dd-a30c-0050c2490048,2-methyl-2-butene,ElementaryFlow,Emissions / Emissions to air,kg,000513-35-9,reference,ILCD/EF background flow (Sphera GaBi dataset, Aluminium profile EN15804 A1-A3).,,
fe0acd60-3ddc-11dd-a319-0050c2490048,erbium,ElementaryFlow,Resources / Resources from ground,kg,007440-52-0,reference,ILCD/EF background flow (Sphera GaBi dataset, Aluminium profile EN15804 A1-A3).,,
fe0acd60-3ddc-11dd-a31a-0050c2490048,esfenvalerate,ElementaryFlow,Emissions / Emissions to soil,kg,066230-04-4,reference,ILCD/EF background flow (Sphera GaBi dataset, Aluminium profile EN15804 A1-A3).,,
fe0acd60-3ddc-11dd-a31c-0050c2490048,esfenvalerate,ElementaryFlow,Emissions / Emissions to air,kg,066230-04-4,reference,ILCD/EF background flow (Sphera GaBi dataset, Aluminium profile EN15804 A1-A3).,,
fe0acd60-3ddc-11dd-a350-0050c2490048,argon,ElementaryFlow,Emissions / Emissions to air,kg,007440-37-1,reference,ILCD/EF background flow (Sphera GaBi dataset, Aluminium profile EN15804 A1-A3).,,
fe0acd60-3ddc-11dd-a354-0050c2490048,argon,ElementaryFlow,Resources / Resources from air,kg,007440-37-1,reference,ILCD/EF background flow (Sphera GaBi dataset, Aluminium profile EN15804 A1-A3).,,
fe0acd60-3ddc-11dd-a355-0050c2490048,argon-41,ElementaryFlow,Emissions / Emissions to air,kBq,014163-25-8,reference,ILCD/EF background flow (Sphera GaBi dataset, Aluminium profile EN15804 A1-A3).,,
fe0acd60-3ddc-11dd-a3a4-0050c2490048,chloroethane,ElementaryFlow,Emissions / Emissions to air,kg,000075-00-3,reference,ILCD/EF background flow (Sphera GaBi dataset, Aluminium profile EN15804 A1-A3).,,
fe0acd60-3ddc-11dd-a3b6-0050c2490048,tributyltin,ElementaryFlow,Emissions / Emissions to water,kg,000688-73-3,reference,ILCD/EF background flow (Sphera GaBi dataset, Aluminium profile EN15804 A1-A3).,,
fe0acd60-3ddc-11dd-a3ca-0050c2490048,atrazine,ElementaryFlow,Emissions / Emissions to soil,kg,001912-24-9,reference,ILCD/EF background flow (Sphera GaBi dataset, Aluminium profile EN15804 A1-A3).,,
fe0acd60-3ddc-11dd-a3cc-0050c2490048,atrazine,ElementaryFlow,Emissions / Emissions to air,kg,001912-24-9,reference,ILCD/EF background flow (Sphera GaBi dataset, Aluminium profile EN15804 A1-A3).,,
fe0acd60-3ddc-11dd-a3d5-0050c2490048,isoproturon,ElementaryFlow,Emissions / Emissions to soil,kg,034123-59-6,reference,ILCD/EF background flow (Sphera GaBi dataset, Aluminium profile EN15804 A1-A3).,,
fe0acd60-3ddc-11dd-a3d7-0050c2490048,isoproturon,ElementaryFlow,Emissions / Emissions to air,kg,034123-59-6,reference,ILCD/EF background flow (Sphera GaBi dataset, Aluminium profile EN15804 A1-A3).,,
fe0acd60-3ddc-11dd-a3ea-0050c2490048,HFC-125,ElementaryFlow,Emissions / Emissions to air,kg,000354-33-6,reference,ILCD/EF background flow (Sphera GaBi dataset, Aluminium profile EN15804 A1-A3).,,
fe0acd60-3ddc-11dd-a3f1-0050c2490048,ethanol,ElementaryFlow,Emissions / Emissions to water,kg,000064-17-5,reference,ILCD/EF background flow (Sphera GaBi dataset, Aluminium profile EN15804 A1-A3).,,
fe0acd60-3ddc-11dd-a3fc-0050c2490048,tetrachloroethene,ElementaryFlow,Emissions / Emissions to air,kg,000127-18-4,reference,ILCD/EF background flow (Sphera GaBi dataset, Aluminium profile EN15804 A1-A3).,,
fe0acd60-3ddc-11dd-a400-0050c2490048,tetrachloroethene,ElementaryFlow,Emissions / Emissions to water,kg,000127-18-4,reference,ILCD/EF background flow (Sphera GaBi dataset, Aluminium profile EN15804 A1-A3).,,
fe0acd60-3ddc-11dd-a404-0050c2490048,tetrachloroethene,ElementaryFlow,Emissions / Emissions to water,kg,000127-18-4,reference,ILCD/EF background flow (Sphera GaBi dataset, Aluminium profile EN15804 A1-A3).,,
fe0acd60-3ddc-11dd-a40f-0050c2490048,diethylamine,ElementaryFlow,Emissions / Emissions to air,kg,000109-89-7,reference,ILCD/EF background flow (Sphera GaBi dataset, Aluminium profile EN15804 A1-A3).,,
fe0acd60-3ddc-11dd-a412-0050c2490048,trichloroethene,ElementaryFlow,Emissions / Emissions to air,kg,000079-01-6,reference,ILCD/EF background flow (Sphera GaBi dataset, Aluminium profile EN15804 A1-A3).,,
fe0acd60-3ddc-11dd-a41b-0050c2490048,ethephon,ElementaryFlow,Emissions / Emissions to soil,kg,016672-87-0,reference,ILCD/EF background flow (Sphera GaBi dataset, Aluminium profile EN15804 A1-A3).,,
fe0acd60-3ddc-11dd-a429-0050c2490048,terbufos,ElementaryFlow,Emissions / Emissions to soil,kg,013071-79-9,reference,ILCD/EF background flow (Sphera GaBi dataset, Aluminium profile EN15804 A1-A3).,,
fe0acd60-3ddc-11dd-a434-0050c2490048,isobutanol,ElementaryFlow,Emissions / Emissions to water,kg,000078-83-1,reference,ILCD/EF background flow (Sphera GaBi dataset, Aluminium profile EN15804 A1-A3).,,
fe0acd60-3ddc-11dd-a43e-0050c2490048,ethephon,ElementaryFlow,Emissions / Emissions to water,kg,016672-87-0,reference,ILCD/EF background flow (Sphera GaBi dataset, Aluminium profile EN15804 A1-A3).,,
fe0acd60-3ddc-11dd-a453-0050c2490048,ethoprophos,ElementaryFlow,Emissions / Emissions to air,kg,013194-48-4,reference,ILCD/EF background flow (Sphera GaBi dataset, Aluminium profile EN15804 A1-A3).,,
fe0acd60-3ddc-11dd-a457-0050c2490048,ethoprophos,ElementaryFlow,Emissions / Emissions to water,kg,013194-48-4,reference,ILCD/EF background flow (Sphera GaBi dataset, Aluminium profile EN15804 A1-A3).,,
fe0acd60-3ddc-11dd-a47d-0050c2490048,ethylene,ElementaryFlow,Emissions / Emissions to air,kg,000074-85-1,reference,ILCD/EF background flow (Sphera GaBi dataset, Aluminium profile EN15804 A1-A3).,,
fe0acd60-3ddc-11dd-a485-0050c2490048,ethylene glycol,ElementaryFlow,Emissions / Emissions to water,kg,000107-21-1,reference,ILCD/EF background flow (Sphera GaBi dataset, Aluminium profile EN15804 A1-A3).,,
fe0acd60-3ddc-11dd-a488-0050c2490048,ethylene oxide,ElementaryFlow,Emissions / Emissions to air,kg,000075-21-8,reference,ILCD/EF background flow (Sphera GaBi dataset, Aluminium profile EN15804 A1-A3).,,
fe0acd60-3ddc-11dd-a492-0050c2490048,vinyl chloride,ElementaryFlow,Emissions / Emissions to air,kg,000075-01-4,reference,ILCD/EF background flow (Sphera GaBi dataset, Aluminium profile EN15804 A1-A3).,,
fe0acd60-3ddc-11dd-a496-0050c2490048,vinyl chloride,ElementaryFlow,Emissions / Emissions to water,kg,000075-01-4,reference,ILCD/EF background flow (Sphera GaBi dataset, Aluminium profile EN15804 A1-A3).,,
fe0acd60-3ddc-11dd-a4e9-0050c2490048,sethoxydim,ElementaryFlow,Emissions / Emissions to soil,kg,074051-80-2,reference,ILCD/EF background flow (Sphera GaBi dataset, Aluminium profile EN15804 A1-A3).,,
fe0acd60-3ddc-11dd-a4eb-0050c2490048,sethoxydim,ElementaryFlow,Emissions / Emissions to air,kg,074051-80-2,reference,ILCD/EF background flow (Sphera GaBi dataset, Aluminium profile EN15804 A1-A3).,,
fe0acd60-3ddc-11dd-a4ee-0050c2490048,cobalt,ElementaryFlow,Emissions / Emissions to water,kg,007440-48-4,reference,ILCD/EF background flow (Sphera GaBi dataset, Aluminium profile EN15804 A1-A3).,,
fe0acd60-3ddc-11dd-a4f1-0050c2490048,cobalt,ElementaryFlow,Emissions / Emissions to soil,kg,007440-48-4,reference,ILCD/EF background flow (Sphera GaBi dataset, Aluminium profile EN15804 A1-A3).,,
fe0acd60-3ddc-11dd-a4f2-0050c2490048,cobalt,ElementaryFlow,Emissions / Emissions to water,kg,007440-48-4,reference,ILCD/EF background flow (Sphera GaBi dataset, Aluminium profile EN15804 A1-A3).,,
fe0acd60-3ddc-11dd-a4f3-0050c2490048,cobalt,ElementaryFlow,Resources / Resources from ground,kg,007440-48-4,reference,ILCD/EF background flow (Sphera GaBi dataset, Aluminium profile EN15804 A1-A3).,,
fe0acd60-3ddc-11dd-a4f4-0050c2490048,cobalt-57,ElementaryFlow,Emissions / Emissions to water,kBq,013981-50-5,reference,ILCD/EF background flow (Sphera GaBi dataset, Aluminium profile EN15804 A1-A3).,,
fe0acd60-3ddc-11dd-a4f7-0050c2490048,cobalt-58,ElementaryFlow,Emissions / Emissions to air,kBq,013981-38-9,reference,ILCD/EF background flow (Sphera GaBi dataset, Aluminium profile EN15804 A1-A3).,,
fe0acd60-3ddc-11dd-a506-0050c2490048,flutolanil,ElementaryFlow,Emissions / Emissions to water,kg,066332-96-5,reference,ILCD/EF background flow (Sphera GaBi dataset, Aluminium profile EN15804 A1-A3).,,
fe0acd60-3ddc-11dd-a553-0050c2490048,isophorone,ElementaryFlow,Emissions / Emissions to air,kg,000078-59-1,reference,ILCD/EF background flow (Sphera GaBi dataset, Aluminium profile EN15804 A1-A3).,,
fe0acd60-3ddc-11dd-a578-0050c2490048,2-butene-trans,ElementaryFlow,Emissions / Emissions to air,kg,000624-64-6,reference,ILCD/EF background flow (Sphera GaBi dataset, Aluminium profile EN15804 A1-A3).,,
fe0acd60-3ddc-11dd-a590-0050c2490048,dimethylamine,ElementaryFlow,Emissions / Emissions to air,kg,000124-40-3,reference,ILCD/EF background flow (Sphera GaBi dataset, Aluminium profile EN15804 A1-A3).,,
fe0acd60-3ddc-11dd-a5da-0050c2490048,fluazifop-p-butyl,ElementaryFlow,Emissions / Emissions to soil,kg,079241-46-6,reference,ILCD/EF background flow (Sphera GaBi dataset, Aluminium profile EN15804 A1-A3).,,
fe0acd60-3ddc-11dd-a5df-0050c2490048,fluoranthene,ElementaryFlow,Emissions / Emissions to water,kg,000206-44-0,reference,ILCD/EF background flow (Sphera GaBi dataset, Aluminium profile EN15804 A1-A3).,,
fe0acd60-3ddc-11dd-a5e3-0050c2490048,fluoranthene,ElementaryFlow,Emissions / Emissions to water,kg,000206-44-0,reference,ILCD/EF background flow (Sphera GaBi dataset, Aluminium profile EN15804 A1-A3).,,
fe0acd60-3ddc-11dd-a5e4-0050c2490048,fluorene,ElementaryFlow,Emissions / Emissions to air,kg,000086-73-7,reference,ILCD/EF background flow (Sphera GaBi dataset, Aluminium profile EN15804 A1-A3).,,
fe0acd60-3ddc-11dd-a5eb-0050c2490048,fluroxypyr,ElementaryFlow,Emissions / Emissions to water,kg,069377-81-7,reference,ILCD/EF background flow (Sphera GaBi dataset, Aluminium profile EN15804 A1-A3).,,
fe0acd60-3ddc-11dd-a604-0050c2490048,imazaquin,ElementaryFlow,Emissions / Emissions to soil,kg,081335-37-7,reference,ILCD/EF background flow (Sphera GaBi dataset, Aluminium profile EN15804 A1-A3).,,
fe0acd60-3ddc-11dd-a606-0050c2490048,imazaquin,ElementaryFlow,Emissions / Emissions to air,kg,081335-37-7,reference,ILCD/EF background flow (Sphera GaBi dataset, Aluminium profile EN15804 A1-A3).,,
fe0acd60-3ddc-11dd-a61d-0050c2490048,chlormequat,ElementaryFlow,Emissions / Emissions to soil,kg,007003-89-6,reference,ILCD/EF background flow (Sphera GaBi dataset, Aluminium profile EN15804 A1-A3).,,
fe0acd60-3ddc-11dd-a621-0050c2490048,chlormequat chloride,ElementaryFlow,Emissions / Emissions to air,kg,000999-81-5,reference,ILCD/EF background flow (Sphera GaBi dataset, Aluminium profile EN15804 A1-A3).,,
fe0acd60-3ddc-11dd-a632-0050c2490048,furan,ElementaryFlow,Emissions / Emissions to air,kg,000110-00-9,reference,ILCD/EF background flow (Sphera GaBi dataset, Aluminium profile EN15804 A1-A3).,,
fe0acd60-3ddc-11dd-a63f-0050c2490048,glutaraldehyde,ElementaryFlow,Emissions / Emissions to water,kg,000111-30-8,reference,ILCD/EF background flow (Sphera GaBi dataset, Aluminium profile EN15804 A1-A3).,,
fe0acd60-3ddc-11dd-a644-0050c2490048,glyphosate,ElementaryFlow,Emissions / Emissions to soil,kg,001071-83-6,reference,ILCD/EF background flow (Sphera GaBi dataset, Aluminium profile EN15804 A1-A3).,,
fe0acd60-3ddc-11dd-a646-0050c2490048,glyphosate,ElementaryFlow,Emissions / Emissions to air,kg,001071-83-6,reference,ILCD/EF background flow (Sphera GaBi dataset, Aluminium profile EN15804 A1-A3).,,
fe0acd60-3ddc-11dd-a64a-0050c2490048,glyphosate,ElementaryFlow,Emissions / Emissions to water,kg,001071-83-6,reference,ILCD/EF background flow (Sphera GaBi dataset, Aluminium profile EN15804 A1-A3).,,
fe0acd60-3ddc-11dd-a64d-0050c2490048,glyphosate,ElementaryFlow,Emissions / Emissions to soil,kg,001071-83-6,reference,ILCD/EF background flow (Sphera GaBi dataset, Aluminium profile EN15804 A1-A3).,,
fe0acd60-3ddc-11dd-a64f-0050c2490048,glyphosate-trimesium,ElementaryFlow,Emissions / Emissions to soil,kg,081591-81-3,reference,ILCD/EF background flow (Sphera GaBi dataset, Aluminium profile EN15804 A1-A3).,,
fe0acd60-3ddc-11dd-a657-0050c2490048,helium,ElementaryFlow,Resources / Resources from air,kg,007440-59-7,reference,ILCD/EF background flow (Sphera GaBi dataset, Aluminium profile EN15804 A1-A3).,,
fe0acd60-3ddc-11dd-a663-0050c2490048,heptane,ElementaryFlow,Emissions / Emissions to air,kg,000142-82-5,reference,ILCD/EF background flow (Sphera GaBi dataset, Aluminium profile EN15804 A1-A3).,,
fe0acd60-3ddc-11dd-a66a-0050c2490048,dysprosium,ElementaryFlow,Resources / Resources from ground,kg,007429-91-6,reference,ILCD/EF background flow (Sphera GaBi dataset, Aluminium profile EN15804 A1-A3).,,
fe0acd60-3ddc-11dd-a66b-0050c2490048,endosulfan,ElementaryFlow,Emissions / Emissions to soil,kg,000115-29-7,reference,ILCD/EF background flow (Sphera GaBi dataset, Aluminium profile EN15804 A1-A3).,,
fe0acd60-3ddc-11dd-a682-0050c2490048,naphthalene,ElementaryFlow,Emissions / Emissions to air,kg,000091-20-3,reference,ILCD/EF background flow (Sphera GaBi dataset, Aluminium profile EN15804 A1-A3).,,
fe0acd60-3ddc-11dd-a686-0050c2490048,naphthalene,ElementaryFlow,Emissions / Emissions to water,kg,000091-20-3,reference,ILCD/EF background flow (Sphera GaBi dataset, Aluminium profile EN15804 A1-A3).,,
fe0acd60-3ddc-11dd-a694-0050c2490048,hexane,ElementaryFlow,Emissions / Emissions to water,kg,000110-54-3,reference,ILCD/EF background flow (Sphera GaBi dataset, Aluminium profile EN15804 A1-A3).,,
fe0acd60-3ddc-11dd-a698-0050c2490048,hexane,ElementaryFlow,Emissions / Emissions to water,kg,000110-54-3,reference,ILCD/EF background flow (Sphera GaBi dataset, Aluminium profile EN15804 A1-A3).,,
fe0acd60-3ddc-11dd-a6ba-0050c2490048,hydrocyanic acid,ElementaryFlow,Emissions / Emissions to air,kg,000074-90-8,reference,ILCD/EF background flow (Sphera GaBi dataset, Aluminium profile EN15804 A1-A3).,,
fe0acd60-3ddc-11dd-a6be-0050c2490048,hydrocyanic acid,ElementaryFlow,Emissions / Emissions to water,kg,000074-90-8,reference,ILCD/EF background flow (Sphera GaBi dataset, Aluminium profile EN15804 A1-A3).,,
fe0acd60-3ddc-11dd-a6c4-0050c2490048,linuron,ElementaryFlow,Emissions / Emissions to soil,kg,000330-55-2,reference,ILCD/EF background flow (Sphera GaBi dataset, Aluminium profile EN15804 A1-A3).,,
fe0acd60-3ddc-11dd-a6d2-0050c2490048,HFC-134a,ElementaryFlow,Emissions / Emissions to air,kg,000811-97-2,reference,ILCD/EF background flow (Sphera GaBi dataset, Aluminium profile EN15804 A1-A3).,,
fe0acd60-3ddc-11dd-a6f1-0050c2490048,tributyltin oxide,ElementaryFlow,Emissions / Emissions to water,kg,000056-35-9,reference,ILCD/EF background flow (Sphera GaBi dataset, Aluminium profile EN15804 A1-A3).,,
fe0acd60-3ddc-11dd-a6f5-0050c2490048,zirconium-95,ElementaryFlow,Emissions / Emissions to water,kBq,013967-71-0,reference,ILCD/EF background flow (Sphera GaBi dataset, Aluminium profile EN15804 A1-A3).,,
fe0acd60-3ddc-11dd-a6f8-0050c2490048,crude oil,ElementaryFlow,Resources / Resources from ground,MJ,,reference,ILCD/EF background flow (Sphera GaBi dataset, Aluminium profile EN15804 A1-A3).,,
fe0acd60-3ddc-11dd-a6f9-0050c2490048,brown coal,ElementaryFlow,Resources / Resources from ground,MJ,,reference,ILCD/EF background flow (Sphera GaBi dataset, Aluminium profile EN15804 A1-A3).,,
fe0acd60-3ddc-11dd-a6fa-0050c2490048,natural gas,ElementaryFlow,Resources / Resources from ground,MJ,,reference,ILCD/EF background flow (Sphera GaBi dataset, Aluminium profile EN15804 A1-A3).,,
fe0acd60-3ddc-11dd-a6fb-0050c2490048,sulfide,ElementaryFlow,Emissions / Emissions to soil,kg,018496-25-8,reference,ILCD/EF background flow (Sphera GaBi dataset, Aluminium profile EN15804 A1-A3).,,
fe0acd60-3ddc-11dd-a6fc-0050c2490048,hard coal,ElementaryFlow,Resources / Resources from ground,MJ,,reference,ILCD/EF background flow (Sphera GaBi dataset, Aluminium profile EN15804 A1-A3).,,
fe0acd60-3ddc-11dd-a6fd-0050c2490048,biomass,ElementaryFlow,Resources / Resources from biosphere,MJ,,reference,ILCD/EF background flow (Sphera GaBi dataset, Aluminium profile EN15804 A1-A3).,,
fe0acd60-3ddc-11dd-a6ff-0050c2490048,inert rock,ElementaryFlow,Resources / Resources from ground,kg,,reference,ILCD/EF background flow (Sphera GaBi dataset, Aluminium profile EN15804 A1-A3).,,
fe0acd60-3ddc-11dd-a702-0050c2490048,particles (> PM10),ElementaryFlow,Emissions / Emissions to water,kg,,reference,ILCD/EF background flow (Sphera GaBi dataset, Aluminium profile EN15804 A1-A3).,,
fe0acd60-3ddc-11dd-a705-0050c2490048,particles (> PM10),ElementaryFlow,Emissions / Emissions to water,kg,,reference,ILCD/EF background flow (Sphera GaBi dataset, Aluminium profile EN15804 A1-A3).,,
fe0acd60-3ddc-11dd-a706-0050c2490048,silicium tetrafluoride,ElementaryFlow,Emissions / Emissions to air,kg,007783-61-1,reference,ILCD/EF background flow (Sphera GaBi dataset, Aluminium profile EN15804 A1-A3).,,
fe0acd60-3ddc-11dd-a70a-0050c2490048,particles (> PM10),ElementaryFlow,Emissions / Emissions to air,kg,,reference,ILCD/EF background flow (Sphera GaBi dataset, Aluminium profile EN15804 A1-A3).,,
fe0acd60-3ddc-11dd-a719-0050c2490048,2,4-dimethylpentane,ElementaryFlow,Emissions / Emissions to air,kg,000108-08-7,reference,ILCD/EF background flow (Sphera GaBi dataset, Aluminium profile EN15804 A1-A3).,,
fe0acd60-3ddc-11dd-a72c-0050c2490048,aluminium,ElementaryFlow,Emissions / Emissions to soil,kg,007429-90-5,reference,ILCD/EF background flow (Sphera GaBi dataset, Aluminium profile EN15804 A1-A3).,,
fe0acd60-3ddc-11dd-a72e-0050c2490048,aluminium,ElementaryFlow,Emissions / Emissions to air,kg,007429-90-5,reference,ILCD/EF background flow (Sphera GaBi dataset, Aluminium profile EN15804 A1-A3).,,
fe0acd60-3ddc-11dd-a732-0050c2490048,aluminium,ElementaryFlow,Emissions / Emissions to water,kg,007429-90-5,reference,ILCD/EF background flow (Sphera GaBi dataset, Aluminium profile EN15804 A1-A3).,,
fe0acd60-3ddc-11dd-a735-0050c2490048,aluminium,ElementaryFlow,Emissions / Emissions to soil,kg,007429-90-5,reference,ILCD/EF background flow (Sphera GaBi dataset, Aluminium profile EN15804 A1-A3).,,
fe0acd60-3ddc-11dd-a736-0050c2490048,aluminium,ElementaryFlow,Emissions / Emissions to water,kg,007429-90-5,reference,ILCD/EF background flow (Sphera GaBi dataset, Aluminium profile EN15804 A1-A3).,,
fe0acd60-3ddc-11dd-a745-0050c2490048,1,2-dichloroethane,ElementaryFlow,Emissions / Emissions to air,kg,000107-06-2,reference,ILCD/EF background flow (Sphera GaBi dataset, Aluminium profile EN15804 A1-A3).,,
fe0acd60-3ddc-11dd-a749-0050c2490048,1,2-dichloroethane,ElementaryFlow,Emissions / Emissions to water,kg,000107-06-2,reference,ILCD/EF background flow (Sphera GaBi dataset, Aluminium profile EN15804 A1-A3).,,
fe0acd60-3ddc-11dd-a75b-0050c2490048,molybdenum,ElementaryFlow,Emissions / Emissions to soil,kg,007439-98-7,reference,ILCD/EF background flow (Sphera GaBi dataset, Aluminium profile EN15804 A1-A3).,,
fe0acd60-3ddc-11dd-a75d-0050c2490048,molybdenum,ElementaryFlow,Emissions / Emissions to air,kg,007439-98-7,reference,ILCD/EF background flow (Sphera GaBi dataset, Aluminium profile EN15804 A1-A3).,,
fe0acd60-3ddc-11dd-a761-0050c2490048,molybdenum,ElementaryFlow,Emissions / Emissions to water,kg,007439-98-7,reference,ILCD/EF background flow (Sphera GaBi dataset, Aluminium profile EN15804 A1-A3).,,
fe0acd60-3ddc-11dd-a78f-0050c2490048,beryllium,ElementaryFlow,Emissions / Emissions to water,kg,007440-41-7,reference,ILCD/EF background flow (Sphera GaBi dataset, Aluminium profile EN15804 A1-A3).,,
fe0acd60-3ddc-11dd-a792-0050c2490048,beryllium,ElementaryFlow,Emissions / Emissions to soil,kg,007440-41-7,reference,ILCD/EF background flow (Sphera GaBi dataset, Aluminium profile EN15804 A1-A3).,,
fe0acd60-3ddc-11dd-a793-0050c2490048,beryllium,ElementaryFlow,Emissions / Emissions to water,kg,007440-41-7,reference,ILCD/EF background flow (Sphera GaBi dataset, Aluminium profile EN15804 A1-A3).,,
fe0acd60-3ddc-11dd-a79a-0050c2490048,cobalt-60,ElementaryFlow,Emissions / Emissions to water,kBq,010198-40-0,reference,ILCD/EF background flow (Sphera GaBi dataset, Aluminium profile EN15804 A1-A3).,,
fe0acd60-3ddc-11dd-a79d-0050c2490048,cobalt-60,ElementaryFlow,Emissions / Emissions to water,kBq,010198-40-0,reference,ILCD/EF background flow (Sphera GaBi dataset, Aluminium profile EN15804 A1-A3).,,
fe0acd60-3ddc-11dd-a79e-0050c2490048,copper,ElementaryFlow,Emissions / Emissions to soil,kg,007440-50-8,reference,ILCD/EF background flow (Sphera GaBi dataset, Aluminium profile EN15804 A1-A3).,,
fe0acd60-3ddc-11dd-a7a0-0050c2490048,copper,ElementaryFlow,Emissions / Emissions to air,kg,007440-50-8,reference,ILCD/EF background flow (Sphera GaBi dataset, Aluminium profile EN15804 A1-A3).,,
fe0acd60-3ddc-11dd-a7a4-0050c2490048,copper,ElementaryFlow,Emissions / Emissions to water,kg,007440-50-8,reference,ILCD/EF background flow (Sphera GaBi dataset, Aluminium profile EN15804 A1-A3).,,
fe0acd60-3ddc-11dd-a7a5-0050c2490048,acetaldehyde,ElementaryFlow,Emissions / Emissions to air,kg,000075-07-0,reference,ILCD/EF background flow (Sphera GaBi dataset, Aluminium profile EN15804 A1-A3).,,
fe0acd60-3ddc-11dd-a7a9-0050c2490048,acetaldehyde,ElementaryFlow,Emissions / Emissions to water,kg,000075-07-0,reference,ILCD/EF background flow (Sphera GaBi dataset, Aluminium profile EN15804 A1-A3).,,
fe0acd60-3ddc-11dd-a7b1-0050c2490048,chrysene,ElementaryFlow,Emissions / Emissions to air,kg,000218-01-9,reference,ILCD/EF background flow (Sphera GaBi dataset, Aluminium profile EN15804 A1-A3).,,
fe0acd60-3ddc-11dd-a7b5-0050c2490048,chrysene,ElementaryFlow,Emissions / Emissions to water,kg,000218-01-9,reference,ILCD/EF background flow (Sphera GaBi dataset, Aluminium profile EN15804 A1-A3).,,
fe0acd60-3ddc-11dd-a7b9-0050c2490048,chrysene,ElementaryFlow,Emissions / Emissions to water,kg,000218-01-9,reference,ILCD/EF background flow (Sphera GaBi dataset, Aluminium profile EN15804 A1-A3).,,
fe0acd60-3ddc-11dd-a7ba-0050c2490048,asbestos (white),ElementaryFlow,Resources / Resources from ground,kg,012001-29-5,reference,ILCD/EF background flow (Sphera GaBi dataset, Aluminium profile EN15804 A1-A3).,,
fe0acd60-3ddc-11dd-a7bc-0050c2490048,iodide,ElementaryFlow,Emissions / Emissions to water,kg,020461-54-5,reference,ILCD/EF background flow (Sphera GaBi dataset, Aluminium profile EN15804 A1-A3).,,
fe0acd60-3ddc-11dd-a7bd-0050c2490048,iodine,ElementaryFlow,Emissions / Emissions to air,kg,007553-56-2,reference,ILCD/EF background flow (Sphera GaBi dataset, Aluminium profile EN15804 A1-A3).,,
fe0acd60-3ddc-11dd-a7c1-0050c2490048,iodine,ElementaryFlow,Resources / Resources from ground,kg,007553-56-2,reference,ILCD/EF background flow (Sphera GaBi dataset, Aluminium profile EN15804 A1-A3).,,
fe0acd60-3ddc-11dd-a7c3-0050c2490048,iodine-129,ElementaryFlow,Emissions / Emissions to air,kBq,015046-84-1,reference,ILCD/EF background flow (Sphera GaBi dataset, Aluminium profile EN15804 A1-A3).,,
fe0acd60-3ddc-11dd-a7d8-0050c2490048,cyanide,ElementaryFlow,Emissions / Emissions to water,kg,000057-12-5,reference,ILCD/EF background flow (Sphera GaBi dataset, Aluminium profile EN15804 A1-A3).,,
fe0acd60-3ddc-11dd-a7db-0050c2490048,cyanide,ElementaryFlow,Emissions / Emissions to water,kg,000057-12-5,reference,ILCD/EF background flow (Sphera GaBi dataset, Aluminium profile EN15804 A1-A3).,,
fe0acd60-3ddc-11dd-a7e0-0050c2490048,cyclohexane,ElementaryFlow,Emissions / Emissions to air,kg,000110-82-7,reference,ILCD/EF background flow (Sphera GaBi dataset, Aluminium profile EN15804 A1-A3).,,
fe0acd60-3ddc-11dd-a7e8-0050c2490048,iodine-129,ElementaryFlow,Emissions / Emissions to water,kBq,015046-84-1,reference,ILCD/EF background flow (Sphera GaBi dataset, Aluminium profile EN15804 A1-A3).,,
fe0acd60-3ddc-11dd-a7ec-0050c2490048,iodine-131,ElementaryFlow,Emissions / Emissions to air,kBq,010043-66-0,reference,ILCD/EF background flow (Sphera GaBi dataset, Aluminium profile EN15804 A1-A3).,,
fe0acd60-3ddc-11dd-a7f0-0050c2490048,iodine-131,ElementaryFlow,Emissions / Emissions to water,kBq,010043-66-0,reference,ILCD/EF background flow (Sphera GaBi dataset, Aluminium profile EN15804 A1-A3).,,
fe0acd60-3ddc-11dd-a7fb-0050c2490048,iridium,ElementaryFlow,Resources / Resources from ground,kg,007439-88-5,reference,ILCD/EF background flow (Sphera GaBi dataset, Aluminium profile EN15804 A1-A3).,,
fe0acd60-3ddc-11dd-a7fc-0050c2490048,iron,ElementaryFlow,Emissions / Emissions to soil,kg,007439-89-6,reference,ILCD/EF background flow (Sphera GaBi dataset, Aluminium profile EN15804 A1-A3).,,
fe0acd60-3ddc-11dd-a7fe-0050c2490048,barium,ElementaryFlow,Emissions / Emissions to soil,kg,007440-39-3,reference,ILCD/EF background flow (Sphera GaBi dataset, Aluminium profile EN15804 A1-A3).,,
fe0acd60-3ddc-11dd-a800-0050c2490048,barium,ElementaryFlow,Emissions / Emissions to air,kg,007440-39-3,reference,ILCD/EF background flow (Sphera GaBi dataset, Aluminium profile EN15804 A1-A3).,,
fe0acd60-3ddc-11dd-a804-0050c2490048,barium,ElementaryFlow,Emissions / Emissions to water,kg,007440-39-3,reference,ILCD/EF background flow (Sphera GaBi dataset, Aluminium profile EN15804 A1-A3).,,
fe0acd60-3ddc-11dd-a807-0050c2490048,barium,ElementaryFlow,Emissions / Emissions to soil,kg,007440-39-3,reference,ILCD/EF background flow (Sphera GaBi dataset, Aluminium profile EN15804 A1-A3).,,
fe0acd60-3ddc-11dd-a809-0050c2490048,carbaryl,ElementaryFlow,Emissions / Emissions to air,kg,000063-25-2,reference,ILCD/EF background flow (Sphera GaBi dataset, Aluminium profile EN15804 A1-A3).,,
fe0acd60-3ddc-11dd-a812-0050c2490048,carbendazim,ElementaryFlow,Emissions / Emissions to soil,kg,010605-21-7,reference,ILCD/EF background flow (Sphera GaBi dataset, Aluminium profile EN15804 A1-A3).,,
fe0acd60-3ddc-11dd-a822-0050c2490048,dodecane,ElementaryFlow,Emissions / Emissions to air,kg,000112-40-3,reference,ILCD/EF background flow (Sphera GaBi dataset, Aluminium profile EN15804 A1-A3).,,
fe0acd60-3ddc-11dd-a826-0050c2490048,dolomite,ElementaryFlow,Resources / Resources from ground,kg,069227-00-5,reference,ILCD/EF background flow (Sphera GaBi dataset, Aluminium profile EN15804 A1-A3).,,
fe0acd60-3ddc-11dd-a82b-0050c2490048,triadimenol,ElementaryFlow,Emissions / Emissions to soil,kg,055219-65-3,reference,ILCD/EF background flow (Sphera GaBi dataset, Aluminium profile EN15804 A1-A3).,,
fe0acd60-3ddc-11dd-a835-0050c2490048,(2,4-dichlorophenoxy)acetic acid,ElementaryFlow,Emissions / Emissions to air,kg,000094-75-7,reference,ILCD/EF background flow (Sphera GaBi dataset, Aluminium profile EN15804 A1-A3).,,
fe0acd60-3ddc-11dd-a839-0050c2490048,(2,4-dichlorophenoxy)acetic acid,ElementaryFlow,Emissions / Emissions to water,kg,000094-75-7,reference,ILCD/EF background flow (Sphera GaBi dataset, Aluminium profile EN15804 A1-A3).,,
fe0acd60-3ddc-11dd-a843-0050c2490048,isopropanol,ElementaryFlow,Emissions / Emissions to air,kg,000067-63-0,reference,ILCD/EF background flow (Sphera GaBi dataset, Aluminium profile EN15804 A1-A3).,,
fe0acd60-3ddc-11dd-a847-0050c2490048,isopropanol,ElementaryFlow,Emissions / Emissions to water,kg,000067-63-0,reference,ILCD/EF background flow (Sphera GaBi dataset, Aluminium profile EN15804 A1-A3).,,
fe0acd60-3ddc-11dd-a85a-0050c2490048,lithium,ElementaryFlow,Emissions / Emissions to air,kg,007439-93-2,reference,ILCD/EF background flow (Sphera GaBi dataset, Aluminium profile EN15804 A1-A3).,,
fe0acd60-3ddc-11dd-a85e-0050c2490048,lithium,ElementaryFlow,Emissions / Emissions to water,kg,007439-93-2,reference,ILCD/EF background flow (Sphera GaBi dataset, Aluminium profile EN15804 A1-A3).,,
fe0acd60-3ddc-11dd-a861-0050c2490048,lithium,ElementaryFlow,Emissions / Emissions to soil,kg,007439-93-2,reference,ILCD/EF background flow (Sphera GaBi dataset, Aluminium profile EN15804 A1-A3).,,
fe0acd60-3ddc-11dd-a863-0050c2490048,lutetium,ElementaryFlow,Resources / Resources from ground,kg,007439-94-3,reference,ILCD/EF background flow (Sphera GaBi dataset, Aluminium profile EN15804 A1-A3).,,
fe0acd60-3ddc-11dd-a865-0050c2490048,malathion,ElementaryFlow,Emissions / Emissions to soil,kg,000121-75-5,reference,ILCD/EF background flow (Sphera GaBi dataset, Aluminium profile EN15804 A1-A3).,,
fe0acd60-3ddc-11dd-a8a7-0050c2490048,butylene glycol,ElementaryFlow,Emissions / Emissions to air,kg,000110-63-4,reference,ILCD/EF background flow (Sphera GaBi dataset, Aluminium profile EN15804 A1-A3).,,
fe0acd60-3ddc-11dd-a8ab-0050c2490048,butylene glycol,ElementaryFlow,Emissions / Emissions to water,kg,000110-63-4,reference,ILCD/EF background flow (Sphera GaBi dataset, Aluminium profile EN15804 A1-A3).,,
fe0acd60-3ddc-11dd-a8bc-0050c2490048,mecoprop,ElementaryFlow,Emissions / Emissions to water,kg,000093-65-2,reference,ILCD/EF background flow (Sphera GaBi dataset, Aluminium profile EN15804 A1-A3).,,
fe0acd60-3ddc-11dd-a8c4-0050c2490048,mercury,ElementaryFlow,Emissions / Emissions to air,kg,007439-97-6,reference,ILCD/EF background flow (Sphera GaBi dataset, Aluminium profile EN15804 A1-A3).,,
fe0acd60-3ddc-11dd-a8c8-0050c2490048,mercury,ElementaryFlow,Emissions / Emissions to water,kg,007439-97-6,reference,ILCD/EF background flow (Sphera GaBi dataset, Aluminium profile EN15804 A1-A3).,,
fe0acd60-3ddc-11dd-a8cb-0050c2490048,mercury,ElementaryFlow,Emissions / Emissions to soil,kg,007439-97-6,reference,ILCD/EF background flow (Sphera GaBi dataset, Aluminium profile EN15804 A1-A3).,,
fe0acd60-3ddc-11dd-a8cc-0050c2490048,mercury,ElementaryFlow,Emissions / Emissions to water,kg,007439-97-6,reference,ILCD/EF background flow (Sphera GaBi dataset, Aluminium profile EN15804 A1-A3).,,
fe0acd60-3ddc-11dd-a8cd-0050c2490048,mercury,ElementaryFlow,Resources / Resources from ground,kg,007439-97-6,reference,ILCD/EF background flow (Sphera GaBi dataset, Aluminium profile EN15804 A1-A3).,,
fe0acd60-3ddc-11dd-a8ce-0050c2490048,metalaxil,ElementaryFlow,Emissions / Emissions to soil,kg,057837-19-1,reference,ILCD/EF background flow (Sphera GaBi dataset, Aluminium profile EN15804 A1-A3).,,
fe0acd60-3ddc-11dd-a8d7-0050c2490048,methacrylate,ElementaryFlow,Emissions / Emissions to air,kg,000096-33-3,reference,ILCD/EF background flow (Sphera GaBi dataset, Aluminium profile EN15804 A1-A3).,,
fe0acd60-3ddc-11dd-a8de-0050c2490048,lanthanum,ElementaryFlow,Resources / Resources from ground,kg,007439-91-0,reference,ILCD/EF background flow (Sphera GaBi dataset, Aluminium profile EN15804 A1-A3).,,
fe0acd60-3ddc-11dd-a8df-0050c2490048,lanthanum-140,ElementaryFlow,Emissions / Emissions to water,kBq,013981-28-7,reference,ILCD/EF background flow (Sphera GaBi dataset, Aluminium profile EN15804 A1-A3).,,
fe0acd60-3ddc-11dd-a8e8-0050c2490048,methane (biogenic),ElementaryFlow,Emissions / Emissions to air,kg,000074-82-8,reference,ILCD/EF background flow (Sphera GaBi dataset, Aluminium profile EN15804 A1-A3).,,
fe0acd60-3ddc-11dd-a935-0050c2490048,methanol,ElementaryFlow,Emissions / Emissions to air,kg,000067-56-1,reference,ILCD/EF background flow (Sphera GaBi dataset, Aluminium profile EN15804 A1-A3).,,
fe0acd60-3ddc-11dd-a939-0050c2490048,methanol,ElementaryFlow,Emissions / Emissions to water,kg,000067-56-1,reference,ILCD/EF background flow (Sphera GaBi dataset, Aluminium profile EN15804 A1-A3).,,
fe0acd60-3ddc-11dd-a93c-0050c2490048,methanol,ElementaryFlow,Emissions / Emissions to soil,kg,000067-56-1,reference,ILCD/EF background flow (Sphera GaBi dataset, Aluminium profile EN15804 A1-A3).,,
fe0acd60-3ddc-11dd-a93d-0050c2490048,methanol,ElementaryFlow,Emissions / Emissions to water,kg,000067-56-1,reference,ILCD/EF background flow (Sphera GaBi dataset, Aluminium profile EN15804 A1-A3).,,
fe0acd60-3ddc-11dd-a940-0050c2490048,methomyl,ElementaryFlow,Emissions / Emissions to air,kg,016752-77-5,reference,ILCD/EF background flow (Sphera GaBi dataset, Aluminium profile EN15804 A1-A3).,,
fe0acd60-3ddc-11dd-a944-0050c2490048,methomyl,ElementaryFlow,Emissions / Emissions to water,kg,016752-77-5,reference,ILCD/EF background flow (Sphera GaBi dataset, Aluminium profile EN15804 A1-A3).,,
fe0acd60-3ddc-11dd-a954-0050c2490048,methylamine,ElementaryFlow,Emissions / Emissions to air,kg,000074-89-5,reference,ILCD/EF background flow (Sphera GaBi dataset, Aluminium profile EN15804 A1-A3).,,
fe0acd60-3ddc-11dd-a958-0050c2490048,potassium,ElementaryFlow,Emissions / Emissions to soil,kg,007440-09-7,reference,ILCD/EF background flow (Sphera GaBi dataset, Aluminium profile EN15804 A1-A3).,,
fe0acd60-3ddc-11dd-a959-0050c2490048,chloride,ElementaryFlow,Emissions / Emissions to soil,kg,016887-00-6,reference,ILCD/EF background flow (Sphera GaBi dataset, Aluminium profile EN15804 A1-A3).,,
fe0acd60-3ddc-11dd-a95a-0050c2490048,hydrogen iodide,ElementaryFlow,Emissions / Emissions to air,kg,010034-85-2,reference,ILCD/EF background flow (Sphera GaBi dataset, Aluminium profile EN15804 A1-A3).,,
fe0acd60-3ddc-11dd-a97d-0050c2490048,lead,ElementaryFlow,Emissions / Emissions to soil,kg,007439-92-1,reference,ILCD/EF background flow (Sphera GaBi dataset, Aluminium profile EN15804 A1-A3).,,
fe0acd60-3ddc-11dd-a982-0050c2490048,dicamba,ElementaryFlow,Emissions / Emissions to soil,kg,001918-00-9,reference,ILCD/EF background flow (Sphera GaBi dataset, Aluminium profile EN15804 A1-A3).,,
fe0acd60-3ddc-11dd-a984-0050c2490048,dicamba,ElementaryFlow,Emissions / Emissions to air,kg,001918-00-9,reference,ILCD/EF background flow (Sphera GaBi dataset, Aluminium profile EN15804 A1-A3).,,
fe0acd60-3ddc-11dd-a988-0050c2490048,dicamba,ElementaryFlow,Emissions / Emissions to water,kg,001918-00-9,reference,ILCD/EF background flow (Sphera GaBi dataset, Aluminium profile EN15804 A1-A3).,,
fe0acd60-3ddc-11dd-a996-0050c2490048,methyl isobutyl ketone,ElementaryFlow,Emissions / Emissions to water,kg,000108-10-1,reference,ILCD/EF background flow (Sphera GaBi dataset, Aluminium profile EN15804 A1-A3).,,
fe0acd60-3ddc-11dd-a9a5-0050c2490048,methyl methacrylate,ElementaryFlow,Emissions / Emissions to air,kg,000080-62-6,reference,ILCD/EF background flow (Sphera GaBi dataset, Aluminium profile EN15804 A1-A3).,,
fe0acd60-3ddc-11dd-a9b2-0050c2490048,methyl parathion,ElementaryFlow,Emissions / Emissions to soil,kg,000298-00-0,reference,ILCD/EF background flow (Sphera GaBi dataset, Aluminium profile EN15804 A1-A3).,,
fe0acd60-3ddc-11dd-a9b4-0050c2490048,methyl parathion,ElementaryFlow,Emissions / Emissions to air,kg,000298-00-0,reference,ILCD/EF background flow (Sphera GaBi dataset, Aluminium profile EN15804 A1-A3).,,
fe0acd60-3ddc-11dd-a9b8-0050c2490048,methyl parathion,ElementaryFlow,Emissions / Emissions to water,kg,000298-00-0,reference,ILCD/EF background flow (Sphera GaBi dataset, Aluminium profile EN15804 A1-A3).,,
fe0acd60-3ddc-11dd-a9d1-0050c2490048,monoethanolamine,ElementaryFlow,Emissions / Emissions to air,kg,000141-43-5,reference,ILCD/EF background flow (Sphera GaBi dataset, Aluminium profile EN15804 A1-A3).,,
fe0acd60-3ddc-11dd-a9d5-0050c2490048,monoethanolamine,ElementaryFlow,Emissions / Emissions to water,kg,000141-43-5,reference,ILCD/EF background flow (Sphera GaBi dataset, Aluminium profile EN15804 A1-A3).,,
fe0acd60-3ddc-11dd-a9e5-0050c2490048,naphthalene,ElementaryFlow,Emissions / Emissions to water,kg,000091-20-3,reference,ILCD/EF background flow (Sphera GaBi dataset, Aluminium profile EN15804 A1-A3).,,
fe0acd60-3ddc-11dd-a9e6-0050c2490048,napropamide,ElementaryFlow,Emissions / Emissions to soil,kg,015299-99-7,reference,ILCD/EF background flow (Sphera GaBi dataset, Aluminium profile EN15804 A1-A3).,,
fe0acd60-3ddc-11dd-a9ee-0050c2490048,benomyl,ElementaryFlow,Emissions / Emissions to water,kg,017804-35-2,reference,ILCD/EF background flow (Sphera GaBi dataset, Aluminium profile EN15804 A1-A3).,,
fe0acd60-3ddc-11dd-a9f3-0050c2490048,bentazone,ElementaryFlow,Emissions / Emissions to soil,kg,025057-89-0,reference,ILCD/EF background flow (Sphera GaBi dataset, Aluminium profile EN15804 A1-A3).,,
fe0acd60-3ddc-11dd-a9f5-0050c2490048,bentazone,ElementaryFlow,Emissions / Emissions to air,kg,025057-89-0,reference,ILCD/EF background flow (Sphera GaBi dataset, Aluminium profile EN15804 A1-A3).,,
fe0acd60-3ddc-11dd-aa10-0050c2490048,nitrobenzene,ElementaryFlow,Emissions / Emissions to air,kg,000098-95-3,reference,ILCD/EF background flow (Sphera GaBi dataset, Aluminium profile EN15804 A1-A3).,,
fe0acd60-3ddc-11dd-aa14-0050c2490048,nitrobenzene,ElementaryFlow,Emissions / Emissions to water,kg,000098-95-3,reference,ILCD/EF background flow (Sphera GaBi dataset, Aluminium profile EN15804 A1-A3).,,
fe0acd60-3ddc-11dd-aa1b-0050c2490048,nonane,ElementaryFlow,Emissions / Emissions to air,kg,000111-84-2,reference,ILCD/EF background flow (Sphera GaBi dataset, Aluminium profile EN15804 A1-A3).,,
fe0acd60-3ddc-11dd-aa2e-0050c2490048,sodium,ElementaryFlow,Emissions / Emissions to water,kg,007440-23-5,reference,ILCD/EF background flow (Sphera GaBi dataset, Aluminium profile EN15804 A1-A3).,,
fe0acd60-3ddc-11dd-aa2f-0050c2490048,chloride,ElementaryFlow,Emissions / Emissions to water,kg,016887-00-6,reference,ILCD/EF background flow (Sphera GaBi dataset, Aluminium profile EN15804 A1-A3).,,
fe0acd60-3ddc-11dd-aa32-0050c2490048,nitrate,ElementaryFlow,Emissions / Emissions to water,kg,014797-55-8,reference,ILCD/EF background flow (Sphera GaBi dataset, Aluminium profile EN15804 A1-A3).,,
fe0acd60-3ddc-11dd-aa34-0050c2490048,lithium,ElementaryFlow,Resources / Resources from ground,kg,007439-93-2,reference,ILCD/EF background flow (Sphera GaBi dataset, Aluminium profile EN15804 A1-A3).,,
fe0acd60-3ddc-11dd-aa36-0050c2490048,gravel,ElementaryFlow,Resources / Resources from ground,kg,,reference,ILCD/EF background flow (Sphera GaBi dataset, Aluminium profile EN15804 A1-A3).,,
fe0acd60-3ddc-11dd-aa38-0050c2490048,phenmedipham,ElementaryFlow,Emissions / Emissions to soil,kg,013684-63-4,reference,ILCD/EF background flow (Sphera GaBi dataset, Aluminium profile EN15804 A1-A3).,,
fe0acd60-3ddc-11dd-aa41-0050c2490048,phenol,ElementaryFlow,Emissions / Emissions to air,kg,000108-95-2,reference,ILCD/EF background flow (Sphera GaBi dataset, Aluminium profile EN15804 A1-A3).,,
fe0acd60-3ddc-11dd-aa59-0050c2490048,pentachlorophenol,ElementaryFlow,Emissions / Emissions to water,kg,000087-86-5,reference,ILCD/EF background flow (Sphera GaBi dataset, Aluminium profile EN15804 A1-A3).,,
fe0acd60-3ddc-11dd-aa5c-0050c2490048,pentachlorophenol,ElementaryFlow,Emissions / Emissions to soil,kg,000087-86-5,reference,ILCD/EF background flow (Sphera GaBi dataset, Aluminium profile EN15804 A1-A3).,,
fe0acd60-3ddc-11dd-aa65-0050c2490048,captan,ElementaryFlow,Emissions / Emissions to air,kg,000133-06-2,reference,ILCD/EF background flow (Sphera GaBi dataset, Aluminium profile EN15804 A1-A3).,,
fe0acd60-3ddc-11dd-aa69-0050c2490048,captan,ElementaryFlow,Emissions / Emissions to water,kg,000133-06-2,reference,ILCD/EF background flow (Sphera GaBi dataset, Aluminium profile EN15804 A1-A3).,,
fe0acd60-3ddc-11dd-aa6e-0050c2490048,carbaryl,ElementaryFlow,Emissions / Emissions to soil,kg,000063-25-2,reference,ILCD/EF background flow (Sphera GaBi dataset, Aluminium profile EN15804 A1-A3).,,
fe0acd60-3ddc-11dd-aa8b-0050c2490048,pirimicarb,ElementaryFlow,Emissions / Emissions to soil,kg,023103-98-2,reference,ILCD/EF background flow (Sphera GaBi dataset, Aluminium profile EN15804 A1-A3).,,
fe0acd60-3ddc-11dd-aa90-0050c2490048,plutonium,ElementaryFlow,Emissions / Emissions to air,kBq,007440-07-5,reference,ILCD/EF background flow (Sphera GaBi dataset, Aluminium profile EN15804 A1-A3).,,
fe0acd60-3ddc-11dd-aa94-0050c2490048,plutonium,ElementaryFlow,Emissions / Emissions to water,kBq,007440-07-5,reference,ILCD/EF background flow (Sphera GaBi dataset, Aluminium profile EN15804 A1-A3).,,
fe0acd60-3ddc-11dd-aa99-0050c2490048,polonium-210,ElementaryFlow,Emissions / Emissions to air,kBq,013981-52-7,reference,ILCD/EF background flow (Sphera GaBi dataset, Aluminium profile EN15804 A1-A3).,,
fe0acd60-3ddc-11dd-aaa0-0050c2490048,adsorbable organic halogen compounds,ElementaryFlow,Emissions / Emissions to water,kg,,reference,ILCD/EF background flow (Sphera GaBi dataset, Aluminium profile EN15804 A1-A3).,,
fe0acd60-3ddc-11dd-aaa3-0050c2490048,adsorbable organic halogen compounds,ElementaryFlow,Emissions / Emissions to water,kg,,reference,ILCD/EF background flow (Sphera GaBi dataset, Aluminium profile EN15804 A1-A3).,,
fe0acd60-3ddc-11dd-aaa4-0050c2490048,air,ElementaryFlow,Resources / Resources from air,kg,,reference,ILCD/EF background flow (Sphera GaBi dataset, Aluminium profile EN15804 A1-A3).,,
fe0acd60-3ddc-11dd-aaa5-0050c2490048,ammonium,ElementaryFlow,Emissions / Emissions to water,kg,014798-03-9,reference,ILCD/EF background flow (Sphera GaBi dataset, Aluminium profile EN15804 A1-A3).,,
fe0acd60-3ddc-11dd-aaa6-0050c2490048,hydrocarbons (unspecified),ElementaryFlow,Emissions / Emissions to water,kg,,reference,ILCD/EF background flow (Sphera GaBi dataset, Aluminium profile EN15804 A1-A3).,,
fe0acd60-3ddc-11dd-aaa9-0050c2490048,hydrocarbons (unspecified),ElementaryFlow,Emissions / Emissions to water,kg,,reference,ILCD/EF background flow (Sphera GaBi dataset, Aluminium profile EN15804 A1-A3).,,
fe0acd60-3ddc-11dd-aaaa-0050c2490048,hydrogen bromide,ElementaryFlow,Emissions / Emissions to air,kg,010035-10-6,reference,ILCD/EF background flow (Sphera GaBi dataset, Aluminium profile EN15804 A1-A3).,,
fe0acd60-3ddc-11dd-aab0-0050c2490048,hydrogen chloride,ElementaryFlow,Emissions / Emissions to air,kg,007647-01-0,reference,ILCD/EF background flow (Sphera GaBi dataset, Aluminium profile EN15804 A1-A3).,,
fe0acd60-3ddc-11dd-aab3-0050c2490048,hydrogen fluoride,ElementaryFlow,Emissions / Emissions to water,kg,007664-39-3,reference,ILCD/EF background flow (Sphera GaBi dataset, Aluminium profile EN15804 A1-A3).,,
fe0acd60-3ddc-11dd-aab8-0050c2490048,kaolin,ElementaryFlow,Resources / Resources from ground,kg,001332-58-7,reference,ILCD/EF background flow (Sphera GaBi dataset, Aluminium profile EN15804 A1-A3).,,
fe0acd60-3ddc-11dd-aab9-0050c2490048,kieserite,ElementaryFlow,Resources / Resources from ground,kg,014567-64-7,reference,ILCD/EF background flow (Sphera GaBi dataset, Aluminium profile EN15804 A1-A3).,,
fe0acd60-3ddc-11dd-aaba-0050c2490048,lanthanum-141,ElementaryFlow,Emissions / Emissions to air,kBq,015816-88-3,reference,ILCD/EF background flow (Sphera GaBi dataset, Aluminium profile EN15804 A1-A3).,,
fe0acd60-3ddc-11dd-aabe-0050c2490048,magnesite,ElementaryFlow,Resources / Resources from ground,kg,000546-93-0,reference,ILCD/EF background flow (Sphera GaBi dataset, Aluminium profile EN15804 A1-A3).,,
fe0acd60-3ddc-11dd-aabf-0050c2490048,magnesium,ElementaryFlow,Emissions / Emissions to water,kg,007439-95-4,reference,ILCD/EF background flow (Sphera GaBi dataset, Aluminium profile EN15804 A1-A3).,,
fe0acd60-3ddc-11dd-aac2-0050c2490048,magnesium,ElementaryFlow,Emissions / Emissions to water,kg,007439-95-4,reference,ILCD/EF background flow (Sphera GaBi dataset, Aluminium profile EN15804 A1-A3).,,
fe0acd60-3ddc-11dd-aac3-0050c2490048,magnesium,ElementaryFlow,Resources / Resources from ground,kg,007439-95-4,reference,ILCD/EF background flow (Sphera GaBi dataset, Aluminium profile EN15804 A1-A3).,,
fe0acd60-3ddc-11dd-aad2-0050c2490048,dinitrogen,ElementaryFlow,Emissions / Emissions to air,kg,007727-37-9,reference,ILCD/EF background flow (Sphera GaBi dataset, Aluminium profile EN15804 A1-A3).,,
fe0acd60-3ddc-11dd-aadf-0050c2490048,polycyclic aromatic hydrocarbons,ElementaryFlow,Emissions / Emissions to air,kg,,reference,ILCD/EF background flow (Sphera GaBi dataset, Aluminium profile EN15804 A1-A3).,,
fe0acd60-3ddc-11dd-aae4-0050c2490048,propanal,ElementaryFlow,Emissions / Emissions to water,kg,000123-38-6,reference,ILCD/EF background flow (Sphera GaBi dataset, Aluminium profile EN15804 A1-A3).,,
fe0acd60-3ddc-11dd-aae9-0050c2490048,propane,ElementaryFlow,Emissions / Emissions to air,kg,000074-98-6,reference,ILCD/EF background flow (Sphera GaBi dataset, Aluminium profile EN15804 A1-A3).,,
fe0acd60-3ddc-11dd-ab1f-0050c2490048,1,2-dichloropropane,ElementaryFlow,Emissions / Emissions to water,kg,000078-87-5,reference,ILCD/EF background flow (Sphera GaBi dataset, Aluminium profile EN15804 A1-A3).,,
fe0acd60-3ddc-11dd-ab36-0050c2490048,n-propanol,ElementaryFlow,Emissions / Emissions to air,kg,000071-23-8,reference,ILCD/EF background flow (Sphera GaBi dataset, Aluminium profile EN15804 A1-A3).,,
fe0acd60-3ddc-11dd-ab3d-0050c2490048,propene,ElementaryFlow,Emissions / Emissions to air,kg,000115-07-1,reference,ILCD/EF background flow (Sphera GaBi dataset, Aluminium profile EN15804 A1-A3).,,
fe0acd60-3ddc-11dd-ab41-0050c2490048,propene,ElementaryFlow,Emissions / Emissions to water,kg,000115-07-1,reference,ILCD/EF background flow (Sphera GaBi dataset, Aluminium profile EN15804 A1-A3).,,
fe0acd60-3ddc-11dd-ab44-0050c2490048,2-methyl-1-propene,ElementaryFlow,Emissions / Emissions to air,kg,000115-11-7,reference,ILCD/EF background flow (Sphera GaBi dataset, Aluminium profile EN15804 A1-A3).,,
fe0acd60-3ddc-11dd-ab48-0050c2490048,propiconazole,ElementaryFlow,Emissions / Emissions to soil,kg,060207-90-1,reference,ILCD/EF background flow (Sphera GaBi dataset, Aluminium profile EN15804 A1-A3).,,
fe0acd60-3ddc-11dd-ab4a-0050c2490048,propiconazole,ElementaryFlow,Emissions / Emissions to water,kg,060207-90-1,reference,ILCD/EF background flow (Sphera GaBi dataset, Aluminium profile EN15804 A1-A3).,,
fe0acd60-3ddc-11dd-ab4f-0050c2490048,propionic acid,ElementaryFlow,Emissions / Emissions to air,kg,000079-09-4,reference,ILCD/EF background flow (Sphera GaBi dataset, Aluminium profile EN15804 A1-A3).,,
fe0acd60-3ddc-11dd-ab52-0050c2490048,propylene glycol monomethyl ether acetate,ElementaryFlow,Emissions / Emissions to air,kg,000108-65-6,reference,ILCD/EF background flow (Sphera GaBi dataset, Aluminium profile EN15804 A1-A3).,,
fe0acd60-3ddc-11dd-ab5f-0050c2490048,aluminium,ElementaryFlow,Resources / Resources from ground,kg,007429-90-5,reference,ILCD/EF background flow (Sphera GaBi dataset, Aluminium profile EN15804 A1-A3).,,
fe0acd60-3ddc-11dd-ab67-0050c2490048,2,3,7,8-tetrachlorodibenzo-p-dioxin,ElementaryFlow,Emissions / Emissions to air,kg,001746-01-6,reference,ILCD/EF background flow (Sphera GaBi dataset, Aluminium profile EN15804 A1-A3).,,
fe0acd60-3ddc-11dd-ab76-0050c2490048,protactinium-234,ElementaryFlow,Emissions / Emissions to water,kBq,015100-28-4,reference,ILCD/EF background flow (Sphera GaBi dataset, Aluminium profile EN15804 A1-A3).,,
fe0acd60-3ddc-11dd-ab8b-0050c2490048,indeno(1,2,3-cd)pyrene,ElementaryFlow,Emissions / Emissions to air,kg,000193-39-5,reference,ILCD/EF background flow (Sphera GaBi dataset, Aluminium profile EN15804 A1-A3).,,
fe0acd60-3ddc-11dd-ab9c-0050c2490048,HCFC-124,ElementaryFlow,Emissions / Emissions to air,kg,002837-89-0,reference,ILCD/EF background flow (Sphera GaBi dataset, Aluminium profile EN15804 A1-A3).,,
fe0acd60-3ddc-11dd-aba0-0050c2490048,HCFC-141b,ElementaryFlow,Emissions / Emissions to air,kg,001717-00-6,reference,ILCD/EF background flow (Sphera GaBi dataset, Aluminium profile EN15804 A1-A3).,,
fe0acd60-3ddc-11dd-aba5-0050c2490048,radium-224,ElementaryFlow,Emissions / Emissions to water,kBq,013233-32-4,reference,ILCD/EF background flow (Sphera GaBi dataset, Aluminium profile EN15804 A1-A3).,,
fe0acd60-3ddc-11dd-aba6-0050c2490048,radium-226,ElementaryFlow,Emissions / Emissions to air,kBq,013982-63-3,reference,ILCD/EF background flow (Sphera GaBi dataset, Aluminium profile EN15804 A1-A3).,,
fe0acd60-3ddc-11dd-abaa-0050c2490048,radium-228,ElementaryFlow,Emissions / Emissions to water,kBq,015262-20-1,reference,ILCD/EF background flow (Sphera GaBi dataset, Aluminium profile EN15804 A1-A3).,,
fe0acd60-3ddc-11dd-abac-0050c2490048,radon-220,ElementaryFlow,Emissions / Emissions to air,kBq,022481-48-7,reference,ILCD/EF background flow (Sphera GaBi dataset, Aluminium profile EN15804 A1-A3).,,
fe0acd60-3ddc-11dd-abb0-0050c2490048,radon-222,ElementaryFlow,Emissions / Emissions to air,kBq,014859-67-7,reference,ILCD/EF background flow (Sphera GaBi dataset, Aluminium profile EN15804 A1-A3).,,
fe0acd60-3ddc-11dd-abb5-0050c2490048,rhodium,ElementaryFlow,Emissions / Emissions to air,kg,007440-16-6,reference,ILCD/EF background flow (Sphera GaBi dataset, Aluminium profile EN15804 A1-A3).,,
fe0acd60-3ddc-11dd-abbd-0050c2490048,rimsulfuron,ElementaryFlow,Emissions / Emissions to soil,kg,122931-48-0,reference,ILCD/EF background flow (Sphera GaBi dataset, Aluminium profile EN15804 A1-A3).,,
fe0acd60-3ddc-11dd-abc4-0050c2490048,rubidium,ElementaryFlow,Emissions / Emissions to water,kg,007440-17-7,reference,ILCD/EF background flow (Sphera GaBi dataset, Aluminium profile EN15804 A1-A3).,,
fe0acd60-3ddc-11dd-abd4-0050c2490048,ruthenium-103,ElementaryFlow,Emissions / Emissions to air,kBq,013968-53-1,reference,ILCD/EF background flow (Sphera GaBi dataset, Aluminium profile EN15804 A1-A3).,,
fe0acd60-3ddc-11dd-abd8-0050c2490048,ruthenium-103,ElementaryFlow,Emissions / Emissions to water,kBq,013968-53-1,reference,ILCD/EF background flow (Sphera GaBi dataset, Aluminium profile EN15804 A1-A3).,,
fe0acd60-3ddc-11dd-abdb-0050c2490048,ruthenium-106,ElementaryFlow,Emissions / Emissions to water,kBq,013967-48-1,reference,ILCD/EF background flow (Sphera GaBi dataset, Aluminium profile EN15804 A1-A3).,,
fe0acd60-3ddc-11dd-abde-0050c2490048,ruthenium-106,ElementaryFlow,Emissions / Emissions to water,kBq,013967-48-1,reference,ILCD/EF background flow (Sphera GaBi dataset, Aluminium profile EN15804 A1-A3).,,
fe0acd60-3ddc-11dd-abf3-0050c2490048,selenium,ElementaryFlow,Emissions / Emissions to air,kg,007782-49-2,reference,ILCD/EF background flow (Sphera GaBi dataset, Aluminium profile EN15804 A1-A3).,,
fe0acd60-3ddc-11dd-abf6-0050c2490048,silver,ElementaryFlow,Emissions / Emissions to air,kg,007440-22-4,reference,ILCD/EF background flow (Sphera GaBi dataset, Aluminium profile EN15804 A1-A3).,,
fe0acd60-3ddc-11dd-abfa-0050c2490048,silver,ElementaryFlow,Emissions / Emissions to water,kg,007440-22-4,reference,ILCD/EF background flow (Sphera GaBi dataset, Aluminium profile EN15804 A1-A3).,,
fe0acd60-3ddc-11dd-abfd-0050c2490048,silver,ElementaryFlow,Emissions / Emissions to soil,kg,007440-22-4,reference,ILCD/EF background flow (Sphera GaBi dataset, Aluminium profile EN15804 A1-A3).,,
fe0acd60-3ddc-11dd-abfe-0050c2490048,silver,ElementaryFlow,Emissions / Emissions to water,kg,007440-22-4,reference,ILCD/EF background flow (Sphera GaBi dataset, Aluminium profile EN15804 A1-A3).,,
fe0acd60-3ddc-11dd-abff-0050c2490048,silver-110,ElementaryFlow,Emissions / Emissions to air,kBq,014391-76-5,reference,ILCD/EF background flow (Sphera GaBi dataset, Aluminium profile EN15804 A1-A3).,,
fe0acd60-3ddc-11dd-ac02-0050c2490048,sodium-24,ElementaryFlow,Emissions / Emissions to water,kBq,013982-04-2,reference,ILCD/EF background flow (Sphera GaBi dataset, Aluminium profile EN15804 A1-A3).,,
fe0acd60-3ddc-11dd-ac04-0050c2490048,water vapour,ElementaryFlow,Emissions / Emissions to air,kg,007732-18-5,reference,ILCD/EF background flow (Sphera GaBi dataset, Aluminium profile EN15804 A1-A3).,,
fe0acd60-3ddc-11dd-ac08-0050c2490048,strontium,ElementaryFlow,Emissions / Emissions to soil,kg,007440-24-6,reference,ILCD/EF background flow (Sphera GaBi dataset, Aluminium profile EN15804 A1-A3).,,
fe0acd60-3ddc-11dd-ac0a-0050c2490048,strontium,ElementaryFlow,Emissions / Emissions to air,kg,007440-24-6,reference,ILCD/EF background flow (Sphera GaBi dataset, Aluminium profile EN15804 A1-A3).,,
fe0acd60-3ddc-11dd-ac0e-0050c2490048,strontium,ElementaryFlow,Emissions / Emissions to water,kg,007440-24-6,reference,ILCD/EF background flow (Sphera GaBi dataset, Aluminium profile EN15804 A1-A3).,,
fe0acd60-3ddc-11dd-ac32-0050c2490048,molybdenum,ElementaryFlow,Emissions / Emissions to soil,kg,007439-98-7,reference,ILCD/EF background flow (Sphera GaBi dataset, Aluminium profile EN15804 A1-A3).,,
fe0acd60-3ddc-11dd-ac33-0050c2490048,molybdenum,ElementaryFlow,Emissions / Emissions to water,kg,007439-98-7,reference,ILCD/EF background flow (Sphera GaBi dataset, Aluminium profile EN15804 A1-A3).,,
fe0acd60-3ddc-11dd-ac34-0050c2490048,molybdenum-99,ElementaryFlow,Emissions / Emissions to water,kBq,014119-15-4,reference,ILCD/EF background flow (Sphera GaBi dataset, Aluminium profile EN15804 A1-A3).,,
fe0acd60-3ddc-11dd-ac48-0050c2490048,sulfur dioxide,ElementaryFlow,Emissions / Emissions to air,kg,007446-09-5,reference,ILCD/EF background flow (Sphera GaBi dataset, Aluminium profile EN15804 A1-A3).,,
fe0acd60-3ddc-11dd-ac51-0050c2490048,sulfur hexafluoride,ElementaryFlow,Emissions / Emissions to air,kg,002551-62-4,reference,ILCD/EF background flow (Sphera GaBi dataset, Aluminium profile EN15804 A1-A3).,,
fe0acd60-3ddc-11dd-ac55-0050c2490048,sulfur trioxide,ElementaryFlow,Emissions / Emissions to water,kg,007446-11-9,reference,ILCD/EF background flow (Sphera GaBi dataset, Aluminium profile EN15804 A1-A3).,,
fe0acd60-3ddc-11dd-ac59-0050c2490048,sulfate,ElementaryFlow,Emissions / Emissions to water,kg,014808-79-8,reference,ILCD/EF background flow (Sphera GaBi dataset, Aluminium profile EN15804 A1-A3).,,
fe0acd60-3ddc-11dd-ac5c-0050c2490048,sulfate,ElementaryFlow,Emissions / Emissions to water,kg,014808-79-8,reference,ILCD/EF background flow (Sphera GaBi dataset, Aluminium profile EN15804 A1-A3).,,
fe0acd60-3ddc-11dd-ac69-0050c2490048,tellurium,ElementaryFlow,Emissions / Emissions to air,kg,013494-80-9,reference,ILCD/EF background flow (Sphera GaBi dataset, Aluminium profile EN15804 A1-A3).,,
fe0acd60-3ddc-11dd-ac6e-0050c2490048,tellurium-123,ElementaryFlow,Emissions / Emissions to water,kBq,014304-80-4,reference,ILCD/EF background flow (Sphera GaBi dataset, Aluminium profile EN15804 A1-A3).,,
fe0acd60-3ddc-11dd-ac71-0050c2490048,tellurium-132,ElementaryFlow,Emissions / Emissions to water,kBq,014234-28-7,reference,ILCD/EF background flow (Sphera GaBi dataset, Aluminium profile EN15804 A1-A3).,,
fe0acd60-3ddc-11dd-ac79-0050c2490048,thiram,ElementaryFlow,Emissions / Emissions to soil,kg,000137-26-8,reference,ILCD/EF background flow (Sphera GaBi dataset, Aluminium profile EN15804 A1-A3).,,
fe0acd60-3ddc-11dd-ac7b-0050c2490048,thiram,ElementaryFlow,Emissions / Emissions to air,kg,000137-26-8,reference,ILCD/EF background flow (Sphera GaBi dataset, Aluminium profile EN15804 A1-A3).,,
fe0acd60-3ddc-11dd-ac7f-0050c2490048,thiram,ElementaryFlow,Emissions / Emissions to water,kg,000137-26-8,reference,ILCD/EF background flow (Sphera GaBi dataset, Aluminium profile EN15804 A1-A3).,,
fe0acd60-3ddc-11dd-ac85-0050c2490048,thorium-228,ElementaryFlow,Emissions / Emissions to air,kBq,014274-82-9,reference,ILCD/EF background flow (Sphera GaBi dataset, Aluminium profile EN15804 A1-A3).,,
fe0acd60-3ddc-11dd-ac8d-0050c2490048,o-chlorotoluene,ElementaryFlow,Emissions / Emissions to air,kg,000095-49-8,reference,ILCD/EF background flow (Sphera GaBi dataset, Aluminium profile EN15804 A1-A3).,,
fe0acd60-3ddc-11dd-ac91-0050c2490048,o-chlorotoluene,ElementaryFlow,Emissions / Emissions to water,kg,000095-49-8,reference,ILCD/EF background flow (Sphera GaBi dataset, Aluminium profile EN15804 A1-A3).,,
fe0acd60-3ddc-11dd-acd4-0050c2490048,americium-241,ElementaryFlow,Emissions / Emissions to water,kBq,086954-36-1,reference,ILCD/EF background flow (Sphera GaBi dataset, Aluminium profile EN15804 A1-A3).,,
fe0acd60-3ddc-11dd-acd8-0050c2490048,magnesium chloride,ElementaryFlow,Resources / Resources from ground,kg,007786-30-3,reference,ILCD/EF background flow (Sphera GaBi dataset, Aluminium profile EN15804 A1-A3).,,
fe0acd60-3ddc-11dd-acdb-0050c2490048,dimethyl formamide,ElementaryFlow,Emissions / Emissions to air,kg,000068-12-2,reference,ILCD/EF background flow (Sphera GaBi dataset, Aluminium profile EN15804 A1-A3).,,
fe0acd60-3ddc-11dd-ad00-0050c2490048,acenaphthylene,ElementaryFlow,Emissions / Emissions to air,kg,000208-96-8,reference,ILCD/EF background flow (Sphera GaBi dataset, Aluminium profile EN15804 A1-A3).,,
fe0acd60-3ddc-11dd-ad24-0050c2490048,cyclopentane,ElementaryFlow,Emissions / Emissions to air,kg,000287-92-3,reference,ILCD/EF background flow (Sphera GaBi dataset, Aluminium profile EN15804 A1-A3).,,
fe0acd60-3ddc-11dd-ad72-0050c2490048,cypermethrin,ElementaryFlow,Emissions / Emissions to soil,kg,052315-07-8,reference,ILCD/EF background flow (Sphera GaBi dataset, Aluminium profile EN15804 A1-A3).,,
fe0acd60-3ddc-11dd-ad74-0050c2490048,cypermethrin,ElementaryFlow,Emissions / Emissions to air,kg,052315-07-8,reference,ILCD/EF background flow (Sphera GaBi dataset, Aluminium profile EN15804 A1-A3).,,
fe0acd60-3ddc-11dd-ad78-0050c2490048,cypermethrin,ElementaryFlow,Emissions / Emissions to water,kg,052315-07-8,reference,ILCD/EF background flow (Sphera GaBi dataset, Aluminium profile EN15804 A1-A3).,,
fe0acd60-3ddc-11dd-ad7e-0050c2490048,acetonitrile,ElementaryFlow,Emissions / Emissions to air,kg,000075-05-8,reference,ILCD/EF background flow (Sphera GaBi dataset, Aluminium profile EN15804 A1-A3).,,
fe0acd60-3ddc-11dd-ad82-0050c2490048,acetonitrile,ElementaryFlow,Emissions / Emissions to water,kg,000075-05-8,reference,ILCD/EF background flow (Sphera GaBi dataset, Aluminium profile EN15804 A1-A3).,,
fe0acd60-3ddc-11dd-ad91-0050c2490048,xylene (all isomers),ElementaryFlow,Emissions / Emissions to air,kg,001330-20-7,reference,ILCD/EF background flow (Sphera GaBi dataset, Aluminium profile EN15804 A1-A3).,,
fe0acd60-3ddc-11dd-ad96-0050c2490048,xylene (all isomers),ElementaryFlow,Emissions / Emissions to water,kg,001330-20-7,reference,ILCD/EF background flow (Sphera GaBi dataset, Aluminium profile EN15804 A1-A3).,,
fe0acd60-3ddc-11dd-ad9a-0050c2490048,xylene (all isomers),ElementaryFlow,Emissions / Emissions to water,kg,001330-20-7,reference,ILCD/EF background flow (Sphera GaBi dataset, Aluminium profile EN15804 A1-A3).,,
fe0acd60-3ddc-11dd-ae39-0050c2490048,pendimethalin,ElementaryFlow,Emissions / Emissions to soil,kg,040487-42-1,reference,ILCD/EF background flow (Sphera GaBi dataset, Aluminium profile EN15804 A1-A3).,,
fe0acd60-3ddc-11dd-ae3b-0050c2490048,pendimethalin,ElementaryFlow,Emissions / Emissions to water,kg,040487-42-1,reference,ILCD/EF background flow (Sphera GaBi dataset, Aluminium profile EN15804 A1-A3).,,
fe0acd60-3ddc-11dd-ae3f-0050c2490048,uranium-234,ElementaryFlow,Emissions / Emissions to water,kBq,013966-29-5,reference,ILCD/EF background flow (Sphera GaBi dataset, Aluminium profile EN15804 A1-A3).,,
fe0acd60-3ddc-11dd-ae42-0050c2490048,uranium-234,ElementaryFlow,Emissions / Emissions to water,kBq,013966-29-5,reference,ILCD/EF background flow (Sphera GaBi dataset, Aluminium profile EN15804 A1-A3).,,
fe0acd60-3ddc-11dd-ae5a-0050c2490048,lake water,ElementaryFlow,Resources / Resources from water,m3,007732-18-5,reference,ILCD/EF background flow (Sphera GaBi dataset, Aluminium profile EN15804 A1-A3).,,
fe0acd60-3ddc-11dd-ae5c-0050c2490048,copper,ElementaryFlow,Resources / Resources from ground,kg,007440-50-8,reference,ILCD/EF background flow (Sphera GaBi dataset, Aluminium profile EN15804 A1-A3).,,
fe0acd60-3ddc-11dd-ae5d-0050c2490048,lead,ElementaryFlow,Resources / Resources from ground,kg,007439-92-1,reference,ILCD/EF background flow (Sphera GaBi dataset, Aluminium profile EN15804 A1-A3).,,
fe0acd60-3ddc-11dd-ae91-0050c2490048,captan,ElementaryFlow,Emissions / Emissions to soil,kg,000133-06-2,reference,ILCD/EF background flow (Sphera GaBi dataset, Aluminium profile EN15804 A1-A3).,,
fe0acd60-3ddc-11dd-ae95-0050c2490048,boron,ElementaryFlow,Resources / Resources from ground,kg,007440-42-8,reference,ILCD/EF background flow (Sphera GaBi dataset, Aluminium profile EN15804 A1-A3).,,
fe0acd60-3ddc-11dd-ae96-0050c2490048,used air,ElementaryFlow,Emissions / Emissions to air,kg,,reference,ILCD/EF background flow (Sphera GaBi dataset, Aluminium profile EN15804 A1-A3).,,
fe0acd60-3ddc-11dd-ae9a-0050c2490048,volatile organic compound,ElementaryFlow,Emissions / Emissions to water,kg,,reference,ILCD/EF background flow (Sphera GaBi dataset, Aluminium profile EN15804 A1-A3).,,
fe0acd60-3ddc-11dd-aed3-0050c2490048,thidiazuron,ElementaryFlow,Emissions / Emissions to soil,kg,051707-55-2,reference,ILCD/EF background flow (Sphera GaBi dataset, Aluminium profile EN15804 A1-A3).,,
fe0acd60-3ddc-11dd-af00-0050c2490048,chloroform,ElementaryFlow,Emissions / Emissions to air,kg,000067-66-3,reference,ILCD/EF background flow (Sphera GaBi dataset, Aluminium profile EN15804 A1-A3).,,
fe0acd60-3ddc-11dd-af15-0050c2490048,manganese,ElementaryFlow,Emissions / Emissions to water,kg,007439-96-5,reference,ILCD/EF background flow (Sphera GaBi dataset, Aluminium profile EN15804 A1-A3).,,
fe0acd60-3ddc-11dd-af16-0050c2490048,2-methyl-4-chlorophenoxyacetic acid,ElementaryFlow,Emissions / Emissions to air,kg,000094-74-6,reference,ILCD/EF background flow (Sphera GaBi dataset, Aluminium profile EN15804 A1-A3).,,
fe0acd60-3ddc-11dd-af1a-0050c2490048,2-methyl-4-chlorophenoxyacetic acid,ElementaryFlow,Emissions / Emissions to water,kg,000094-74-6,reference,ILCD/EF background flow (Sphera GaBi dataset, Aluminium profile EN15804 A1-A3).,,
fe0acd60-3ddc-11dd-afbf-0050c2490048,methyl cyclopentane,ElementaryFlow,Emissions / Emissions to air,kg,000096-37-7,reference,ILCD/EF background flow (Sphera GaBi dataset, Aluminium profile EN15804 A1-A3).,,
fe0acd60-3ddc-11dd-afc7-0050c2490048,methyl ethyl ketone,ElementaryFlow,Emissions / Emissions to air,kg,000078-93-3,reference,ILCD/EF background flow (Sphera GaBi dataset, Aluminium profile EN15804 A1-A3).,,
fe0acd60-3ddc-11dd-afcf-0050c2490048,methyl formate,ElementaryFlow,Emissions / Emissions to air,kg,000107-31-3,reference,ILCD/EF background flow (Sphera GaBi dataset, Aluminium profile EN15804 A1-A3).,,
fe0acd60-3ddc-11dd-afd4-0050c2490048,metribuzin,ElementaryFlow,Emissions / Emissions to soil,kg,021087-64-9,reference,ILCD/EF background flow (Sphera GaBi dataset, Aluminium profile EN15804 A1-A3).,,
fe0acd60-3ddc-11dd-afd6-0050c2490048,metribuzin,ElementaryFlow,Emissions / Emissions to air,kg,021087-64-9,reference,ILCD/EF background flow (Sphera GaBi dataset, Aluminium profile EN15804 A1-A3).,,
fe0acd60-3ddc-11dd-afda-0050c2490048,metribuzin,ElementaryFlow,Emissions / Emissions to water,kg,021087-64-9,reference,ILCD/EF background flow (Sphera GaBi dataset, Aluminium profile EN15804 A1-A3).,,
fe0acd60-3ddc-11dd-afdf-0050c2490048,metsulfuron-methyl,ElementaryFlow,Emissions / Emissions to soil,kg,074223-64-6,reference,ILCD/EF background flow (Sphera GaBi dataset, Aluminium profile EN15804 A1-A3).,,
fe0acd60-3ddc-11dd-afea-0050c2490048,metolachlor,ElementaryFlow,Emissions / Emissions to soil,kg,051218-45-2,reference,ILCD/EF background flow (Sphera GaBi dataset, Aluminium profile EN15804 A1-A3).,,
fe0acd60-3ddc-11dd-afec-0050c2490048,metolachlor,ElementaryFlow,Emissions / Emissions to air,kg,051218-45-2,reference,ILCD/EF background flow (Sphera GaBi dataset, Aluminium profile EN15804 A1-A3).,,
fe0acd60-3ddc-11dd-aff0-0050c2490048,metolachlor,ElementaryFlow,Emissions / Emissions to water,kg,051218-45-2,reference,ILCD/EF background flow (Sphera GaBi dataset, Aluminium profile EN15804 A1-A3).,,
fe0acd60-3ddc-11dd-b09e-0050c2490048,bromoxynil,ElementaryFlow,Emissions / Emissions to soil,kg,001689-84-5,reference,ILCD/EF background flow (Sphera GaBi dataset, Aluminium profile EN15804 A1-A3).,,
fe0acd60-3ddc-11dd-b0a0-0050c2490048,bromoxynil,ElementaryFlow,Emissions / Emissions to air,kg,001689-84-5,reference,ILCD/EF background flow (Sphera GaBi dataset, Aluminium profile EN15804 A1-A3).,,
fe0acd60-3ddc-11dd-b0a4-0050c2490048,bromoxynil,ElementaryFlow,Emissions / Emissions to water,kg,001689-84-5,reference,ILCD/EF background flow (Sphera GaBi dataset, Aluminium profile EN15804 A1-A3).,,
fe0acd60-3ddc-11dd-b0de-0050c2490048,benzo[b]fluoranthene,ElementaryFlow,Emissions / Emissions to air,kg,000205-99-2,reference,ILCD/EF background flow (Sphera GaBi dataset, Aluminium profile EN15804 A1-A3).,,
fe0acd60-3ddc-11dd-b125-0050c2490048,Bidrin,ElementaryFlow,Emissions / Emissions to soil,kg,000141-66-2,reference,ILCD/EF background flow (Sphera GaBi dataset, Aluminium profile EN15804 A1-A3).,,
fe0acd60-3ddc-11dd-b127-0050c2490048,Bidrin,ElementaryFlow,Emissions / Emissions to air,kg,000141-66-2,reference,ILCD/EF background flow (Sphera GaBi dataset, Aluminium profile EN15804 A1-A3).,,
fe0acd60-3ddc-11dd-b12b-0050c2490048,Bidrin,ElementaryFlow,Emissions / Emissions to water,kg,000141-66-2,reference,ILCD/EF background flow (Sphera GaBi dataset, Aluminium profile EN15804 A1-A3).,,
fe0acd60-3ddc-11dd-b143-0050c2490048,chlorine,ElementaryFlow,Emissions / Emissions to soil,kg,007782-50-5,reference,ILCD/EF background flow (Sphera GaBi dataset, Aluminium profile EN15804 A1-A3).,,
fe0acd60-3ddc-11dd-b187-0050c2490048,bromoform,ElementaryFlow,Emissions / Emissions to air,kg,000075-25-2,reference,ILCD/EF background flow (Sphera GaBi dataset, Aluminium profile EN15804 A1-A3).,,
fe0c198c-9a8f-4ed5-baa4-d6233358d78c,dimethyl sulphate,ElementaryFlow,Emissions / Emissions to air,kg,000077-78-1,reference,ILCD/EF background flow (Sphera GaBi dataset, Aluminium profile EN15804 A1-A3).,,
fe3b7db4-a7e6-4e83-876e-ef859c1c421c,to arable, non-irrigated, extensive,ElementaryFlow,Land use / Land transformation,m2,,reference,ILCD/EF background flow (Sphera GaBi dataset, Aluminium profile EN15804 A1-A3).,,
008e406f-97a7-4823-a68d-0bd2c415ee72,Cold Rolling Sludge,ProductFlow,Production residues in life cycle / Hazardous waste for disposal,kg,,reference,ILCD/IDEMAT background flow (metals/EoL import).,,
0097bf60-3729-40b6-94d0-06bd6146cfc2,Cesium-137,ElementaryFlow,Elementary flows / Emission to water,kBq,,reference,ILCD/IDEMAT background flow (metals/EoL import).,,
009ccb2d-86d7-417c-8db1-2f4582895b3a,Ethane, 1,2-dichloro-,ElementaryFlow,Elementary flows / Emission to soil,kg,000107-06-2,reference,ILCD/IDEMAT background flow (metals/EoL import).,,
00e73fdb-98df-4a03-8290-79931cddfd12,Lead-210,ElementaryFlow,Elementary flows / Emission to air,kBq,,reference,ILCD/IDEMAT background flow (metals/EoL import).,,
0123d60d-1c78-4a38-9fa0-90b1b6c9491e,Process water,ProductFlow,Materials production / Water,kg,,reference,ILCD/IDEMAT background flow (metals/EoL import).,,
0125d40c-b7e8-4f98-a5ac-09115efeb568,Hydrogen cyanide,ElementaryFlow,Elementary flows / Emission to air,kg,000074-90-8,reference,ILCD/IDEMAT background flow (metals/EoL import).,,
0267272f-ea07-498a-9723-43583f115b46,Protactinium-234,ElementaryFlow,Elementary flows / Emission to air,kBq,015100-28-4,reference,ILCD/IDEMAT background flow (metals/EoL import).,,
02d18acf-ec93-467e-a467-cfb4452fb55b,Cresol,ElementaryFlow,Elementary flows / Emission to water,kg,001319-77-3,reference,ILCD/IDEMAT background flow (metals/EoL import).,,
033f8342-fd62-405e-a512-3fa8619e6ded,stone,ElementaryFlow,Elementary flows / Resource,kg,,reference,ILCD/IDEMAT background flow (metals/EoL import).,,
03758df7-503a-400e-bc7b-ec05825761a5,Ethane, 1,2-dichloro-,ElementaryFlow,Elementary flows / Emission to air,kg,,reference,ILCD/IDEMAT background flow (metals/EoL import).,,
04512c78-0228-4291-8c4d-7e64b6ad670c,Beryllium,ElementaryFlow,Elementary flows / Emission to water,kg,007440-41-7,reference,ILCD/IDEMAT background flow (metals/EoL import).,,
049a1473-3a62-4121-982b-5d15d0f2c683,Hydrocarbons, unspecified,ElementaryFlow,Elementary flows / Emission to water,kg,,reference,ILCD/IDEMAT background flow (metals/EoL import).,,
05595ddf-01ce-49dc-8854-eeb419b7d4c3,Fluoranthene,ElementaryFlow,Elementary flows / Emission to water,kg,000206-44-0,reference,ILCD/IDEMAT background flow (metals/EoL import).,,
059e6a26-7035-4621-a360-c71c5778eec8,Pentane, 3-methyl-,ElementaryFlow,Elementary flows / Emission to air,kg,000096-14-0,reference,ILCD/IDEMAT background flow (metals/EoL import).,,
05aade40-92a0-4c18-a061-588445d5af43,Fluorene,ElementaryFlow,Elementary flows / Emission to air,kg,000086-73-7,reference,ILCD/IDEMAT background flow (metals/EoL import).,,
0609bdf8-819f-4556-8686-94e3a2476f2e,Water (fresh water),ElementaryFlow,Elementary flows / Resource,kg,,reference,ILCD/IDEMAT background flow (metals/EoL import).,,
0673d068-9699-43d9-a93e-b88fd2e64322,Phenanthrene,ElementaryFlow,Elementary flows / Emission to water,kg,000085-01-8,reference,ILCD/IDEMAT background flow (metals/EoL import).,,
06911561-7da9-487c-adda-85e268d672af,Isopentane,ElementaryFlow,Elementary flows / Emission to air,kg,000078-78-4,reference,ILCD/IDEMAT background flow (metals/EoL import).,,
082903e4-45d8-4078-94cb-736b15279277,Dioxins, measured as 2,3,7,8-tetrachlorodibenzo-p-dioxin,ElementaryFlow,Elementary flows / Emission to air,kg,,reference,ILCD/IDEMAT background flow (metals/EoL import).,,
08a91e70-3ddc-11dd-980b-0050c2490048,Decane,ElementaryFlow,Elementary flows / Emission to soil,kg,000124-18-5,reference,ILCD/IDEMAT background flow (metals/EoL import).,,
08a91e70-3ddc-11dd-980c-0050c2490048,Decane,ElementaryFlow,Elementary flows / Emission to water,kg,000124-18-5,reference,ILCD/IDEMAT background flow (metals/EoL import).,,
09257c34-f323-436a-81be-ef90e9171ed2,Nitrite,ElementaryFlow,Elementary flows / Emission to water,kg,014797-65-0,reference,ILCD/IDEMAT background flow (metals/EoL import).,,
097cecfb-bed2-43a0-81b7-c153d0bb14b9,Phosphine,ElementaryFlow,Elementary flows / Emission to air,kg,007803-51-2,reference,ILCD/IDEMAT background flow (metals/EoL import).,,
0a1535df-c1a6-4cb9-bc4d-b5d71b8e7d6a,Biotic Production,ElementaryFlow,Elementary flows / Resource,kg,,reference,ILCD/IDEMAT background flow (metals/EoL import).,,
0ac31b4a-b16d-40c8-928f-cdb8053d988f,Cesium-137,ElementaryFlow,Elementary flows / Emission to water,kBq,010045-97-3,reference,ILCD/IDEMAT background flow (metals/EoL import).,,
0ace7678-a181-48e8-8728-d912a8b56c57,Aluminium,ElementaryFlow,Elementary flows / Emission to water,kg,,reference,ILCD/IDEMAT background flow (metals/EoL import).,,
0b7e10a8-6ca0-4a50-a39b-f2a019cb3610,Nitrogen dioxide,ElementaryFlow,Elementary flows / Emission to air,kg,010102-44-0,reference,ILCD/IDEMAT background flow (metals/EoL import).,,
0c209634-80bb-4909-8442-3189b7cb01d7,Isoprene,ElementaryFlow,Elementary flows / Emission to air,kg,,reference,ILCD/IDEMAT background flow (metals/EoL import).,,
0c2efb61-ac49-4ff1-9f66-7f1aff286b5e,Sulfur,ElementaryFlow,Elementary flows / Emission to water,kg,007704-34-9,reference,ILCD/IDEMAT background flow (metals/EoL import).,,
0d213eaa-6dec-4669-b75e-4afeb06ac31d,Carbonate,ElementaryFlow,Elementary flows / Emission to water,kg,003812-32-6,reference,ILCD/IDEMAT background flow (metals/EoL import).,,
0d9f1f58-e5b6-4387-a22e-ae28c4ccfc6a,Ethane, 1,1,2-trifluoro-, HFC-143,ElementaryFlow,Elementary flows / Emission to air,kg,000430-66-0,reference,ILCD/IDEMAT background flow (metals/EoL import).,,
0d9f52b2-f2d5-46a3-90a3-e22ef252cc37,Strontium,ElementaryFlow,Elementary flows / Emission to air,kg,,reference,ILCD/IDEMAT background flow (metals/EoL import).,,
0e848871-d8b6-457a-a274-dd50fd437502,Water (groundwater from technosphere, waste water),ElementaryFlow,Elementary flows / Emission to water,kg,,reference,ILCD/IDEMAT background flow (metals/EoL import).,,
0ebdb68a-f50d-4b0c-ad4b-3a1104d8b454,Methanol,ElementaryFlow,Elementary flows / Emission to air,kg,,reference,ILCD/IDEMAT background flow (metals/EoL import).,,
0ee08c3a-1553-4637-8f17-c486c115ef2b,Barium,ElementaryFlow,Elementary flows / Emission to water,kg,007440-39-3,reference,ILCD/IDEMAT background flow (metals/EoL import).,,
1030c912-439b-49b6-bbe7-c8305532527c,Cyclopentane,ElementaryFlow,Elementary flows / Emission to air,kg,000287-92-3,reference,ILCD/IDEMAT background flow (metals/EoL import).,,
10555050-586c-46b7-848e-9d90324d104b,Silicon tetrafluoride,ElementaryFlow,Elementary flows / Emission to air,kg,007783-61-1,reference,ILCD/IDEMAT background flow (metals/EoL import).,,
106689fa-52d8-4f7d-aa5b-920122aaf1aa,Iodine-129,ElementaryFlow,Elementary flows / Emission to air,kBq,015046-84-1,reference,ILCD/IDEMAT background flow (metals/EoL import).,,
10ec2732-3828-4232-914e-941c38bdd08b,Antimony-125,ElementaryFlow,Elementary flows / Emission to water,kBq,014234-35-6,reference,ILCD/IDEMAT background flow (metals/EoL import).,,
113746e5-66a9-4d8c-b72b-4a99e7fcd052,VOC, volatile organic compounds, unspecified origin,ElementaryFlow,Elementary flows / Emission to water,kg,,reference,ILCD/IDEMAT background flow (metals/EoL import).,,
11a2a7b1-ab2f-47b8-9e29-6f33d5207fa6,Gypsum, in ground,ElementaryFlow,Elementary flows / Resource,kg,,reference,ILCD/IDEMAT background flow (metals/EoL import).,,
12051b95-831a-49c0-9a70-fbc0e8fb9af9,Cobalt,ElementaryFlow,Elementary flows / Emission to soil,kg,,reference,ILCD/IDEMAT background flow (metals/EoL import).,,
12d6029e-3801-42ee-a1bc-1ebf936884fc,Cadmium,ElementaryFlow,Elementary flows / Emission to soil,kg,,reference,ILCD/IDEMAT background flow (metals/EoL import).,,
13738d15-2256-40f6-99da-d802e5f4c747,Polonium-210,ElementaryFlow,Elementary flows / Emission to air,kBq,,reference,ILCD/IDEMAT background flow (metals/EoL import).,,
13d0bd49-6d62-4646-9a27-a0ecfc3fce04,Lead scrap,ProductFlow,Production residues in life cycle / Waste for recovery,kg,007439-92-1,reference,ILCD/IDEMAT background flow (metals/EoL import).,,
140f5c54-7965-420d-a5c1-0ed0f0671a55,Decane,ElementaryFlow,Elementary flows / Emission to air,kg,000124-18-5,reference,ILCD/IDEMAT background flow (metals/EoL import).,,
14204a64-9301-4056-b2ec-3f2362071f3c,Vanadium,ElementaryFlow,Elementary flows / Resource,kg,007440-62-2,reference,ILCD/IDEMAT background flow (metals/EoL import).,,
144f3b78-5d55-4679-b44c-71f83d0e1b79,propylene glycol monomethyl ether acetate,ElementaryFlow,Elementary flows / Emission to air,kg,,reference,ILCD/IDEMAT background flow (metals/EoL import).,,
14855254-9651-473b-92a2-1d0e4438ddbd,Nitrogen,ElementaryFlow,Elementary flows / Emission to water,kg,007727-37-9,reference,ILCD/IDEMAT background flow (metals/EoL import).,,
151212b4-079b-43a2-96d5-a6eef59166ac,Methane, difluoro-, HFC-32,ElementaryFlow,Elementary flows / Emission to air,kg,000075-10-5,reference,ILCD/IDEMAT background flow (metals/EoL import).,,
1512d759-45f7-4cf2-a42c-d02a8f71a19f,zinc oxide,ProductFlow,Materials production / Metals and semimetals,kg,,reference,ILCD/IDEMAT background flow (metals/EoL import).,,
15480380-fe67-4936-bac4-6d18f973b7e3,Glyphosate,ElementaryFlow,Elementary flows / Emission to water,kg,001071-83-6,reference,ILCD/IDEMAT background flow (metals/EoL import).,,
15f98b12-7233-4438-9372-4ee1cfd5d693,Lanthanum,ElementaryFlow,Elementary flows / Resource,kg,007439-91-0,reference,ILCD/IDEMAT background flow (metals/EoL import).,,
163926e2-b4cc-42bb-ba7d-401028140985,Molybdenum,ElementaryFlow,Elementary flows / Emission to water,kg,007439-98-7,reference,ILCD/IDEMAT background flow (metals/EoL import).,,
165aaeac-93d1-4afd-adf2-e3d6c0eaf629,Cyclohexane,ElementaryFlow,Elementary flows / Emission to air,kg,000110-82-7,reference,ILCD/IDEMAT background flow (metals/EoL import).,,
16a6b0a2-16f4-4706-a75a-20e08e41f46e,Manganese-54,ElementaryFlow,Elementary flows / Emission to water,kBq,013966-31-9,reference,ILCD/IDEMAT background flow (metals/EoL import).,,
1724f5fd-ec0b-463d-958a-153f8f2ab041,Nickel ion (+III),ElementaryFlow,Elementary flows / Emission to water,kg,022541-64-6,reference,ILCD/IDEMAT background flow (metals/EoL import).,,
180520a0-34e8-4058-bac9-27cbbb32c527,Nitrate,ElementaryFlow,Elementary flows / Emission to water,kg,014797-55-8,reference,ILCD/IDEMAT background flow (metals/EoL import).,,
18452b50-8c57-41d2-bbdd-37996c455771,Acetic acid,ElementaryFlow,Elementary flows / Emission to water,kg,000064-19-7,reference,ILCD/IDEMAT background flow (metals/EoL import).,,
18aa2daa-0188-4328-b24b-1ad1398ecf81,Thallium,ElementaryFlow,Elementary flows / Emission to air,kg,,reference,ILCD/IDEMAT background flow (metals/EoL import).,,
18c582fe-7336-4138-8797-2db8b7a754c7,Methane, chlorodifluoro-, HCFC-22,ElementaryFlow,Elementary flows / Emission to air,kg,,reference,ILCD/IDEMAT background flow (metals/EoL import).,,
18ea247b-edc2-43fe-89bd-cedd04102bcc,Methane, monochloro-, R-40,ElementaryFlow,Elementary flows / Emission to air,kg,,reference,ILCD/IDEMAT background flow (metals/EoL import).,,
19108dfd-9b70-4fca-bac5-d523f8b5d3c0,Benzene,ElementaryFlow,Elementary flows / Emission to water,kg,,reference,ILCD/IDEMAT background flow (metals/EoL import).,,
1939f8a8-d868-4eb3-9b2c-5feeda942af3,peat;  8.4 MJ/kg,ElementaryFlow,Elementary flows / Resource,MJ,,reference,ILCD/IDEMAT background flow (metals/EoL import).,,
1977149f-3739-45a3-935a-6c2ebc94bf6f,Bromide,ElementaryFlow,Elementary flows / Emission to soil,kg,000059-99-4,reference,ILCD/IDEMAT background flow (metals/EoL import).,,
19e622f1-1e1e-43b2-aa42-6b4778f80fdc,Flue dust,ProductFlow,Production residues in life cycle / Waste for recovery,kg,,reference,ILCD/IDEMAT background flow (metals/EoL import).,,
1a217018-e3e5-499c-9eb5-5aacb9e6ae9a,Magnesium,ElementaryFlow,Elementary flows / Emission to water,kg,,reference,ILCD/IDEMAT background flow (metals/EoL import).,,
1a3cb020-8e07-4ab4-8352-b215227eede0,Ruthenium-106,ElementaryFlow,Elementary flows / Emission to water,kBq,013967-48-1,reference,ILCD/IDEMAT background flow (metals/EoL import).,,
1a88c7ff-be1f-4134-bf27-c09936d144a8,Water (river water from technosphere turbined),ElementaryFlow,Elementary flows / Emission to water,kg,,reference,ILCD/IDEMAT background flow (metals/EoL import).,,
1acb026e-9de6-48fe-9e0d-be4d24125bbc,Water, lake,ElementaryFlow,Elementary flows / Resource,m3,,reference,ILCD/IDEMAT background flow (metals/EoL import).,,
1b8d1b12-8538-11e0-9d78-0800200c9a66,Nitrogen,ElementaryFlow,Elementary flows / Resource,kg,007727-37-9,reference,ILCD/IDEMAT background flow (metals/EoL import).,,
1c389e81-9f9d-4e52-a6e9-11cc6b73d90d,Fluorine,ElementaryFlow,Elementary flows / Emission to air,kg,,reference,ILCD/IDEMAT background flow (metals/EoL import).,,
1c5a7322-9261-4d59-a692-adde6c12de92,Cadmium,ElementaryFlow,Elementary flows / Emission to air,kg,,reference,ILCD/IDEMAT background flow (metals/EoL import).,,
1d444a45-70c4-4718-8427-1c0fff91f88e,Vinyl acetate,ElementaryFlow,Elementary flows / Emission to air,kg,000108-05-4,reference,ILCD/IDEMAT background flow (metals/EoL import).,,
1d75a540-c7f2-4cae-8b02-0f0d41c0cef7,Hydrogen-3, Tritium,ElementaryFlow,Elementary flows / Emission to water,kBq,010028-17-8,reference,ILCD/IDEMAT background flow (metals/EoL import).,,
1ddb3480-3426-4541-a201-592d4c6fe6aa,Methyl methacrylate,ElementaryFlow,Elementary flows / Emission to air,kg,000080-62-6,reference,ILCD/IDEMAT background flow (metals/EoL import).,,
1ec50b9b-a7c3-4c2a-ac48-91600c498507,Anthracene,ElementaryFlow,Elementary flows / Emission to water,kg,000120-12-7,reference,ILCD/IDEMAT background flow (metals/EoL import).,,
1ec6c4b4-ee5f-4788-8683-c95a84d6d63c,Heptane,ElementaryFlow,Elementary flows / Emission to air,kg,,reference,ILCD/IDEMAT background flow (metals/EoL import).,,
1f31247d-6556-11dd-ad8b-0800200c9a66,Water, surface,ElementaryFlow,Elementary flows / Resource,kg,007732-18-5,reference,ILCD/IDEMAT background flow (metals/EoL import).,,
1fe4a169-ae95-4eb8-b3d4-f5db63d1ca23,zinc slag (unspecified),WasteFlow,Wastes / Production residues,kg,,reference,ILCD/IDEMAT background flow (metals/EoL import).,,
1febb3ea-a4ee-4b7d-a6e7-0c4b6da28188,Cyanide,ElementaryFlow,Elementary flows / Emission to water,kg,,reference,ILCD/IDEMAT background flow (metals/EoL import).,,
20185046-64bb-4c09-a8e7-e8a9e144ca98,Dinitrogen monoxide,ElementaryFlow,Elementary flows / Emission to air,kg,,reference,ILCD/IDEMAT background flow (metals/EoL import).,,
20408dd1-8534-11e0-9d78-0800200c9a66,Methane,ElementaryFlow,Elementary flows / Emission to air,kg,000074-82-8,reference,ILCD/IDEMAT background flow (metals/EoL import).,,
20557d93-2b1c-49b5-b6c0-3528a8bbc307,Beryllium,ElementaryFlow,Elementary flows / Emission to air,kg,,reference,ILCD/IDEMAT background flow (metals/EoL import).,,
20d4d821-f4f7-4017-8810-f822fcdf619e,Hydrogen sulfide,ElementaryFlow,Elementary flows / Emission to air,kg,,reference,ILCD/IDEMAT background flow (metals/EoL import).,,
2126a80d-1cd0-46e4-8f30-341bd20a1d64,Steel hot rolled coil,ProductFlow,Materials production / Metals and semimetals,kg,,reference,ILCD/IDEMAT background flow (metals/EoL import).,,
21e46cb8-6233-4c99-bac3-c41d2ab99498,Particulates, < 2.5 um,ElementaryFlow,Elementary flows / Emission to air,kg,,reference,ILCD/IDEMAT background flow (metals/EoL import).,,
22043b06-1981-45a5-bfbb-20ae6f253191,Hydrogen-3, Tritium,ElementaryFlow,Elementary flows / Emission to air,kBq,010028-17-8,reference,ILCD/IDEMAT background flow (metals/EoL import).,,
2257e9f9-f38c-494b-b99f-f49b4768b4b9,Phosphoric acid,ElementaryFlow,Elementary flows / Emission to air,kg,007664-38-2,reference,ILCD/IDEMAT background flow (metals/EoL import).,,
22d1736f-baa9-481e-9583-42654a6a7c26,Thorium-230,ElementaryFlow,Elementary flows / Emission to air,kBq,014269-63-7,reference,ILCD/IDEMAT background flow (metals/EoL import).,,
23cb10a4-6228-4ce4-9fb5-7043bc31faec,Nickel, ion,ElementaryFlow,Elementary flows / Emission to water,kg,,reference,ILCD/IDEMAT background flow (metals/EoL import).,,
23e14d59-d837-4d64-a42a-6383d006e657,Glass for recovery (shards),ProductFlow,Production residues in life cycle / Waste for recovery,kg,,reference,ILCD/IDEMAT background flow (metals/EoL import).,,
24541c8c-9f11-49ae-9de5-456f238a3f5e,Hydrogen fluoride,ElementaryFlow,Elementary flows / Emission to air,kg,,reference,ILCD/IDEMAT background flow (metals/EoL import).,,
257c5907-140c-4c27-b360-4e9a8e0acedd,2-Hexanone,ElementaryFlow,Elementary flows / Emission to water,kg,000591-78-6,reference,ILCD/IDEMAT background flow (metals/EoL import).,,
25caf528-ad96-4bed-b053-b232cf93afcd,Fluoranthene,ElementaryFlow,Elementary flows / Emission to air,kg,000206-44-0,reference,ILCD/IDEMAT background flow (metals/EoL import).,,
26296ec9-ff93-41e6-bbbf-6175af04284d,Feldspar, in ground,ElementaryFlow,Elementary flows / Resource,kg,,reference,ILCD/IDEMAT background flow (metals/EoL import).,,
262cc485-4e2d-44af-bb1a-c52868186d0b,Butyl acetate,ElementaryFlow,Elementary flows / Emission to air,kg,000123-86-4,reference,ILCD/IDEMAT background flow (metals/EoL import).,,
26fd0df4-74ca-4144-b632-6e6f5f6d07b1,Ammonium, ion,ElementaryFlow,Elementary flows / Emission to water,kg,014798-03-9,reference,ILCD/IDEMAT background flow (metals/EoL import).,,
2767a0fb-a5b5-4800-b216-728aed4e21bf,Cresol, p-,ElementaryFlow,Elementary flows / Emission to air,kg,000106-44-5,reference,ILCD/IDEMAT background flow (metals/EoL import).,,
27fb6fd6-126b-4df6-9bab-a4eb16951588,o-Cresol,ElementaryFlow,Elementary flows / Emission to air,kg,000095-48-7,reference,ILCD/IDEMAT background flow (metals/EoL import).,,
281e1011-f121-4d5b-ad4d-22d562b2c2cd,Ethane, pentafluoro-, HFC-125,ElementaryFlow,Elementary flows / Emission to air,kg,000354-33-6,reference,ILCD/IDEMAT background flow (metals/EoL import).,,
284d6491-de2c-4124-95db-7732cbb5136c,Furan,ElementaryFlow,Elementary flows / Emission to air,kg,,reference,ILCD/IDEMAT background flow (metals/EoL import).,,
285b0c63-f36b-4ea5-a5c9-32cd930f9d69,Scoria,ProductFlow,Production residues in life cycle / Waste for recovery,kg,,reference,ILCD/IDEMAT background flow (metals/EoL import).,,
2896e915-230a-4f10-ba72-8922752219aa,Slag (unspecified),ProductFlow,Deposited goods / Stockpile goods,kg,,reference,ILCD/IDEMAT background flow (metals/EoL import).,,
28999907-a8a7-45b3-857e-836495ca2aa0,Benzene,ElementaryFlow,Elementary flows / Emission to air,kg,,reference,ILCD/IDEMAT background flow (metals/EoL import).,,
28b4d99e-6111-4ef9-8c34-10f94fff9309,Uranium-234,ElementaryFlow,Elementary flows / Emission to water,kBq,013966-29-5,reference,ILCD/IDEMAT background flow (metals/EoL import).,,
295060ba-3c3d-45e4-99ca-e17b1204b553,Manganese,ElementaryFlow,Elementary flows / Emission to air,kg,,reference,ILCD/IDEMAT background flow (metals/EoL import).,,
29d1b020-c34b-4252-beb1-83796ef5e187,Curium alpha,ElementaryFlow,Elementary flows / Emission to water,kBq,007440-51-9,reference,ILCD/IDEMAT background flow (metals/EoL import).,,
2a51889e-9264-45df-9753-64c25a755d9e,Ethene, chloro-,ElementaryFlow,Elementary flows / Emission to air,kg,,reference,ILCD/IDEMAT background flow (metals/EoL import).,,
2a7b68ff-f12a-44c6-8b31-71ec91d29889,Tin,ElementaryFlow,Elementary flows / Emission to air,kg,,reference,ILCD/IDEMAT background flow (metals/EoL import).,,
2ae53816-d258-4a14-83a6-ca8454eb361e,Hydrogen fluoride,ElementaryFlow,Elementary flows / Emission to water,kg,007664-39-3,reference,ILCD/IDEMAT background flow (metals/EoL import).,,
2aff27b3-72b7-4ec7-8960-e99ec776c92b,Xylene,ElementaryFlow,Elementary flows / Emission to water,kg,001330-20-7,reference,ILCD/IDEMAT background flow (metals/EoL import).,,
2bcad3b3-5305-481c-a166-ad5e6eac2675,Nickel,ElementaryFlow,Elementary flows / Emission to soil,kg,,reference,ILCD/IDEMAT background flow (metals/EoL import).,,
2cbfe861-7436-4a43-8892-f057320dc57d,Xenon-138,ElementaryFlow,Elementary flows / Emission to air,kBq,015751-81-2,reference,ILCD/IDEMAT background flow (metals/EoL import).,,
2d2e7120-4341-47bf-a987-c57137f7a640,Secondary fuel,ProductFlow,Production residues in life cycle,MJ,,reference,ILCD/IDEMAT background flow (metals/EoL import).,,
2f19a0af-a516-4f89-88ba-4c6b7cd52650,Nitrite,ElementaryFlow,Elementary flows / Emission to water,kg,,reference,ILCD/IDEMAT background flow (metals/EoL import).,,
3042b6d9-aad5-4953-8c1f-6700699d4e54,Nickel, ion,ElementaryFlow,Elementary flows / Emission to soil,kg,014701-22-5,reference,ILCD/IDEMAT background flow (metals/EoL import).,,
305af6f4-1a7e-487e-8479-0e37e3ec9d9e,Cobalt-58,ElementaryFlow,Elementary flows / Emission to water,kBq,013981-38-9,reference,ILCD/IDEMAT background flow (metals/EoL import).,,
307c1028-7727-4627-ac0b-a3c14fef1d7a,Selenium,ElementaryFlow,Elementary flows / Emission to water,kg,007782-49-2,reference,ILCD/IDEMAT background flow (metals/EoL import).,,
309785ae-645a-4541-b225-5422d73b21a6,m-Xylene,ElementaryFlow,Elementary flows / Emission to water,kg,000108-38-3,reference,ILCD/IDEMAT background flow (metals/EoL import).,,
312aaf26-d20f-4cb3-a556-e1ef03b10ab5,Mancozeb,ElementaryFlow,Elementary flows / Emission to air,kg,008018-01-7,reference,ILCD/IDEMAT background flow (metals/EoL import).,,
314d7cdc-1a84-48bc-97f5-ad8ed323bfab,Naphthalene,ElementaryFlow,Elementary flows / Emission to air,kg,000091-20-3,reference,ILCD/IDEMAT background flow (metals/EoL import).,,
31fba8ef-e9c5-4a99-88a0-d0fe109fd510,industrial waste (unspecified),WasteFlow,Wastes / Production residues,kg,,reference,ILCD/IDEMAT background flow (metals/EoL import).,,
321707be-ab32-4147-be1d-7d9f54f7e554,Cold rolling emulsion treatment sludge,ProductFlow,Production residues in life cycle / Hazardous waste for disposal,kg,,reference,ILCD/IDEMAT background flow (metals/EoL import).,,
3223d874-d4d1-460d-96ab-d14d9499f7f5,Slag (containing V),ProductFlow,Production residues in life cycle / Waste for recovery,kg,,reference,ILCD/IDEMAT background flow (metals/EoL import).,,
32451556-ee07-4e36-bd8a-09f8847f9c83,Sulfur,ElementaryFlow,Elementary flows / Emission to soil,kg,,reference,ILCD/IDEMAT background flow (metals/EoL import).,,
3256d56f-4ca3-4680-8cc1-0f8748e71373,Arsenic, ion,ElementaryFlow,Elementary flows / Emission to soil,kg,017428-41-0,reference,ILCD/IDEMAT background flow (metals/EoL import).,,
3268d8df-59cc-4740-a89f-dee8355ad7c3,Sulfur trioxide,ElementaryFlow,Elementary flows / Emission to air,kg,,reference,ILCD/IDEMAT background flow (metals/EoL import).,,
3302f7f2-5099-45be-92e0-73cda30f2832,Methane, monochloro-, R-40,ElementaryFlow,Elementary flows / Emission to water,kg,000074-87-3,reference,ILCD/IDEMAT background flow (metals/EoL import).,,
3350efd8-d98a-4683-9a13-ac69bab90c5f,Triethylene glycol,ElementaryFlow,Elementary flows / Emission to water,kg,000112-27-6,reference,ILCD/IDEMAT background flow (metals/EoL import).,,
33681770-a0e1-4ce8-93c3-941fd607fa5f,Methane, tetrafluoro-, R-14,ElementaryFlow,Elementary flows / Emission to air,kg,,reference,ILCD/IDEMAT background flow (metals/EoL import).,,
34698efa-71c8-4fec-9a43-6529f45887ac,Diethylamine,ElementaryFlow,Elementary flows / Emission to air,kg,000109-89-7,reference,ILCD/IDEMAT background flow (metals/EoL import).,,
350be6f5-59fb-49d1-8dbf-8afe62cb18b4,Dioxins, measured as 2,3,7,8-tetrachlorodibenzo-p-dioxin,ElementaryFlow,Elementary flows / Emission to water,kg,001746-01-6,reference,ILCD/IDEMAT background flow (metals/EoL import).,,
35372933-4994-4200-9bbe-6f5118696dce,Protactinium-234,ElementaryFlow,Elementary flows / Emission to water,kBq,015100-28-4,reference,ILCD/IDEMAT background flow (metals/EoL import).,,
35d1dff5-b535-4628-9826-4a8fce08a1f2,Sulfur hexafluoride,ElementaryFlow,Elementary flows / Emission to air,kg,,reference,ILCD/IDEMAT background flow (metals/EoL import).,,
370085db-491b-45d3-84c8-4a590559e970,BF Slag,ProductFlow,Production residues in life cycle / Waste for disposal,kg,,reference,ILCD/IDEMAT background flow (metals/EoL import).,,
3763cdaf-e40d-480f-b147-9665bef90287,Particulates, < 10 um,ElementaryFlow,Elementary flows / Emission to water,kg,,reference,ILCD/IDEMAT background flow (metals/EoL import).,,
3852ee94-d96f-4c59-a6c7-515243328d65,Rolling tinder,ProductFlow,Production residues in life cycle / Waste for recovery,kg,,reference,ILCD/IDEMAT background flow (metals/EoL import).,,
38a037a3-47a7-4df7-a986-84e60f50f62e,Potassium,ElementaryFlow,Elementary flows / Resource,kg,007440-09-7,reference,ILCD/IDEMAT background flow (metals/EoL import).,,
39c49db2-409a-4d5d-93f5-454535398965,Methyl acrylate,ElementaryFlow,Elementary flows / Emission to air,kg,000096-33-3,reference,ILCD/IDEMAT background flow (metals/EoL import).,,
39d1390a-ded6-41cb-a536-d47510bf2fbc,Chlorine,ElementaryFlow,Elementary flows / Emission to air,kg,,reference,ILCD/IDEMAT background flow (metals/EoL import).,,
3a6c936c-0276-4f11-9d98-1bd011387a6e,Propane,ElementaryFlow,Elementary flows / Emission to air,kg,,reference,ILCD/IDEMAT background flow (metals/EoL import).,,
3aaf9017-0d8a-42aa-9a60-cbc39e994e73,Phosphate,ElementaryFlow,Elementary flows / Emission to water,kg,,reference,ILCD/IDEMAT background flow (metals/EoL import).,,
3ac3442a-ca4d-4b4b-a486-3584bb29f9e0,Iodine-131,ElementaryFlow,Elementary flows / Emission to water,kBq,010043-66-0,reference,ILCD/IDEMAT background flow (metals/EoL import).,,
3b1ecf8e-1d2c-4330-81da-a79f9068976d,Toluene,ElementaryFlow,Elementary flows / Emission to air,kg,,reference,ILCD/IDEMAT background flow (metals/EoL import).,,
3ca668ef-c97d-45e2-909e-cf92789d60b0,TOC, Total Organic Carbon,ElementaryFlow,Elementary flows / Emission to soil,kg,,reference,ILCD/IDEMAT background flow (metals/EoL import).,,
3e5d7d91-67d7-4afb-91dd-36fab58e4685,PAH, polycyclic aromatic hydrocarbons,ElementaryFlow,Elementary flows / Emission to air,kg,,reference,ILCD/IDEMAT background flow (metals/EoL import).,,
3e67ef78-de2a-482b-8341-dd68c4f7b88d,Paraquat,ElementaryFlow,Elementary flows / Emission to water,kg,004685-14-7,reference,ILCD/IDEMAT background flow (metals/EoL import).,,
3ef6e30a-9742-48c8-adcd-48e38148004c,Plutonium-alpha,ElementaryFlow,Elementary flows / Emission to air,kBq,007440-07-5,reference,ILCD/IDEMAT background flow (metals/EoL import).,,
3f719ae6-5061-4d79-8b41-c71894928140,Propane, 1,2-dichloro-,ElementaryFlow,Elementary flows / Emission to water,kg,000078-87-5,reference,ILCD/IDEMAT background flow (metals/EoL import).,,
3fa03c96-b976-4f0f-8089-220968515ee1,Ethene, trichloro-,ElementaryFlow,Elementary flows / Emission to air,kg,000079-01-6,reference,ILCD/IDEMAT background flow (metals/EoL import).,,
3fc1d5e2-8e32-480a-be55-45b7f42dd0d6,Water (river water from technosphere cooling water),ElementaryFlow,Elementary flows / Emission to water,kg,,reference,ILCD/IDEMAT background flow (metals/EoL import).,,
4010918f-7fd0-4925-8fbb-8fd7a44a806c,Lead,ElementaryFlow,Elementary flows / Emission to soil,kg,,reference,ILCD/IDEMAT background flow (metals/EoL import).,,
408b3ab9-9ef7-4535-b7eb-975d55b3c6b6,Molybdenum,ElementaryFlow,Elementary flows / Emission to water,kg,007439-98-7,reference,ILCD/IDEMAT background flow (metals/EoL import).,,
41075347-53b4-40dc-a00e-5edf9f19cf09,Benomyl,ElementaryFlow,Elementary flows / Emission to water,kg,017804-35-2,reference,ILCD/IDEMAT background flow (metals/EoL import).,,
41d7636c-7bf1-40f4-a605-e1a8d11e41d9,Hazardous waste (unspec.),ProductFlow,Deposited goods / Hazardous waste,kg,,reference,ILCD/IDEMAT background flow (metals/EoL import).,,
423ef039-6057-4f63-94bd-e9410d024bd0,Sand, unspecified, in ground,ElementaryFlow,Elementary flows / Resource,kg,,reference,ILCD/IDEMAT background flow (metals/EoL import).,,
432a3326-73f8-4752-bc4d-06b7b4b1243c,Methane, dichloro-, HCC-30,ElementaryFlow,Elementary flows / Emission to air,kg,,reference,ILCD/IDEMAT background flow (metals/EoL import).,,
43372780-9254-4691-8533-70ccd8e1bb67,PAH, polycyclic aromatic hydrocarbons,ElementaryFlow,Elementary flows / Emission to soil,kg,130498-29-2,reference,ILCD/IDEMAT background flow (metals/EoL import).,,
439de0df-6861-4bb9-8ac6-7e94bbe9f284,Wood,ProductFlow,Production residues in life cycle / Waste for recovery,kg,,reference,ILCD/IDEMAT background flow (metals/EoL import).,,
43c4c6d3-a138-4ca5-bef9-e50fa133a333,Fipronil,ElementaryFlow,Elementary flows / Emission to air,kg,120068-37-3,reference,ILCD/IDEMAT background flow (metals/EoL import).,,
43c700bb-0b3b-4fb1-8bd1-3d1da82b6844,Nitrate,ElementaryFlow,Elementary flows / Emission to water,kg,,reference,ILCD/IDEMAT background flow (metals/EoL import).,,
440262bc-edd4-474d-931c-fa8712202bf2,Formaldehyde,ElementaryFlow,Elementary flows / Emission to water,kg,000050-00-0,reference,ILCD/IDEMAT background flow (metals/EoL import).,,
4402f445-984c-4728-be22-6f9aea1146b9,Pumice, in ground,ElementaryFlow,Elementary flows / Resource,kg,,reference,ILCD/IDEMAT background flow (metals/EoL import).,,
4435f1ba-3d59-41da-9e1c-0c6f771e8d63,Sulfate,ElementaryFlow,Elementary flows / Emission to soil,kg,014808-79-8,reference,ILCD/IDEMAT background flow (metals/EoL import).,,
4468e7d7-d456-4bad-aa43-b6ddd36b20bb,Silver,ElementaryFlow,Elementary flows / Emission to water,kg,007440-22-4,reference,ILCD/IDEMAT background flow (metals/EoL import).,,
44d3e792-7c9e-48ab-9de9-acfa2e097f26,Copper,ElementaryFlow,Elementary flows / Emission to soil,kg,,reference,ILCD/IDEMAT background flow (metals/EoL import).,,
454c61fd-c52b-4a04-9731-f141bb7b5264,Selenium,ElementaryFlow,Elementary flows / Emission to air,kg,,reference,ILCD/IDEMAT background flow (metals/EoL import).,,
4573f0c9-0fdd-413f-ae74-e27290f40743,Sodium,ElementaryFlow,Elementary flows / Emission to soil,kg,017341-25-2,reference,ILCD/IDEMAT background flow (metals/EoL import).,,
4574cd53-77cc-4540-827b-5736dda9c4d7,BOD5, Biological Oxygen Demand,ElementaryFlow,Elementary flows / Emission to water,kg,,reference,ILCD/IDEMAT background flow (metals/EoL import).,,
45acd8c0-657f-46d3-8026-4b3c9fadaeb6,Selenium,ElementaryFlow,Elementary flows / Emission to soil,kg,,reference,ILCD/IDEMAT background flow (metals/EoL import).,,
45fa8c92-6047-4bae-b70a-43a7e7730c7b,Sulfide,ElementaryFlow,Elementary flows / Emission to water,kg,018496-25-8,reference,ILCD/IDEMAT background flow (metals/EoL import).,,
46e6f5f7-6541-494f-a9bb-66918fb5d592,AOX, Adsorbable Organic Halogen as Cl,ElementaryFlow,Elementary flows / Emission to water,kg,,reference,ILCD/IDEMAT background flow (metals/EoL import).,,
46ec18eb-b230-46fe-ae22-e997b5871e03,Different pollutants,ElementaryFlow,Emissions / Emissions to industrial soil,kg,,reference,ILCD/IDEMAT background flow (metals/EoL import).,,
472faf64-f100-4483-acfe-b1c62eb34ee9,Phenol, 2,4-dimethyl-,ElementaryFlow,Elementary flows / Emission to water,kg,000105-67-9,reference,ILCD/IDEMAT background flow (metals/EoL import).,,
47859760-4329-4dde-9c61-2e7a2401d3c5,Xenon-137,ElementaryFlow,Elementary flows / Emission to air,kBq,014835-21-3,reference,ILCD/IDEMAT background flow (metals/EoL import).,,
479edec6-763c-49fc-83f8-49780f08cf29,2-Propanol,ElementaryFlow,Elementary flows / Emission to air,kg,,reference,ILCD/IDEMAT background flow (metals/EoL import).,,
48524bfc-be91-406e-986b-9550744e0360,Strontium-90,ElementaryFlow,Elementary flows / Emission to water,kBq,,reference,ILCD/IDEMAT background flow (metals/EoL import).,,
486ac967-6912-47ad-bd97-ee5774ae940e,Methomyl,ElementaryFlow,Elementary flows / Emission to air,kg,016752-77-5,reference,ILCD/IDEMAT background flow (metals/EoL import).,,
4870313f-52a4-4c41-8a08-a25745f2fce9,Sulfide,ElementaryFlow,Elementary flows / Emission to water,kg,018496-25-8,reference,ILCD/IDEMAT background flow (metals/EoL import).,,
48dcbddf-4bbc-4c90-a292-a38bd4448e7a,Copper wire,ProductFlow,Materials production / Metals and semimetals,kg,007440-50-8,reference,ILCD/IDEMAT background flow (metals/EoL import).,,
499a8093-c349-4bf5-9a18-15d01989bb53,Lanthanides,ElementaryFlow,Elementary flows / Emission to air,kg,,reference,ILCD/IDEMAT background flow (metals/EoL import).,,
49a41a2d-2f1c-463f-b844-eda304d847b3,Radioactive species, unspecified,ElementaryFlow,Elementary flows / Emission to air,kBq,,reference,ILCD/IDEMAT background flow (metals/EoL import).,,
49e82a9e-331a-45e1-8a86-ff1526045fc8,Benzo(ghi)perylene,ElementaryFlow,Elementary flows / Emission to air,kg,,reference,ILCD/IDEMAT background flow (metals/EoL import).,,
4a049a9d-1c55-45fa-898e-fc03c1828ffd,bauxite residue,WasteFlow,Wastes / Production residues,kg,,reference,ILCD/IDEMAT background flow (metals/EoL import).,,
4aa7d05c-1cc7-4468-a017-e17ce80581b8,Biotic Production,ElementaryFlow,Elementary flows / Resource,kg/a,,reference,ILCD/IDEMAT background flow (metals/EoL import).,,
4ac2ffc3-312e-4e2d-88c4-2630d4a73d8c,Methane, bromotrifluoro-, Halon 1301,ElementaryFlow,Elementary flows / Emission to air,kg,000075-63-8,reference,ILCD/IDEMAT background flow (metals/EoL import).,,
4aed44df-760c-497f-ab37-ebbe7d2b15ff,Sulfite,ElementaryFlow,Elementary flows / Emission to water,kg,014265-45-3,reference,ILCD/IDEMAT background flow (metals/EoL import).,,
4b6f838f-fde2-4f2b-9dc9-87e39a52b94e,Acetone,ElementaryFlow,Elementary flows / Emission to water,kg,000067-64-1,reference,ILCD/IDEMAT background flow (metals/EoL import).,,
4b81a3e2-b3fc-4e2f-81aa-5a68d11084c8,Ammonia,ElementaryFlow,Elementary flows / Emission to water,kg,007664-41-7,reference,ILCD/IDEMAT background flow (metals/EoL import).,,
4bac0b69-3743-4f47-acd5-fffd2d7b73ee,Gypsum,ProductFlow,Production residues in life cycle / Waste for recovery,kg,,reference,ILCD/IDEMAT background flow (metals/EoL import).,,
4bee7636-9d37-439a-9847-3fce996d89da,Cyanide,ElementaryFlow,Elementary flows / Emission to water,kg,000057-12-5,reference,ILCD/IDEMAT background flow (metals/EoL import).,,
4c0a6227-af22-45cb-b75b-b276ce0e4d47,Strontium,ElementaryFlow,Elementary flows / Emission to soil,kg,,reference,ILCD/IDEMAT background flow (metals/EoL import).,,
4d3104a5-df41-4ac6-9b16-275056f2fd5f,Nonane,ElementaryFlow,Elementary flows / Emission to air,kg,000111-84-2,reference,ILCD/IDEMAT background flow (metals/EoL import).,,
4d54a087-6fd2-4cb9-b1bc-3cc4659b3422,Benzo(a)anthracene,ElementaryFlow,Elementary flows / Emission to air,kg,000056-55-3,reference,ILCD/IDEMAT background flow (metals/EoL import).,,
4d92b8d4-6633-4238-b0e2-9096db3e8882,Zinc dust,ProductFlow,Materials production / Metals and semimetals,kg,,reference,ILCD/IDEMAT background flow (metals/EoL import).,,
4dcd3cc5-e962-4c94-9787-431dc6e4b289,Clean gas,ElementaryFlow,Elementary flows / Emission to air,kg,,reference,ILCD/IDEMAT background flow (metals/EoL import).,,
4ddb21fe-162d-42fc-a2cf-30626bc5f9fb,Sludge,ProductFlow,Deposited goods / Hazardous waste,kg,,reference,ILCD/IDEMAT background flow (metals/EoL import).,,
4dee4b96-748e-41f7-8b4a-0b3c5c3ab691,Water (sea water from technosphere, waste water),ElementaryFlow,Elementary flows / Emission to water,kg,,reference,ILCD/IDEMAT background flow (metals/EoL import).,,
4e288276-72b1-416c-b91b-82b976d83709,Dodecane,ElementaryFlow,Elementary flows / Emission to air,kg,000112-40-3,reference,ILCD/IDEMAT background flow (metals/EoL import).,,
4e5197c4-ffce-4f2d-a648-ebb25bb63748,Steel hot-dip galvanised coil,ProductFlow,Materials production / Metals and semimetals,kg,,reference,ILCD/IDEMAT background flow (metals/EoL import).,,
4f197be3-7b3b-11dd-ad8b-0800200c9a66,aluminium extrusion profile,ProductFlow,Materials production / Metals and semimetals,kg,,reference,ILCD/IDEMAT background flow (metals/EoL import).,,
4f197be4-7b3b-11dd-ad8b-0800200c9a66,aluminium sheet,ProductFlow,Materials production / Metals and semimetals,kg,,reference,ILCD/IDEMAT background flow (metals/EoL import).,,
4f197bea-7b3b-11dd-ad8b-0800200c9a66,copper sheet,ProductFlow,Materials production / Metals and semimetals,kg,,reference,ILCD/IDEMAT background flow (metals/EoL import).,,
4f197beb-7b3b-11dd-ad8b-0800200c9a66,copper wire,ProductFlow,Materials production / Metals and semimetals,kg,,reference,ILCD/IDEMAT background flow (metals/EoL import).,,
4f19ca04-7b3b-11dd-ad8b-0800200c9a66,lead,ProductFlow,Materials production / Metals and semimetals,kg,,reference,ILCD/IDEMAT background flow (metals/EoL import).,,
4f1a1831-7b3b-11dd-ad8b-0800200c9a66,special high grade zinc,ProductFlow,Materials production / Metals and semimetals,kg,,reference,ILCD/IDEMAT background flow (metals/EoL import).,,
4f1a1835-7b3b-11dd-ad8b-0800200c9a66,steel hot rolled coil,ProductFlow,Materials production / Metals and semimetals,kg,,reference,ILCD/IDEMAT background flow (metals/EoL import).,,
4f1a1836-7b3b-11dd-ad8b-0800200c9a66,steel hot rolled section,ProductFlow,Materials production / Metals and semimetals,kg,,reference,ILCD/IDEMAT background flow (metals/EoL import).,,
4f1a1837-7b3b-11dd-ad8b-0800200c9a66,steel rebar,ProductFlow,Materials production / Metals and semimetals,kg,,reference,ILCD/IDEMAT background flow (metals/EoL import).,,
4f2051b8-22e6-4592-8803-1e984f8fa61b,Cesium-134,ElementaryFlow,Elementary flows / Emission to air,kBq,013967-70-9,reference,ILCD/IDEMAT background flow (metals/EoL import).,,
4f2e5082-46e3-4bf1-a366-3fd79451800e,Methanol,ElementaryFlow,Elementary flows / Emission to water,kg,000067-56-1,reference,ILCD/IDEMAT background flow (metals/EoL import).,,
5064da53-d4ec-44ee-ba23-b20a4f8c4964,Butadiene,ElementaryFlow,Elementary flows / Emission to air,kg,,reference,ILCD/IDEMAT background flow (metals/EoL import).,,
5125318a-2e7b-4d2d-a2c9-071fba71cd3a,Sodium,ElementaryFlow,Elementary flows / Emission to water,kg,017341-25-2,reference,ILCD/IDEMAT background flow (metals/EoL import).,,
516606eb-99f6-4e8c-b99a-6b439aaed48c,Pentane,ElementaryFlow,Elementary flows / Emission to air,kg,,reference,ILCD/IDEMAT background flow (metals/EoL import).,,
51e99a55-bcdb-4d18-9484-6de4b142e09d,Methane, trichlorofluoro-, CFC-11,ElementaryFlow,Elementary flows / Emission to air,kg,000075-69-4,reference,ILCD/IDEMAT background flow (metals/EoL import).,,
527d6cb5-bbd7-403d-8dcc-b6678fb123f5,o-Xylene,ElementaryFlow,Elementary flows / Emission to air,kg,,reference,ILCD/IDEMAT background flow (metals/EoL import).,,
52e025e9-aa34-4157-9e19-10b8205974da,Chrysene,ElementaryFlow,Elementary flows / Emission to air,kg,000218-01-9,reference,ILCD/IDEMAT background flow (metals/EoL import).,,
549b1a2a-6675-4bf9-b0d7-47a5113a9787,Strontium,ElementaryFlow,Elementary flows / Emission to water,kg,007440-24-6,reference,ILCD/IDEMAT background flow (metals/EoL import).,,
550b099c-dfeb-4fe3-bcdc-f11b97ff8876,Hydroxide,ElementaryFlow,Elementary flows / Emission to water,kg,014280-30-9,reference,ILCD/IDEMAT background flow (metals/EoL import).,,
55a81a3f-4639-4be6-99a0-22586cbc1e84,Steel scrap,ProductFlow,Production residues in life cycle / Waste for recovery,kg,,reference,ILCD/IDEMAT background flow (metals/EoL import).,,
5666353e-2db2-41d3-8414-404709151422,Metamorphous rock, graphite containing, in ground,ElementaryFlow,Elementary flows / Resource,kg,,reference,ILCD/IDEMAT background flow (metals/EoL import).,,
56b7b7dd-a258-4e26-9490-146baa03bbca,Dodecane,ElementaryFlow,Elementary flows / Emission to water,kg,000112-40-3,reference,ILCD/IDEMAT background flow (metals/EoL import).,,
56d00bcd-9da1-4486-bfe6-10dc0f1d4575,Dimethylamine,ElementaryFlow,Elementary flows / Emission to air,kg,,reference,ILCD/IDEMAT background flow (metals/EoL import).,,
580aa85d-e40c-4509-8d97-4955f0df1971,m-Cresol,ElementaryFlow,Elementary flows / Emission to air,kg,000108-39-4,reference,ILCD/IDEMAT background flow (metals/EoL import).,,
58130e9d-3389-4a20-980f-2d3ee500b82f,Lead sheet,ProductFlow,Materials production / Metals and semimetals,kg,,reference,ILCD/IDEMAT background flow (metals/EoL import).,,
58693e74-99e3-4562-b7ba-62b2df9616a9,Ruthenium,ElementaryFlow,Elementary flows / Resource,kg,,reference,ILCD/IDEMAT background flow (metals/EoL import).,,
5896c761-4e02-4573-8747-c4bbf73162c0,Phenol,ElementaryFlow,Elementary flows / Emission to air,kg,,reference,ILCD/IDEMAT background flow (metals/EoL import).,,
58fabee9-b4b6-48ee-857a-e16ed31bb354,Hydrogen-3, Tritium,ElementaryFlow,Elementary flows / Emission to water,kBq,,reference,ILCD/IDEMAT background flow (metals/EoL import).,,
591b0a62-8064-4697-86ed-47bfa1f8b5e6,Vanadium,ElementaryFlow,Elementary flows / Emission to air,kg,,reference,ILCD/IDEMAT background flow (metals/EoL import).,,
595d7b53-aa13-4bdc-967a-59ad321a240f,zinc calcine,ProductFlow,Materials production / Metals and semimetals,kg,,reference,ILCD/IDEMAT background flow (metals/EoL import).,,
598474f7-e317-401d-b61a-9709b8af6c4f,Medium and low radioactive liquid waste,ProductFlow,Deposited goods / Radioactive waste,kg,,reference,ILCD/IDEMAT background flow (metals/EoL import).,,
59df304b-46ad-4915-871d-ef3390e584dc,Plutonium as residual product,ProductFlow,Deposited goods / Radioactive waste,kg,,reference,ILCD/IDEMAT background flow (metals/EoL import).,,
5a3a2d9f-c3cc-4b3a-9f41-7f28cf398bf7,Benzene,ElementaryFlow,Elementary flows / Emission to water,kg,000071-43-2,reference,ILCD/IDEMAT background flow (metals/EoL import).,,
5a70cbea-10de-477b-ba2f-c219884b39e1,brown coal;  11.9 MJ/kg,ElementaryFlow,Elementary flows / Resource,MJ,,reference,ILCD/IDEMAT background flow (metals/EoL import).,,
5aee9bc1-ed53-4636-afee-d2cf6dd77c77,Water (evapotranspiration),ElementaryFlow,Elementary flows / Emission to air,kg,,reference,ILCD/IDEMAT background flow (metals/EoL import).,,
5baed830-f676-4031-a036-8a9599bd7237,Boron,ElementaryFlow,Elementary flows / Emission to water,kg,,reference,ILCD/IDEMAT background flow (metals/EoL import).,,
5bbcdc6d-b1a7-4b63-b625-76060c767de7,Sodium sulphate, various forms, in ground,ElementaryFlow,Elementary flows / Resource,kg,,reference,ILCD/IDEMAT background flow (metals/EoL import).,,
5bc2536a-5cb4-4c7a-9495-b21acd99ff9d,Energy, primary, from water power,ElementaryFlow,Elementary flows / Resource,MJ,,reference,ILCD/IDEMAT background flow (metals/EoL import).,,
5bfde48d-e2ff-4353-94c9-2463cfa26a24,Continuous Casting Sludge,ProductFlow,Production residues in life cycle / Hazardous waste for disposal,kg,,reference,ILCD/IDEMAT background flow (metals/EoL import).,,
5c234628-ab1e-4284-ae2b-f1c2f6883f71,Xylene,ElementaryFlow,Elementary flows / Emission to air,kg,,reference,ILCD/IDEMAT background flow (metals/EoL import).,,
5c713f70-cf9f-4854-bd25-28c6f1082868,Chlorine,ElementaryFlow,Elementary flows / Emission to water,kg,007782-50-5,reference,ILCD/IDEMAT background flow (metals/EoL import).,,
5ce378a0-b48d-471c-977d-79681521efde,Zinc,ElementaryFlow,Elementary flows / Emission to air,kg,,reference,ILCD/IDEMAT background flow (metals/EoL import).,,
5ce5a503-6244-4272-b306-0e67b73fcac3,Chloroform,ElementaryFlow,Elementary flows / Emission to water,kg,000067-66-3,reference,ILCD/IDEMAT background flow (metals/EoL import).,,
5d3bbe4b-3497-4488-a02c-a9c091aa22b8,AOX, Adsorbable Organic Halogen as Cl,ElementaryFlow,Elementary flows / Emission to water,kg,,reference,ILCD/IDEMAT background flow (metals/EoL import).,,
5dc5d0e8-b46b-446f-ba69-4a7ee3d79413,Heat, waste,ElementaryFlow,Elementary flows / Emission to water,MJ,,reference,ILCD/IDEMAT background flow (metals/EoL import).,,
5e09ac47-20a5-46d5-a360-60586cf30478,Cesium-134,ElementaryFlow,Elementary flows / Emission to water,kBq,013967-70-9,reference,ILCD/IDEMAT background flow (metals/EoL import).,,
5e13c2ab-5466-4ff5-816d-702dfdf25f76,Benzo(a)pyrene,ElementaryFlow,Elementary flows / Emission to air,kg,,reference,ILCD/IDEMAT background flow (metals/EoL import).,,
5e734470-2065-4bfe-8dc7-e2006a7ea2b1,3-Methyl pentane,ElementaryFlow,Elementary flows / Emission to air,kg,000096-14-0,reference,ILCD/IDEMAT background flow (metals/EoL import).,,
5e7cf95c-9cc3-4479-89af-55377b3db99c,Nitrate,ElementaryFlow,Elementary flows / Emission to air,kg,,reference,ILCD/IDEMAT background flow (metals/EoL import).,,
5ef8f9d1-69ec-4693-9d9c-9bc21de9b13f,Hazardous non organic waste for disposal (unspecific),ProductFlow,Production residues in life cycle / Hazardous waste for disposal,kg,,reference,ILCD/IDEMAT background flow (metals/EoL import).,,
5efff566-462f-4ded-b5b4-6761cf50c376,Sulfate,ElementaryFlow,Elementary flows / Emission to water,kg,014808-79-8,reference,ILCD/IDEMAT background flow (metals/EoL import).,,
5fb7fbc0-e7d1-4be5-a194-ec5ef5fb4f64,Aluminium,ElementaryFlow,Elementary flows / Emission to water,kg,007429-90-5,reference,ILCD/IDEMAT background flow (metals/EoL import).,,
600b1c44-b10d-4a1e-8426-62779c118d34,Calcium carbonate,ElementaryFlow,Elementary flows / Resource,kg,000471-34-1,reference,ILCD/IDEMAT background flow (metals/EoL import).,,
60268f3d-468b-487e-acb1-24d7250cb6b3,Ethane, 2-chloro-1,1,1,2-tetrafluoro-, HCFC-124,ElementaryFlow,Elementary flows / Emission to air,kg,,reference,ILCD/IDEMAT background flow (metals/EoL import).,,
60d55006-b236-4d9d-8700-71e92bc401af,Silver,ElementaryFlow,Elementary flows / Emission to water,kg,007440-22-4,reference,ILCD/IDEMAT background flow (metals/EoL import).,,
60e61acf-038a-45b5-b71e-5c17b874e104,HFC-245fa,ElementaryFlow,Elementary flows / Emission to air,kg,,reference,ILCD/IDEMAT background flow (metals/EoL import).,,
6135dc91-afd3-458a-a95f-f0448e93eef9,Nitrogen, atmospheric,ElementaryFlow,Elementary flows / Emission to air,kg,007727-37-9,reference,ILCD/IDEMAT background flow (metals/EoL import).,,
613f4eaf-afee-4934-877f-dc91aef6411f,Thorium-230,ElementaryFlow,Elementary flows / Emission to water,kBq,014269-63-7,reference,ILCD/IDEMAT background flow (metals/EoL import).,,
620e4fde-d96a-4354-b354-53b8b4187d80,Uranium-235,ElementaryFlow,Elementary flows / Emission to water,kBq,015117-96-1,reference,ILCD/IDEMAT background flow (metals/EoL import).,,
62905e17-33e8-4e73-a606-fdafc6e48aea,Aluminum oxide (alumina),ProductFlow,Production residues in life cycle / Waste for recovery,kg,,reference,ILCD/IDEMAT background flow (metals/EoL import).,,
629ffbca-ca71-4e4b-a006-ca9bdd9cd1df,Water, salt, ocean,ElementaryFlow,Elementary flows / Resource,m3,,reference,ILCD/IDEMAT background flow (metals/EoL import).,,
63501407-9885-4bac-a31e-0f760c313607,2,2-Dimethylbutane,ElementaryFlow,Elementary flows / Emission to air,kg,000075-83-2,reference,ILCD/IDEMAT background flow (metals/EoL import).,,
63e76212-8549-11e0-9d78-0800200c9a66,Acenaphthylene,ElementaryFlow,Elementary flows / Emission to air,kg,000208-96-8,reference,ILCD/IDEMAT background flow (metals/EoL import).,,
63e7892d-8549-11e0-9d78-0800200c9a66,Benzene, chloro-,ElementaryFlow,Elementary flows / Emission to air,kg,000108-90-7,reference,ILCD/IDEMAT background flow (metals/EoL import).,,
63e7b031-8549-11e0-9d78-0800200c9a66,Chloride,ElementaryFlow,Elementary flows / Emission to air,kg,016887-00-6,reference,ILCD/IDEMAT background flow (metals/EoL import).,,
63e7d747-8549-11e0-9d78-0800200c9a66,Fluoride,ElementaryFlow,Elementary flows / Emission to air,kg,016984-48-8,reference,ILCD/IDEMAT background flow (metals/EoL import).,,
63e8256b-8549-11e0-9d78-0800200c9a66,TOC, Total Organic Carbon,ElementaryFlow,Elementary flows / Emission to air,kg,,reference,ILCD/IDEMAT background flow (metals/EoL import).,,
640e30d2-3158-4a1a-82ef-fd0c72922c9a,Molybdenum,ElementaryFlow,Elementary flows / Emission to air,kg,,reference,ILCD/IDEMAT background flow (metals/EoL import).,,
64165202-4870-47d0-8602-b85e5d672865,Propene,ElementaryFlow,Elementary flows / Emission to air,kg,,reference,ILCD/IDEMAT background flow (metals/EoL import).,,
64a53c57-bf2f-43e6-8fb9-71aa94f2421e,PAH, polycyclic aromatic hydrocarbons,ElementaryFlow,Elementary flows / Emission to water,kg,130498-29-2,reference,ILCD/IDEMAT background flow (metals/EoL import).,,
651cbfbb-3027-4e20-a5b0-4a67e86e837a,1-Pentene,ElementaryFlow,Elementary flows / Emission to air,kg,000109-67-1,reference,ILCD/IDEMAT background flow (metals/EoL import).,,
6592e729-c2a4-4d33-86ca-5b86cdf7cdc7,Ethene, tetrachloro-,ElementaryFlow,Elementary flows / Emission to water,kg,000127-18-4,reference,ILCD/IDEMAT background flow (metals/EoL import).,,
66020d27-7ae4-4e59-83a3-89214b72c40a,Particulates, > 10 um,ElementaryFlow,Elementary flows / Emission to air,kg,,reference,ILCD/IDEMAT background flow (metals/EoL import).,,
664a3b7e-54d5-4d54-8910-6cbac2a7c4ab,Slag,ProductFlow,Deposited goods / Hazardous waste,kg,,reference,ILCD/IDEMAT background flow (metals/EoL import).,,
6660cce7-1d50-4a4a-a893-57f84751a1d8,BF Gas Sludge,ProductFlow,Production residues in life cycle / Hazardous waste for disposal,kg,,reference,ILCD/IDEMAT background flow (metals/EoL import).,,
670502ea-2788-438f-8d4d-779ade3290f3,Arsenic, ion,ElementaryFlow,Elementary flows / Emission to water,kg,017428-41-0,reference,ILCD/IDEMAT background flow (metals/EoL import).,,
680e7af3-30cb-4581-b650-b04fa1eb791a,Chrysene,ElementaryFlow,Elementary flows / Emission to water,kg,000218-01-9,reference,ILCD/IDEMAT background flow (metals/EoL import).,,
6890390f-43f7-42b3-aef9-b6f35502b692,Particulates, > 10 um,ElementaryFlow,Elementary flows / Emission to water,kg,,reference,ILCD/IDEMAT background flow (metals/EoL import).,,
68ba2022-830e-45fb-8c85-b35e94754ae9,Chromium VI,ElementaryFlow,Elementary flows / Emission to soil,kg,,reference,ILCD/IDEMAT background flow (metals/EoL import).,,
690641f5-8612-4057-983b-6e6129cf1a19,Sulfide,ElementaryFlow,Elementary flows / Emission to soil,kg,018496-25-8,reference,ILCD/IDEMAT background flow (metals/EoL import).,,
698d08b4-fee6-40d4-93dd-24a28d48df45,Uranium-235,ElementaryFlow,Elementary flows / Emission to air,kBq,015117-96-1,reference,ILCD/IDEMAT background flow (metals/EoL import).,,
6a865580-e9f8-4a34-9c0a-dbc0620844ae,cis-2-Pentene,ElementaryFlow,Elementary flows / Emission to air,kg,000627-20-3,reference,ILCD/IDEMAT background flow (metals/EoL import).,,
6b248529-b754-4be7-8b1a-91b9756fc2bc,Hexane,ElementaryFlow,Elementary flows / Emission to air,kg,,reference,ILCD/IDEMAT background flow (metals/EoL import).,,
6b6cefe7-2af4-4a03-a08a-cbc8bbbcb33b,Indeno(1,2,3-cd)pyrene,ElementaryFlow,Elementary flows / Emission to air,kg,000193-39-5,reference,ILCD/IDEMAT background flow (metals/EoL import).,,
6b7fbea6-4a86-40f9-954d-3c9b3611abfd,Manganese,ElementaryFlow,Elementary flows / Emission to soil,kg,,reference,ILCD/IDEMAT background flow (metals/EoL import).,,
6ba6a13a-fba6-4c15-af46-4aab37ed99b8,Radium-228,ElementaryFlow,Elementary flows / Emission to water,kBq,015262-20-1,reference,ILCD/IDEMAT background flow (metals/EoL import).,,
6c445f1d-db0f-431c-a2f0-d25aa28bdfd1,Iron,ElementaryFlow,Elementary flows / Emission to water,kg,007439-89-6,reference,ILCD/IDEMAT background flow (metals/EoL import).,,
6c97741f-8760-4a39-9e90-b534ca137a36,Chloride,ElementaryFlow,Elementary flows / Emission to soil,kg,,reference,ILCD/IDEMAT background flow (metals/EoL import).,,
6cd4ed76-161a-4d90-b275-dc74704ffd1d,Magnesium,ElementaryFlow,Elementary flows / Emission to soil,kg,,reference,ILCD/IDEMAT background flow (metals/EoL import).,,
6cf870b0-4314-476d-b816-4dddb9a45b04,Dross (Fines),ProductFlow,Production residues in life cycle / Hazardous waste for disposal,kg,,reference,ILCD/IDEMAT background flow (metals/EoL import).,,
6d495a70-a591-4878-bb30-33290b66191b,Atrazine,ElementaryFlow,Elementary flows / Emission to water,kg,001912-24-9,reference,ILCD/IDEMAT background flow (metals/EoL import).,,
6d5c5a51-42ce-412a-9517-d0baba8b5b99,Sodium,ElementaryFlow,Elementary flows / Emission to water,kg,017341-25-2,reference,ILCD/IDEMAT background flow (metals/EoL import).,,
6d68481c-c667-4cda-b7c0-36b31872a93e,Benzo(a)anthracene,ElementaryFlow,Elementary flows / Emission to water,kg,000056-55-3,reference,ILCD/IDEMAT background flow (metals/EoL import).,,
6d9e9a11-4d99-4489-a0ab-4cd1b6b8eaef,Xylene,ElementaryFlow,Elementary flows / Emission to water,kg,,reference,ILCD/IDEMAT background flow (metals/EoL import).,,
70d0e8c8-8c46-4eee-ad05-92f05e8f129e,Cobalt-58,ElementaryFlow,Elementary flows / Emission to air,kBq,013981-38-9,reference,ILCD/IDEMAT background flow (metals/EoL import).,,
71234253-b3a7-4dfe-b166-a484ad15bee7,Mercury,ElementaryFlow,Elementary flows / Emission to air,kg,,reference,ILCD/IDEMAT background flow (metals/EoL import).,,
718760af-87f6-4005-be1b-b5ccb8258b32,crude oil; 42.3 MJ/kg,ElementaryFlow,Elementary flows / Resource,MJ,,reference,ILCD/IDEMAT background flow (metals/EoL import).,,
71aa0071-fb4c-44e6-b6ae-b020110acfeb,Hexadecane,ElementaryFlow,Elementary flows / Emission to water,kg,000544-76-3,reference,ILCD/IDEMAT background flow (metals/EoL import).,,
71d1241f-fb2b-4774-9c17-18f19955c2db,Waste (unspecified),ProductFlow,Deposited goods / Consumer waste,kg,,reference,ILCD/IDEMAT background flow (metals/EoL import).,,
7213c990-49f1-4416-b154-64fba3771f50,Zinc,ElementaryFlow,Elementary flows / Emission to water,kg,007440-66-6,reference,ILCD/IDEMAT background flow (metals/EoL import).,,
7282b430-0b75-426c-a8c0-6aff91985c0d,Tungsten,ElementaryFlow,Elementary flows / Emission to water,kg,007440-33-7,reference,ILCD/IDEMAT background flow (metals/EoL import).,,
730a8553-cec5-4502-80c1-324e87ba7a3b,Iron scrap,ProductFlow,Production residues in life cycle / Waste for recovery,kg,,reference,ILCD/IDEMAT background flow (metals/EoL import).,,
733b2c7c-60ef-4c1b-b9cb-c010e3fd2275,Bauxite,ElementaryFlow,Elementary flows / Resource,kg,001318-16-7,reference,ILCD/IDEMAT background flow (metals/EoL import).,,
739234c8-5359-48b4-983f-9cb170d68c8d,Lead,ElementaryFlow,Elementary flows / Emission to soil,kg,,reference,ILCD/IDEMAT background flow (metals/EoL import).,,
73b26c10-3c57-4732-8a36-6d1d98d6c925,Potassium,ElementaryFlow,Elementary flows / Emission to soil,kg,007440-09-7,reference,ILCD/IDEMAT background flow (metals/EoL import).,,
7502ee31-9464-41bb-a061-ec90696679d6,Phosphate,ElementaryFlow,Elementary flows / Emission to soil,kg,014265-44-2,reference,ILCD/IDEMAT background flow (metals/EoL import).,,
750b1f38-05f6-4694-8b58-e9fda9d40f43,Slag (Iron plate production),ProductFlow,Production residues in life cycle / Waste for recovery,kg,,reference,ILCD/IDEMAT background flow (metals/EoL import).,,
75603435-8540-4c39-b2bd-ffed0fdadee2,lithium,ElementaryFlow,Elementary flows / Emission to water,kg,,reference,ILCD/IDEMAT background flow (metals/EoL import).,,
75ebd471-2671-4b1e-b6b7-e18ea4a4f26c,Uranium-238,ElementaryFlow,Elementary flows / Emission to water,kBq,007440-61-1,reference,ILCD/IDEMAT background flow (metals/EoL import).,,
75f395bf-351b-4d95-9c9b-fdce145ae403,Sulfur,ElementaryFlow,Elementary flows / Emission to air,kg,007704-34-9,reference,ILCD/IDEMAT background flow (metals/EoL import).,,
76201092-a287-45e6-9dcd-b714a4b73f80,Tin plate,ProductFlow,Materials production / Metals and semimetals,kg,,reference,ILCD/IDEMAT background flow (metals/EoL import).,,
7672267f-4541-4c9a-9ca0-ec2f41b95cbc,Beryllium,ElementaryFlow,Elementary flows / Emission to water,kg,007440-41-7,reference,ILCD/IDEMAT background flow (metals/EoL import).,,
76bcc22f-224c-40a4-9b22-9621467498cf,Zirconium,ElementaryFlow,Elementary flows / Resource,kg,007440-67-7,reference,ILCD/IDEMAT background flow (metals/EoL import).,,
77887584-ddca-4920-952c-3609730e0c13,Zinc,ElementaryFlow,Elementary flows / Emission to soil,kg,,reference,ILCD/IDEMAT background flow (metals/EoL import).,,
77927dac-dea3-429d-a434-d5a71d92c4f7,Antimony,ElementaryFlow,Elementary flows / Emission to air,kg,,reference,ILCD/IDEMAT background flow (metals/EoL import).,,
77b23aa4-9f0a-4d3f-8857-29ee054cdae1,Nickel,ElementaryFlow,Elementary flows / Emission to water,kg,007440-02-0,reference,ILCD/IDEMAT background flow (metals/EoL import).,,
78443a3c-a25a-47bc-a1a1-48d2a57e04df,Arsenic,ElementaryFlow,Elementary flows / Emission to water,kg,007440-38-2,reference,ILCD/IDEMAT background flow (metals/EoL import).,,
7906d330-8adb-4fc9-9266-24139fdda106,Alachlor,ElementaryFlow,Elementary flows / Emission to water,kg,015972-60-8,reference,ILCD/IDEMAT background flow (metals/EoL import).,,
7938c421-a342-454a-b2da-fd6a0617ae62,Gypsum (contaminated),ProductFlow,Production residues in life cycle / Waste for recovery,kg,,reference,ILCD/IDEMAT background flow (metals/EoL import).,,
795b9f74-ca43-4acc-8d29-79165973500a,Iodide,ElementaryFlow,Elementary flows / Emission to water,kg,020461-54-5,reference,ILCD/IDEMAT background flow (metals/EoL import).,,
796c56b3-a863-444c-8b75-1412832af498,Sulfate,ElementaryFlow,Elementary flows / Emission to water,kg,014808-79-8,reference,ILCD/IDEMAT background flow (metals/EoL import).,,
7a310634-fe4e-4815-a971-ceaf4a4c982b,Methomyl,ElementaryFlow,Elementary flows / Emission to water,kg,016752-77-5,reference,ILCD/IDEMAT background flow (metals/EoL import).,,
7ae371a7-8532-11e0-9d78-0800200c9a66,Biphenyl,ElementaryFlow,Elementary flows / Emission to air,kg,000092-52-4,reference,ILCD/IDEMAT background flow (metals/EoL import).,,
7ae371aa-8532-11e0-9d78-0800200c9a66,Carbon dioxide,ElementaryFlow,Elementary flows / Emission to air,kg,000124-38-9,reference,ILCD/IDEMAT background flow (metals/EoL import).,,
7ae371ac-8532-11e0-9d78-0800200c9a66,Carbon monoxide,ElementaryFlow,Elementary flows / Emission to air,kg,000630-08-0,reference,ILCD/IDEMAT background flow (metals/EoL import).,,
7ae398b8-8532-11e0-9d78-0800200c9a66,Mercaptans, unspecified,ElementaryFlow,Elementary flows / Emission to air,kg,,reference,ILCD/IDEMAT background flow (metals/EoL import).,,
7ae3bfc0-8532-11e0-9d78-0800200c9a66,Sand, quartz,ElementaryFlow,Elementary flows / Resource,kg,014808-60-7,reference,ILCD/IDEMAT background flow (metals/EoL import).,,
7ae3bfc4-8532-11e0-9d78-0800200c9a66,VOC, volatile organic compounds,ElementaryFlow,Elementary flows / Emission to air,kg,,reference,ILCD/IDEMAT background flow (metals/EoL import).,,
7b624e45-819c-451d-b057-36ee75073c3d,Tar,ElementaryFlow,Elementary flows / Emission to water,kg,008007-45-2,reference,ILCD/IDEMAT background flow (metals/EoL import).,,
7b87ce50-ede0-40fa-a3ee-5f72553af0e7,Cesium-137,ElementaryFlow,Elementary flows / Emission to air,kBq,010045-97-3,reference,ILCD/IDEMAT background flow (metals/EoL import).,,
7c43cf2b-6b06-4675-a70f-3c53fdb37735,copper tube,ProductFlow,Materials production / Metals and semimetals,kg,,reference,ILCD/IDEMAT background flow (metals/EoL import).,,
7c84d9a4-a5bb-4fe5-95ad-b51a096a255a,Chromium, ion,ElementaryFlow,Elementary flows / Emission to water,kg,016065-83-1,reference,ILCD/IDEMAT background flow (metals/EoL import).,,
7cee74fc-6c4b-47c0-b624-2d12d9ea0619,Arsenic, ion,ElementaryFlow,Elementary flows / Emission to air,kg,017428-41-0,reference,ILCD/IDEMAT background flow (metals/EoL import).,,
7d3415cc-3d37-43ef-ad10-d36736508842,Iron sulphate dissolution,ProductFlow,Materials production / Inorganic chemicals,kg,,reference,ILCD/IDEMAT background flow (metals/EoL import).,,
7e246e3a-5cff-43fc-a8e6-02d191424559,Barium,ElementaryFlow,Elementary flows / Emission to air,kg,,reference,ILCD/IDEMAT background flow (metals/EoL import).,,
7e66a41c-d311-4949-bdd8-eef09cdcfa47,Copper,ElementaryFlow,Elementary flows / Emission to soil,kg,,reference,ILCD/IDEMAT background flow (metals/EoL import).,,
7eb01b83-1b1d-43e4-a5bc-258755063c11,refractory,WasteFlow,Wastes / Production residues,kg,,reference,ILCD/IDEMAT background flow (metals/EoL import).,,
7ec8c6c1-e62a-4000-a1f6-bce131634f1b,Chromium,ElementaryFlow,Elementary flows / Emission to water,kg,007440-47-3,reference,ILCD/IDEMAT background flow (metals/EoL import).,,
7ed800d3-d2a5-4024-b9c8-6ed15d5ca9b6,Nitrate,ElementaryFlow,Elementary flows / Emission to soil,kg,014797-55-8,reference,ILCD/IDEMAT background flow (metals/EoL import).,,
7f063256-36d5-4558-a640-5b2cc1f85cb7,Dimethenamid,ElementaryFlow,Elementary flows / Emission to water,kg,087674-68-8,reference,ILCD/IDEMAT background flow (metals/EoL import).,,
8000fc7d-edfe-4970-9224-a4c05281d46b,Scandium,ElementaryFlow,Elementary flows / Emission to air,kg,007440-20-2,reference,ILCD/IDEMAT background flow (metals/EoL import).,,
80b3c2a1-af98-4dde-b298-abf7e78e38ee,Lead,ElementaryFlow,Elementary flows / Emission to water,kg,007439-92-1,reference,ILCD/IDEMAT background flow (metals/EoL import).,,
80bb6903-93b7-4c04-ac53-37775125af8d,Carbon,ElementaryFlow,Elementary flows / Resource,kg,007440-44-0,reference,ILCD/IDEMAT background flow (metals/EoL import).,,
810b11b4-6438-4b30-b9a1-8202b2a53145,Cadmium,ElementaryFlow,Elementary flows / Emission to water,kg,007440-43-9,reference,ILCD/IDEMAT background flow (metals/EoL import).,,
81960a30-5488-4358-a28a-a0ee1f43f0f2,Water for industrial use,ProductFlow,Materials production / Water,kg,,reference,ILCD/IDEMAT background flow (metals/EoL import).,,
81e17d9a-3e0b-414e-9b2e-eca7e5b3bd4a,Chromium VI,ElementaryFlow,Elementary flows / Emission to air,kg,,reference,ILCD/IDEMAT background flow (metals/EoL import).,,
82704d17-f5dc-43af-9693-45479450755b,Phenol, pentachloro-,ElementaryFlow,Elementary flows / Emission to water,kg,000087-86-5,reference,ILCD/IDEMAT background flow (metals/EoL import).,,
836493d4-5c50-4713-b2a8-7979b830c1a5,Strontium,ElementaryFlow,Elementary flows / Emission to water,kg,,reference,ILCD/IDEMAT background flow (metals/EoL import).,,
83db4ab2-cdb5-4e0e-828b-42fe208b0f13,Isobutane,ElementaryFlow,Elementary flows / Emission to air,kg,000075-28-5,reference,ILCD/IDEMAT background flow (metals/EoL import).,,
83fa5f74-baa4-46d3-a8b4-ada4379b70a3,Cobalt-60,ElementaryFlow,Elementary flows / Emission to water,kBq,010198-40-0,reference,ILCD/IDEMAT background flow (metals/EoL import).,,
8474163c-05a5-46d5-93aa-cd75e50802a1,tailings (unspecified),WasteFlow,Wastes / Mining waste,kg,,reference,ILCD/IDEMAT background flow (metals/EoL import).,,
84aa799e-9d98-4d34-85e0-516d28ab1be9,Zinc,ElementaryFlow,Elementary flows / Emission to soil,kg,,reference,ILCD/IDEMAT background flow (metals/EoL import).,,
85b32f85-0a84-4474-9e55-a7c57a5e3634,Secondary fuel renewable,ProductFlow,Production residues in life cycle,MJ,,reference,ILCD/IDEMAT background flow (metals/EoL import).,,
85d55b80-85fc-11e0-9d78-0800200c9a66,Slate,ElementaryFlow,Elementary flows / Resource,kg,,reference,ILCD/IDEMAT background flow (metals/EoL import).,,
8653eab9-c010-4d0b-ae9f-71694cb5291f,Krypton-85,ElementaryFlow,Elementary flows / Emission to air,kBq,013983-27-2,reference,ILCD/IDEMAT background flow (metals/EoL import).,,
86a6fa1f-11d1-4607-bafc-7ed90fdcf21b,Water Cooling sea,ElementaryFlow,Elementary flows / Resource,kg,,reference,ILCD/IDEMAT background flow (metals/EoL import).,,
86d12e70-0c64-4ecf-ba52-114fa0c5d402,Methane, tetrachloro-, R-10,ElementaryFlow,Elementary flows / Emission to air,kg,,reference,ILCD/IDEMAT background flow (metals/EoL import).,,
871b6f07-de14-48d4-b4aa-7745872c7e9a,Sulfur,ElementaryFlow,Elementary flows / Emission to water,kg,,reference,ILCD/IDEMAT background flow (metals/EoL import).,,
876ac59e-0c27-496e-99e6-e0852350bcd6,used oil,WasteFlow,Wastes / Production residues,kg,,reference,ILCD/IDEMAT background flow (metals/EoL import).,,
876d3bbe-8712-4f86-96e2-a21876d1104f,Sulphur trioxide,ElementaryFlow,Elementary flows / Emission to water,kg,007446-11-9,reference,ILCD/IDEMAT background flow (metals/EoL import).,,
87883a4e-1e3e-4c9d-90c0-f1bea36f8014,Ammonia,ElementaryFlow,Elementary flows / Emission to air,kg,,reference,ILCD/IDEMAT background flow (metals/EoL import).,,
88ef28f1-cfd5-44a0-ac34-01acf2db84a0,Benzene, ethyl-,ElementaryFlow,Elementary flows / Emission to air,kg,,reference,ILCD/IDEMAT background flow (metals/EoL import).,,
897ec6a5-af78-453f-abdf-32233d0a30bf,Iodine-131,ElementaryFlow,Elementary flows / Emission to water,kBq,010043-66-0,reference,ILCD/IDEMAT background flow (metals/EoL import).,,
898c1c27-5cc0-4713-89f6-1ab864aadc44,Thorium-234,ElementaryFlow,Elementary flows / Emission to air,kBq,015065-10-8,reference,ILCD/IDEMAT background flow (metals/EoL import).,,
8a3a44e4-e2f1-476d-9e9e-a90fda263fe3,Ethane, 1,2-dichloro-1,1,2,2-tetrafluoro-, CFC-114,ElementaryFlow,Elementary flows / Emission to air,kg,000076-14-2,reference,ILCD/IDEMAT background flow (metals/EoL import).,,
8aa9184d-fa90-4048-a84e-4d8e7a34aca1,Ethane, 1,2-dibromo-,ElementaryFlow,Elementary flows / Emission to air,kg,000106-93-4,reference,ILCD/IDEMAT background flow (metals/EoL import).,,
8b49204b-fe0d-4c67-aa60-47731dd75101,trans-2-Pentene,ElementaryFlow,Elementary flows / Emission to air,kg,000646-04-8,reference,ILCD/IDEMAT background flow (metals/EoL import).,,
8c283de2-50d3-40c8-8bff-1e172c3398f8,Methane, bromo-, Halon 1001,ElementaryFlow,Elementary flows / Emission to air,kg,,reference,ILCD/IDEMAT background flow (metals/EoL import).,,
8c66a07d-1b6f-488f-b301-afc79b46aa76,Cesium-134,ElementaryFlow,Elementary flows / Emission to water,kBq,013967-70-9,reference,ILCD/IDEMAT background flow (metals/EoL import).,,
8c75e7ab-8ab8-41e4-b394-c166ff5b050d,Water, river,ElementaryFlow,Elementary flows / Resource,m3,,reference,ILCD/IDEMAT background flow (metals/EoL import).,,
8cd82962-d90f-409a-b3c1-961d5365d338,Antimony-124,ElementaryFlow,Elementary flows / Emission to air,kBq,014683-10-4,reference,ILCD/IDEMAT background flow (metals/EoL import).,,
8dba66e2-0f2e-4038-84ef-1e40b4f573a6,Iron,ElementaryFlow,Elementary flows / Emission to air,kg,,reference,ILCD/IDEMAT background flow (metals/EoL import).,,
8e123669-94d3-41d8-9480-a79211fe7c43,Lead,ElementaryFlow,Elementary flows / Emission to air,kg,,reference,ILCD/IDEMAT background flow (metals/EoL import).,,
8e1e39c0-11ef-4607-85f0-157ae68f6c63,Hydrogen,ProductFlow,Materials production / Inorganic chemicals,kg,,reference,ILCD/IDEMAT background flow (metals/EoL import).,,
8e30c990-5ed4-4f94-9d0e-2f5e4ff1a1f9,Ethane,ElementaryFlow,Elementary flows / Emission to air,kg,,reference,ILCD/IDEMAT background flow (metals/EoL import).,,
8edfdecf-21b3-4950-863e-e82130220919,Benzene, ethyl-,ElementaryFlow,Elementary flows / Emission to water,kg,000100-41-4,reference,ILCD/IDEMAT background flow (metals/EoL import).,,
8f62b772-7c20-4b8f-9bf8-5c02509a45a2,Hexane,ElementaryFlow,Elementary flows / Emission to water,kg,000110-54-3,reference,ILCD/IDEMAT background flow (metals/EoL import).,,
8f8db08d-1f39-417c-b98b-643509352592,wood;  14.7 MJ/kg,ElementaryFlow,Elementary flows / Resource,MJ,,reference,ILCD/IDEMAT background flow (metals/EoL import).,,
9062e029-5b74-4259-97f3-dbb413ca1239,Nickel, ion,ElementaryFlow,Elementary flows / Emission to soil,kg,014701-22-5,reference,ILCD/IDEMAT background flow (metals/EoL import).,,
90975fe0-331c-4125-8881-2a454ad79542,Carbon-14,ElementaryFlow,Elementary flows / Emission to water,kBq,014762-75-5,reference,ILCD/IDEMAT background flow (metals/EoL import).,,
90acf4c1-f61b-4d2c-8a86-50889520c69c,Acidity, unspecified,ElementaryFlow,Elementary flows / Emission to soil,kg,012408-02-5,reference,ILCD/IDEMAT background flow (metals/EoL import).,,
90bda18e-57be-4070-a385-50b4c1c95ce6,Benzo(k)fluoranthene,ElementaryFlow,Elementary flows / Emission to water,kg,000207-08-9,reference,ILCD/IDEMAT background flow (metals/EoL import).,,
91285dba-81a2-4b85-a9b5-1ea9acfd434b,Secondary Steel Making Slag,ProductFlow,Production residues in life cycle / Waste for disposal,kg,,reference,ILCD/IDEMAT background flow (metals/EoL import).,,
91a4d977-09e4-4994-acce-8b32ee98d565,Ethene, tetrachloro-,ElementaryFlow,Elementary flows / Emission to water,kg,000127-18-4,reference,ILCD/IDEMAT background flow (metals/EoL import).,,
91f6386a-af2e-4bbb-a05c-62e4483b1bcf,Butene,ElementaryFlow,Elementary flows / Emission to air,kg,,reference,ILCD/IDEMAT background flow (metals/EoL import).,,
921de03b-28b1-4c75-8642-204afbc79d2d,Battery,ProductFlow,Production residues in life cycle / Waste for recovery,kg,,reference,ILCD/IDEMAT background flow (metals/EoL import).,,
92c58ab9-8864-45ea-86b2-00698ecc9df7,Cobalt-60,ElementaryFlow,Elementary flows / Emission to water,kBq,010198-40-0,reference,ILCD/IDEMAT background flow (metals/EoL import).,,
93806a54-46f5-409c-99c5-4144a1e73b5d,Clay, bentonite, in ground,ElementaryFlow,Elementary flows / Resource,kg,,reference,ILCD/IDEMAT background flow (metals/EoL import).,,
94c8e839-62a6-4ebc-8cc7-c6ef6450171a,Natrium oxide,ProductFlow,Production residues in life cycle / Hazardous waste for disposal,kg,,reference,ILCD/IDEMAT background flow (metals/EoL import).,,
9525b6c8-9996-4da5-a161-982ce8014e61,hard coal;  26.3 MJ/kg,ElementaryFlow,Elementary flows / Resource,MJ,,reference,ILCD/IDEMAT background flow (metals/EoL import).,,
95ad40ec-c34b-49fc-a7dc-0e13172ac105,Barium,ElementaryFlow,Elementary flows / Emission to water,kg,,reference,ILCD/IDEMAT background flow (metals/EoL import).,,
96b2b9ac-cfb6-46bf-8ad1-c056e338950a,Wooden pallet (EURO),ProductFlow,Production residues in life cycle / Waste for recovery,kg,,reference,ILCD/IDEMAT background flow (metals/EoL import).,,
97818104-9cc2-4323-97d5-c896ce171f86,Chloride,ElementaryFlow,Elementary flows / Emission to water,kg,,reference,ILCD/IDEMAT background flow (metals/EoL import).,,
97db3d38-00fc-417e-a1e8-2fd4fa7dc191,Uranium-234,ElementaryFlow,Elementary flows / Emission to water,kBq,013966-29-5,reference,ILCD/IDEMAT background flow (metals/EoL import).,,
982b0510-96ac-4bcb-a758-e98006b95f4d,Butane,ElementaryFlow,Elementary flows / Emission to air,kg,,reference,ILCD/IDEMAT background flow (metals/EoL import).,,
996829cc-2d40-418a-beda-7c50399952f9,Nitrogen,ElementaryFlow,Elementary flows / Emission to water,kg,,reference,ILCD/IDEMAT background flow (metals/EoL import).,,
99c4634f-d49e-4261-84c2-6f31245dfb6c,Chromium Solution,ProductFlow,Production residues in life cycle / Hazardous waste for disposal,kg,,reference,ILCD/IDEMAT background flow (metals/EoL import).,,
9a287739-6f0e-4da4-8610-35c9617714bd,Slag (containing Pb),ProductFlow,Production residues in life cycle / Hazardous waste for recovery,kg,,reference,ILCD/IDEMAT background flow (metals/EoL import).,,
9ad80db5-180a-4713-b02e-f8f4f00ef5ef,2-Methyl-1-Butene,ElementaryFlow,Elementary flows / Emission to air,kg,000563-46-2,reference,ILCD/IDEMAT background flow (metals/EoL import).,,
9b00c244-fcce-4d38-922b-601a81f2ba34,Sulfate,ElementaryFlow,Elementary flows / Emission to air,kg,014808-79-8,reference,ILCD/IDEMAT background flow (metals/EoL import).,,
9bc66656-9f37-44bc-ae0b-5d5243b8137e,Ethene, tetrachloro-,ElementaryFlow,Elementary flows / Emission to air,kg,,reference,ILCD/IDEMAT background flow (metals/EoL import).,,
9c2a7dc9-8b1f-46ba-bc16-0d761a4f6016,Ethene,ElementaryFlow,Elementary flows / Emission to air,kg,,reference,ILCD/IDEMAT background flow (metals/EoL import).,,
9cec94a2-e7fe-43f4-82f4-293c477f86dc,Styrene,ElementaryFlow,Elementary flows / Emission to air,kg,,reference,ILCD/IDEMAT background flow (metals/EoL import).,,
9cf5cb40-6129-4fed-8fed-23026538289f,Acetochlor,ElementaryFlow,Elementary flows / Emission to water,kg,034256-82-1,reference,ILCD/IDEMAT background flow (metals/EoL import).,,
9d73edf8-57c4-443b-80bd-e7cfaeeb93e0,TOC, Total Organic Carbon,ElementaryFlow,Elementary flows / Emission to water,kg,,reference,ILCD/IDEMAT background flow (metals/EoL import).,,
9dc481e4-e4cd-4cb1-a03e-d539f774e958,Acenaphthylene,ElementaryFlow,Elementary flows / Emission to water,kg,,reference,ILCD/IDEMAT background flow (metals/EoL import).,,
9dcebf82-e6b3-400d-98bb-353ac079cbe1,Antimony,ElementaryFlow,Elementary flows / Resource,kg,007440-36-0,reference,ILCD/IDEMAT background flow (metals/EoL import).,,
9e13835a-58af-4809-a8b9-88a26a3a58b8,Thorium-234,ElementaryFlow,Elementary flows / Emission to water,kBq,015065-10-8,reference,ILCD/IDEMAT background flow (metals/EoL import).,,
9e14ff1c-6e61-4bd4-bfea-4ec5f57065dd,Carbofuran,ElementaryFlow,Elementary flows / Emission to air,kg,001563-66-2,reference,ILCD/IDEMAT background flow (metals/EoL import).,,
9e82f459-ca38-43dd-9c30-3913ed433ed8,Calcium,ElementaryFlow,Elementary flows / Emission to water,kg,007440-70-2,reference,ILCD/IDEMAT background flow (metals/EoL import).,,
9e86849b-f5fc-431e-a4fe-3c3aefae3269,Waste radioactive,ProductFlow,Deposited goods / Radioactive waste,kg,,reference,ILCD/IDEMAT background flow (metals/EoL import).,,
9f2d488e-c37a-4507-86c3-0b35f628ca30,Hydrogen chloride,ElementaryFlow,Elementary flows / Emission to water,kg,007647-01-0,reference,ILCD/IDEMAT background flow (metals/EoL import).,,
9f8f445c-e172-49f6-8881-bcf2a9824588,Plastic (unspecified),ProductFlow,Production residues in life cycle / Waste for recovery,kg,,reference,ILCD/IDEMAT background flow (metals/EoL import).,,
9ff114af-5db3-4512-b8a0-d6463d44e475,BF Shop Dust,ProductFlow,Production residues in life cycle / Hazardous waste for disposal,kg,,reference,ILCD/IDEMAT background flow (metals/EoL import).,,
a093e2a2-efa8-49a2-bdcd-d700cf9466e5,Erosion Resistance,ElementaryFlow,Elementary flows / Resource,kg/a,,reference,ILCD/IDEMAT background flow (metals/EoL import).,,
a0b899a2-77b3-4a06-be76-4dabb4b9512a,Fipronil,ElementaryFlow,Elementary flows / Emission to water,kg,120068-37-3,reference,ILCD/IDEMAT background flow (metals/EoL import).,,
a14ba965-9cf1-4bc2-b3ab-1ec574cec88f,Slag (Mn 6,5%),ProductFlow,Production residues in life cycle / Waste for recovery,kg,,reference,ILCD/IDEMAT background flow (metals/EoL import).,,
a1861c61-3190-41ff-abbf-0c352f61db6b,Deltamethrin,ElementaryFlow,Elementary flows / Emission to water,kg,052918-63-5,reference,ILCD/IDEMAT background flow (metals/EoL import).,,
a192f5ac-fb5d-4e14-ac11-3c38283da9d0,Cumene,ElementaryFlow,Elementary flows / Emission to air,kg,,reference,ILCD/IDEMAT background flow (metals/EoL import).,,
a1ecc854-a399-4b01-bae2-3a88b12ed44f,Propionic acid,ElementaryFlow,Elementary flows / Emission to air,kg,,reference,ILCD/IDEMAT background flow (metals/EoL import).,,
a1faf981-6b10-45c6-87c0-86bff464c0d6,Fluoride,ElementaryFlow,Elementary flows / Emission to water,kg,016984-48-8,reference,ILCD/IDEMAT background flow (metals/EoL import).,,
a2632dc9-f27b-4f4d-bf67-c0bab45421dd,Potassium,ElementaryFlow,Elementary flows / Emission to water,kg,007440-09-7,reference,ILCD/IDEMAT background flow (metals/EoL import).,,
a2a4f255-ad47-4cf8-b6a9-e10885d61407,Sodium nitrate, in ground,ElementaryFlow,Elementary flows / Resource,kg,,reference,ILCD/IDEMAT background flow (metals/EoL import).,,
a3436836-e2fe-4c30-b9a7-0098b489374f,Phenol,ElementaryFlow,Elementary flows / Emission to water,kg,,reference,ILCD/IDEMAT background flow (metals/EoL import).,,
a38a4244-89cf-4fad-b6bc-26699f205042,Decane,ElementaryFlow,Elementary flows / Emission to water,kg,000124-18-5,reference,ILCD/IDEMAT background flow (metals/EoL import).,,
a412f4e4-e485-437b-94b5-8bc5fbd68457,Copper sheet,ProductFlow,Materials production / Metals and semimetals,kg,,reference,ILCD/IDEMAT background flow (metals/EoL import).,,
a4375a18-172c-4f82-90b7-bca972f75548,Granite, in ground,ElementaryFlow,Elementary flows / Resource,kg,,reference,ILCD/IDEMAT background flow (metals/EoL import).,,
a5506f4b-113f-4713-95c3-c819dde6e48b,Nickel,ElementaryFlow,Elementary flows / Emission to air,kg,,reference,ILCD/IDEMAT background flow (metals/EoL import).,,
a5634f8a-d2f3-4e9a-8ee5-6f11234b9b1e,Benzene, ethyl-,ElementaryFlow,Elementary flows / Emission to water,kg,,reference,ILCD/IDEMAT background flow (metals/EoL import).,,
a649f89b-2e2a-48e9-9677-b85b4cbcc30c,Heat, waste,ElementaryFlow,Elementary flows / Emission to water,MJ,,reference,ILCD/IDEMAT background flow (metals/EoL import).,,
a6948921-d5ca-4770-ba23-99047a15f553,2-Chloro-1-phenylethanone,ElementaryFlow,Elementary flows / Emission to air,kg,000532-27-4,reference,ILCD/IDEMAT background flow (metals/EoL import).,,
a6ad3fc7-c019-454f-a899-43be7913a598,Acenaphthene,ElementaryFlow,Elementary flows / Emission to water,kg,,reference,ILCD/IDEMAT background flow (metals/EoL import).,,
a708a1f6-7297-45ba-8fda-47a1ce6f11c3,Vanadium,ElementaryFlow,Elementary flows / Emission to water,kg,007440-62-2,reference,ILCD/IDEMAT background flow (metals/EoL import).,,
a70cd68f-7cd3-4156-ab1e-a8702ecf28d9,Uranium depleted,ProductFlow,Deposited goods / Radioactive waste,kg,,reference,ILCD/IDEMAT background flow (metals/EoL import).,,
a731c3cc-dddd-41ff-9d5e-59be8025faad,Tetradecane,ElementaryFlow,Elementary flows / Emission to air,kg,000629-59-4,reference,ILCD/IDEMAT background flow (metals/EoL import).,,
a75726ca-71c6-43bd-9d5f-216235adf03a,BOF Slag,ProductFlow,Production residues in life cycle / Hazardous waste for disposal,kg,,reference,ILCD/IDEMAT background flow (metals/EoL import).,,
a7af86a7-9b67-45b7-ad3d-dede0adb9d15,Mancozeb,ElementaryFlow,Elementary flows / Emission to water,kg,008018-01-7,reference,ILCD/IDEMAT background flow (metals/EoL import).,,
a861cfae-a310-4e9d-b9eb-5d555c9a684c,Formaldehyde,ElementaryFlow,Elementary flows / Emission to air,kg,,reference,ILCD/IDEMAT background flow (metals/EoL import).,,
a86c05d6-fd47-4f0d-8ece-559afa4fd339,Titanium,ElementaryFlow,Elementary flows / Emission to water,kg,007440-32-6,reference,ILCD/IDEMAT background flow (metals/EoL import).,,
a87680bc-ecde-471a-88bb-6bc7482a62cf,Phosphate,ElementaryFlow,Elementary flows / Emission to water,kg,014265-44-2,reference,ILCD/IDEMAT background flow (metals/EoL import).,,
a87b678b-4445-4707-aa9c-792d5ca64bcb,Benzyl chloride,ElementaryFlow,Elementary flows / Emission to air,kg,000100-44-7,reference,ILCD/IDEMAT background flow (metals/EoL import).,,
a9d521d5-fe73-4726-830a-9d9aa0356b92,Acenaphthene,ElementaryFlow,Elementary flows / Emission to water,kg,000083-32-9,reference,ILCD/IDEMAT background flow (metals/EoL import).,,
aaa3f5e0-aeca-413f-ae80-f1a8a16576bf,biomass;  14.7 MJ/kg,ElementaryFlow,Elementary flows / Resource,MJ,,reference,ILCD/IDEMAT background flow (metals/EoL import).,,
ab075166-62d0-468a-a30f-c1b69c0ec219,Sulphuric acid,ProductFlow,Production residues in life cycle / Waste for recovery,kg,007664-93-9,reference,ILCD/IDEMAT background flow (metals/EoL import).,,
ab4a11c8-14f8-40f1-8c4e-888347bb2546,Cobalt-60,ElementaryFlow,Elementary flows / Emission to air,kBq,010198-40-0,reference,ILCD/IDEMAT background flow (metals/EoL import).,,
abe340b9-c20a-4462-9a64-f9acbef9e214,zinc dross,ProductFlow,Materials production / Metals and semimetals,kg,,reference,ILCD/IDEMAT background flow (metals/EoL import).,,
ac25fbf1-2fa6-41dd-80b9-a9bc1cdb2c19,Bromate,ElementaryFlow,Elementary flows / Emission to water,kg,015541-45-4,reference,ILCD/IDEMAT background flow (metals/EoL import).,,
ac3a8914-35f0-4c34-a956-f26b3a053e4a,Basalt, in ground,ElementaryFlow,Elementary flows / Resource,kg,,reference,ILCD/IDEMAT background flow (metals/EoL import).,,
acc39720-dda7-4b3a-80c7-c6394cad4191,Ethane, hexafluoro-, HFC-116,ElementaryFlow,Elementary flows / Emission to air,kg,,reference,ILCD/IDEMAT background flow (metals/EoL import).,,
acea51a5-41e4-42ab-9912-f46287df3f50,Iodine-129,ElementaryFlow,Elementary flows / Emission to water,kBq,015046-84-1,reference,ILCD/IDEMAT background flow (metals/EoL import).,,
ad7051d4-bc9e-4de9-b5d4-4da0370f2551,Ammonium/ammonia, as N,ElementaryFlow,Elementary flows / Emission to water,kg,,reference,ILCD/IDEMAT background flow (metals/EoL import).,,
adc8a0ac-f701-4bd3-ab46-13a758350985,Bromoform,ElementaryFlow,Elementary flows / Emission to air,kg,000075-25-2,reference,ILCD/IDEMAT background flow (metals/EoL import).,,
ae5cc571-c511-4930-b9a8-492e160158eb,Mineral waste,ProductFlow,Production residues in life cycle / Hazardous waste for disposal,kg,,reference,ILCD/IDEMAT background flow (metals/EoL import).,,
aeae7594-af69-46d2-9965-8c235b5c3fe3,Arsine,ElementaryFlow,Elementary flows / Emission to air,kg,007784-42-1,reference,ILCD/IDEMAT background flow (metals/EoL import).,,
aeefa758-5f4f-4bb4-a28a-4075e81f2fde,Magnesium,ElementaryFlow,Elementary flows / Emission to air,kg,,reference,ILCD/IDEMAT background flow (metals/EoL import).,,
af2f584d-55d7-4bc7-a2f4-174ce54ad943,Benzene, Toluene, Xylene (BTX),ElementaryFlow,Elementary flows / Emission to air,kg,,reference,ILCD/IDEMAT background flow (metals/EoL import).,,
afb5140a-1ed1-4c08-becb-6fc27781d831,Iridium,ElementaryFlow,Elementary flows / Resource,kg,,reference,ILCD/IDEMAT background flow (metals/EoL import).,,
b03fcc8f-b010-459d-b021-e832cff01700,Lanthanum-140,ElementaryFlow,Elementary flows / Emission to air,kBq,013981-28-7,reference,ILCD/IDEMAT background flow (metals/EoL import).,,
b15d845f-810e-4614-8633-af8bab2014ee,Titanium,ElementaryFlow,Elementary flows / Emission to air,kg,,reference,ILCD/IDEMAT background flow (metals/EoL import).,,
b1629e09-83ea-4027-aab4-3a02406fac02,zinc scrap,WasteFlow,Wastes / Production residues,kg,,reference,ILCD/IDEMAT background flow (metals/EoL import).,,
b1f08696-54fa-458d-9a6b-af614db865e6,Water (river water from technosphere, rain water),ElementaryFlow,Elementary flows / Emission to water,kg,,reference,ILCD/IDEMAT background flow (metals/EoL import).,,
b301fa9a-ba60-4eac-8ccc-6ccbdf099b35,Hydrogen,ElementaryFlow,Elementary flows / Emission to air,kg,001333-74-0,reference,ILCD/IDEMAT background flow (metals/EoL import).,,
b30b71c1-459c-4f65-b0aa-7d8b391a8ed4,Hydrocarbons, unspecified,ElementaryFlow,Elementary flows / Emission to water,kg,,reference,ILCD/IDEMAT background flow (metals/EoL import).,,
b3ab5f13-cc7b-40be-882c-936cc8697707,Chlorate,ElementaryFlow,Elementary flows / Emission to water,kg,007790-93-4,reference,ILCD/IDEMAT background flow (metals/EoL import).,,
b3cfad3f-b7da-490b-a491-8507a1bb7c4b,COD, Chemical Oxygen Demand,ElementaryFlow,Elementary flows / Emission to water,kg,,reference,ILCD/IDEMAT background flow (metals/EoL import).,,
b4580545-243d-48d2-a3a0-2633a4f46fb1,Nickel,ElementaryFlow,Elementary flows / Emission to soil,kg,,reference,ILCD/IDEMAT background flow (metals/EoL import).,,
b49df340-eefd-49af-9094-4a7ba44029dd,Dimethenamid,ElementaryFlow,Elementary flows / Emission to air,kg,087674-68-8,reference,ILCD/IDEMAT background flow (metals/EoL import).,,
b514ddac-92a4-4c76-9c67-4188c5b7ff47,1,2,3-Trimethyl Benzene,ElementaryFlow,Elementary flows / Emission to air,kg,000526-73-8,reference,ILCD/IDEMAT background flow (metals/EoL import).,,
b613b3b0-a98d-4b7a-a908-999ccfe1452d,Radon-220,ElementaryFlow,Elementary flows / Emission to air,kBq,,reference,ILCD/IDEMAT background flow (metals/EoL import).,,
b619bbbf-728d-495f-8e54-8f1fbb097421,Hazardous organic waste for disposal (unspecific),ProductFlow,Production residues in life cycle / Hazardous waste for disposal,kg,,reference,ILCD/IDEMAT background flow (metals/EoL import).,,
b6bf2784-c862-4ab9-9107-70dd812f6bbd,Gypsum,ProductFlow,Materials production / Other mineral materials,kg,,reference,ILCD/IDEMAT background flow (metals/EoL import).,,
b713c6cf-2a23-40f6-8e8d-ef5175d16bd0,Carbonate,ElementaryFlow,Elementary flows / Emission to water,kg,003812-32-6,reference,ILCD/IDEMAT background flow (metals/EoL import).,,
b748f6f1-7061-4243-89c7-3f2d01dcec07,Nitrogen,ElementaryFlow,Elementary flows / Emission to soil,kg,,reference,ILCD/IDEMAT background flow (metals/EoL import).,,
b77ac4ee-e212-4558-bdb0-b4584e78695e,Hydrazine,ElementaryFlow,Elementary flows / Emission to air,kg,000302-01-2,reference,ILCD/IDEMAT background flow (metals/EoL import).,,
b8595a76-4c10-4093-bd23-1f667490ff33,Strontium-90,ElementaryFlow,Elementary flows / Emission to water,kBq,010098-97-2,reference,ILCD/IDEMAT background flow (metals/EoL import).,,
b8f0e22b-f6db-422d-8807-97be5e246747,Nitrogen dioxide,ElementaryFlow,Elementary flows / Emission to water,kg,,reference,ILCD/IDEMAT background flow (metals/EoL import).,,
b8fc2875-a1ce-4a7c-a73d-6ba5b26319d3,Boron,ElementaryFlow,Elementary flows / Emission to air,kg,,reference,ILCD/IDEMAT background flow (metals/EoL import).,,
b912f4b4-34ac-4ec1-aba1-01b9c83683e5,Radium-226,ElementaryFlow,Elementary flows / Emission to air,kBq,,reference,ILCD/IDEMAT background flow (metals/EoL import).,,
b91d0527-9a01-4a86-b420-c62b70629ba4,Occupation, forest, unspecified,ElementaryFlow,Elementary flows / Resource,m2*a,,reference,ILCD/IDEMAT background flow (metals/EoL import).,,
b967e1bf-f09b-4c89-8740-ace21db47bba,Particulates, > 2.5 um, and < 10um,ElementaryFlow,Elementary flows / Emission to air,kg,,reference,ILCD/IDEMAT background flow (metals/EoL import).,,
ba0955c6-7f71-4f48-b6dc-190dae2239e9,Deltamethrin,ElementaryFlow,Elementary flows / Emission to air,kg,052918-63-5,reference,ILCD/IDEMAT background flow (metals/EoL import).,,
ba6ccdc7-da30-45fd-8215-babbf046cd3e,Acetic acid,ElementaryFlow,Elementary flows / Emission to water,kg,000064-19-7,reference,ILCD/IDEMAT background flow (metals/EoL import).,,
baac9b05-8fcc-4b8f-9aa8-bb3076138318,Inorganic salts and acids, unspecified,ElementaryFlow,Elementary flows / Emission to water,kg,,reference,ILCD/IDEMAT background flow (metals/EoL import).,,
bc069d24-fbbd-4c05-8b6e-4089dc8249ae,Ammonium, ion,ElementaryFlow,Elementary flows / Emission to water,kg,,reference,ILCD/IDEMAT background flow (metals/EoL import).,,
bc97531c-12d8-4113-bcb2-663a47d12d0f,Talc, in ground,ElementaryFlow,Elementary flows / Resource,kg,,reference,ILCD/IDEMAT background flow (metals/EoL import).,,
bce77a75-c399-4fa6-94ab-90d0e704ebde,Monochloroethane,ElementaryFlow,Elementary flows / Emission to air,kg,,reference,ILCD/IDEMAT background flow (metals/EoL import).,,
be1b354c-eb64-4609-9a17-9c2c8bef3ce5,Biphenyl,ElementaryFlow,Elementary flows / Emission to water,kg,000092-52-4,reference,ILCD/IDEMAT background flow (metals/EoL import).,,
be6e0598-a9e9-4366-b34f-631cbc7b2e70,Slag (Uranium conversion),ProductFlow,Deposited goods / Radioactive waste,kg,,reference,ILCD/IDEMAT background flow (metals/EoL import).,,
beb69352-568e-4a33-b9d4-3b5bfafc85bd,t-Butyl methyl ether,ElementaryFlow,Elementary flows / Emission to air,kg,001634-04-4,reference,ILCD/IDEMAT background flow (metals/EoL import).,,
bf112355-f868-42b8-8f39-6f2901cc38b9,Uranium-234,ElementaryFlow,Elementary flows / Emission to air,kBq,013966-29-5,reference,ILCD/IDEMAT background flow (metals/EoL import).,,
bf1f5db7-15a6-4061-8c56-84ab05f709e5,VOC, volatile organic compounds, unspecified origin,ElementaryFlow,Elementary flows / Emission to water,kg,,reference,ILCD/IDEMAT background flow (metals/EoL import).,,
bf5e6d18-8793-4d8e-a096-e9e67e290fbc,Sludge (from processing),ProductFlow,Production residues in life cycle / Waste for recovery,kg,,reference,ILCD/IDEMAT background flow (metals/EoL import).,,
bfc66f26-0b11-4e6e-9e8c-2bfde24dc23c,Carbon-14,ElementaryFlow,Elementary flows / Emission to air,kBq,014762-75-5,reference,ILCD/IDEMAT background flow (metals/EoL import).,,
c009202c-0247-4512-8d7d-26f5f44b8ab2,Acetophenone,ElementaryFlow,Elementary flows / Emission to air,kg,000098-86-2,reference,ILCD/IDEMAT background flow (metals/EoL import).,,
c00e8921-6f38-49af-877a-355454986d6c,Toluene, 2,4-dinitro-,ElementaryFlow,Elementary flows / Emission to air,kg,000121-14-2,reference,ILCD/IDEMAT background flow (metals/EoL import).,,
c0246545-bda6-4d9e-ba74-307f3c1d2157,Glyphosate,ElementaryFlow,Elementary flows / Emission to air,kg,001071-83-6,reference,ILCD/IDEMAT background flow (metals/EoL import).,,
c0e8ec60-a5ae-432e-97a5-cf76b6247a00,Methane, dichlorodifluoro-, CFC-12,ElementaryFlow,Elementary flows / Emission to air,kg,,reference,ILCD/IDEMAT background flow (metals/EoL import).,,
c12546b4-ea94-4d96-8a7d-dce1a8da85cd,Cryolite,ProductFlow,Production residues in life cycle / Waste for recovery,kg,,reference,ILCD/IDEMAT background flow (metals/EoL import).,,
c132f668-6330-45fe-b230-d8de62e64ff1,Oxygen, in air,ElementaryFlow,Elementary flows / Resource,kg,007782-44-7,reference,ILCD/IDEMAT background flow (metals/EoL import).,,
c2035468-120a-459e-8415-df51576e9b4a,natural gas;  44.1 MJ/kg,ElementaryFlow,Elementary flows / Resource,MJ,,reference,ILCD/IDEMAT background flow (metals/EoL import).,,
c22b0e5b-731c-47fb-8003-effcec85f5e9,Dust, unspecified,ElementaryFlow,Elementary flows / Emission to air,kg,,reference,ILCD/IDEMAT background flow (metals/EoL import).,,
c24f5894-f95e-4661-ba76-130397348894,Bromine,ElementaryFlow,Elementary flows / Emission to air,kg,,reference,ILCD/IDEMAT background flow (metals/EoL import).,,
c25abc19-d0c4-4246-b6d6-a4418f673bb0,Acrylonitrile,ElementaryFlow,Elementary flows / Emission to water,kg,000107-13-1,reference,ILCD/IDEMAT background flow (metals/EoL import).,,
c26b9e07-4540-4d7c-a1c0-75009b41542d,Toluene,ElementaryFlow,Elementary flows / Emission to water,kg,000108-88-3,reference,ILCD/IDEMAT background flow (metals/EoL import).,,
c317b216-2668-40f8-9e24-1ce183d53697,Iodine-131,ElementaryFlow,Elementary flows / Emission to air,kBq,010043-66-0,reference,ILCD/IDEMAT background flow (metals/EoL import).,,
c36056d2-5101-4198-b13b-fdc0a8cf27ee,Uranium-238,ElementaryFlow,Elementary flows / Emission to air,kBq,,reference,ILCD/IDEMAT background flow (metals/EoL import).,,
c407952d-43b2-49c4-a756-26e5e76bfbbf,Uranium-238,ElementaryFlow,Elementary flows / Emission to water,kBq,,reference,ILCD/IDEMAT background flow (metals/EoL import).,,
c431c0c3-3f5e-4b7b-af99-2ebbdcaf5f98,Limestone,ProductFlow,Materials production / Other mineral materials,kg,,reference,ILCD/IDEMAT background flow (metals/EoL import).,,
c49fb4cd-eed0-4438-9052-9612473cdbae,Antimony,ElementaryFlow,Elementary flows / Emission to soil,kg,,reference,ILCD/IDEMAT background flow (metals/EoL import).,,
c4f97cbb-4c27-4adb-aa33-566e307362d7,Anodes (used),ProductFlow,Materials production / Metals and semimetals,kg,,reference,ILCD/IDEMAT background flow (metals/EoL import).,,
c5aafa60-495c-461c-a1d4-b262a34c45b9,Occupation, annual crop,ElementaryFlow,Elementary flows / Resource,m2*a,,reference,ILCD/IDEMAT background flow (metals/EoL import).,,
c626d246-a314-4dab-b4be-cfb79c230f55,Bromine,ElementaryFlow,Elementary flows / Emission to water,kg,007726-95-6,reference,ILCD/IDEMAT background flow (metals/EoL import).,,
c62c75a7-339e-4133-9b89-ef46aa607f2a,Silver-110,ElementaryFlow,Elementary flows / Emission to water,kBq,014391-76-5,reference,ILCD/IDEMAT background flow (metals/EoL import).,,
c63972c5-aea1-40b1-ae5a-67e070cbf719,Nickel, ion,ElementaryFlow,Elementary flows / Emission to air,kg,014701-22-5,reference,ILCD/IDEMAT background flow (metals/EoL import).,,
c6e27975-c0a0-4189-ac1d-068f47a7b629,Acenaphthylene,ElementaryFlow,Elementary flows / Emission to water,kg,000208-96-8,reference,ILCD/IDEMAT background flow (metals/EoL import).,,
c6e7e174-ff4e-4c4f-b727-f448389db0c8,Energy, primary, from wind power,ElementaryFlow,Elementary flows / Resource,MJ,,reference,ILCD/IDEMAT background flow (metals/EoL import).,,
c701f32d-24aa-4929-a52e-fb45e8d1a143,Tin oxide,ElementaryFlow,Elementary flows / Emission to air,kg,018282-10-5,reference,ILCD/IDEMAT background flow (metals/EoL import).,,
c707e768-2a44-4b33-8218-e8dcdb345132,Water (desalinated; deionized),ProductFlow,Materials production / Water,kg,,reference,ILCD/IDEMAT background flow (metals/EoL import).,,
c73e75dc-c02d-4192-ab43-faf29c119fae,Pyrite, in ground,ElementaryFlow,Elementary flows / Resource,kg,,reference,ILCD/IDEMAT background flow (metals/EoL import).,,
c78acbc4-7829-40e8-aa97-3395119a5372,Slag,ProductFlow,Production residues in life cycle / Waste for recovery,kg,,reference,ILCD/IDEMAT background flow (metals/EoL import).,,
c796eed5-8e5d-43bb-8dd9-feaae3e90511,Fluoride,ElementaryFlow,Elementary flows / Emission to water,kg,,reference,ILCD/IDEMAT background flow (metals/EoL import).,,
c7a77dde-733c-41a5-aa8b-83a6fd61a818,EAF Dust,ProductFlow,Production residues in life cycle / Hazardous waste for disposal,kg,,reference,ILCD/IDEMAT background flow (metals/EoL import).,,
c7aee986-b7d8-4ad9-ad45-1ac0d68e6b78,Dolomite, in ground,ElementaryFlow,Elementary flows / Resource,kg,,reference,ILCD/IDEMAT background flow (metals/EoL import).,,
c7cb5880-4219-4051-9357-10fdd08c6f2b,Occupation, unspecified,ElementaryFlow,Elementary flows / Resource,m2*a,,reference,ILCD/IDEMAT background flow (metals/EoL import).,,
c88a91dc-117a-479d-be84-0b7e57717fc7,1-Undecane,ElementaryFlow,Elementary flows / Emission to air,kg,001120-21-4,reference,ILCD/IDEMAT background flow (metals/EoL import).,,
c9188fde-4b02-4f1f-b8be-ffe4675b5793,Pickled hot rolled coil sludge,ProductFlow,Production residues in life cycle / Hazardous waste for disposal,kg,,reference,ILCD/IDEMAT background flow (metals/EoL import).,,
c91fd4bf-ed70-4e2f-a34f-159773f981b6,Manganese,ElementaryFlow,Elementary flows / Emission to water,kg,,reference,ILCD/IDEMAT background flow (metals/EoL import).,,
c938c788-170d-4a92-98ff-d19d9d9dbd63,Methacrylic acid,ElementaryFlow,Elementary flows / Emission to air,kg,000079-41-4,reference,ILCD/IDEMAT background flow (metals/EoL import).,,
c941d6d0-a56c-4e6c-95de-ac685635218d,Hydrogen chloride,ElementaryFlow,Elementary flows / Emission to air,kg,,reference,ILCD/IDEMAT background flow (metals/EoL import).,,
c9b97088-efc6-43c1-8d26-f78d6cdbb50b,Polychlorinated biphenyls,ElementaryFlow,Elementary flows / Emission to air,kg,,reference,ILCD/IDEMAT background flow (metals/EoL import).,,
c9bf4390-00fd-40f2-a010-c9d0a584eb77,Trifluralin,ElementaryFlow,Elementary flows / Emission to water,kg,001582-09-8,reference,ILCD/IDEMAT background flow (metals/EoL import).,,
ca347524-6865-416f-95b5-76e086b46fd7,Chloride,ElementaryFlow,Elementary flows / Emission to water,kg,016887-00-6,reference,ILCD/IDEMAT background flow (metals/EoL import).,,
caa6bc06-e7e6-4f08-acd3-2163db51e395,Chromium VI,ElementaryFlow,Elementary flows / Emission to water,kg,018540-29-9,reference,ILCD/IDEMAT background flow (metals/EoL import).,,
caf066cf-40ce-47a8-ba4c-969fcd6019c7,Cobalt,ElementaryFlow,Elementary flows / Emission to water,kg,,reference,ILCD/IDEMAT background flow (metals/EoL import).,,
cb3265f8-49a0-4b09-9bd9-c374370c4cc4,Radon-222,ElementaryFlow,Elementary flows / Emission to air,kBq,,reference,ILCD/IDEMAT background flow (metals/EoL import).,,
cc6a1abb-b123-4ca6-8f16-38209df609be,Carbon dioxide, in air,ElementaryFlow,Elementary flows / Resource,kg,,reference,ILCD/IDEMAT background flow (metals/EoL import).,,
cd5c80bb-995b-456f-a12d-77b9b2ffad43,Hazardous waste (underground deposit),ProductFlow,Deposited goods / Hazardous waste,kg,,reference,ILCD/IDEMAT background flow (metals/EoL import).,,
cda76a7e-4758-4c58-99ce-f7d29afdd629,Nickel, ion,ElementaryFlow,Elementary flows / Emission to water,kg,014701-22-5,reference,ILCD/IDEMAT background flow (metals/EoL import).,,
ce567bdc-76ec-4ca0-be79-8bb796e448b3,Iron,ElementaryFlow,Elementary flows / Emission to soil,kg,,reference,ILCD/IDEMAT background flow (metals/EoL import).,,
ce6294f5-2ed7-46ee-a967-33e265e34455,Ethane, 1,1,1-trichloro-, HCFC-140,ElementaryFlow,Elementary flows / Emission to air,kg,,reference,ILCD/IDEMAT background flow (metals/EoL import).,,
cfd2030e-0fb3-4946-8a0b-9d1667aceb77,Anthracene,ElementaryFlow,Elementary flows / Emission to air,kg,000120-12-7,reference,ILCD/IDEMAT background flow (metals/EoL import).,,
cfdbc576-e8dc-44ef-bdf2-ddd7009ce57e,m-Xylene,ElementaryFlow,Elementary flows / Emission to air,kg,,reference,ILCD/IDEMAT background flow (metals/EoL import).,,
cff84ecf-53fd-41ac-a5f9-205f09fc97e8,Lead (99.995%),ProductFlow,Materials production / Metals and semimetals,kg,007439-92-1,reference,ILCD/IDEMAT background flow (metals/EoL import).,,
d02e018f-d996-4cd8-9306-ddedb781efde,Hexane,ElementaryFlow,Elementary flows / Emission to water,kg,000110-54-3,reference,ILCD/IDEMAT background flow (metals/EoL import).,,
d04a30d7-d8af-4f55-94db-36aafde16134,Gypsum (FDI),ProductFlow,Production residues in life cycle / Waste for recovery,kg,,reference,ILCD/IDEMAT background flow (metals/EoL import).,,
d0779a5e-6969-4144-954e-ceb81fb83f15,Cobalt, in ground,ElementaryFlow,Elementary flows / Resource,kg,,reference,ILCD/IDEMAT background flow (metals/EoL import).,,
d1008171-2d06-4e14-b107-7e510875203f,Waste paper,ProductFlow,Production residues in life cycle / Waste for recovery,kg,,reference,ILCD/IDEMAT background flow (metals/EoL import).,,
d134df3d-b37d-4c58-9913-b1653cdca3cc,Ruthenium-106,ElementaryFlow,Elementary flows / Emission to water,kBq,013967-48-1,reference,ILCD/IDEMAT background flow (metals/EoL import).,,
d157416d-db9b-4f88-a7f3-a9a5f1ea88f2,Acetic acid,ElementaryFlow,Elementary flows / Emission to air,kg,,reference,ILCD/IDEMAT background flow (metals/EoL import).,,
d1c0567e-ff1a-4cb7-a4f0-de28b2d99b63,TOC, Total Organic Carbon,ElementaryFlow,Elementary flows / Emission to water,kg,,reference,ILCD/IDEMAT background flow (metals/EoL import).,,
d1ca3361-2621-40cd-9965-6236a4b3fd33,Ammonia,ElementaryFlow,Elementary flows / Emission to soil,kg,007664-41-7,reference,ILCD/IDEMAT background flow (metals/EoL import).,,
d2d7723b-a37f-4491-9406-c32a87d50f56,Benomyl,ElementaryFlow,Elementary flows / Emission to air,kg,017804-35-2,reference,ILCD/IDEMAT background flow (metals/EoL import).,,
d3260d0e-8203-4cbb-a45a-6a13131a5108,NMVOC, non-methane volatile organic compounds, unspecified origin,ElementaryFlow,Elementary flows / Emission to air,kg,,reference,ILCD/IDEMAT background flow (metals/EoL import).,,
d3709c7e-7c61-45a4-92e4-f7cf95ebe3a2,Methyl ethyl ketone,ElementaryFlow,Elementary flows / Emission to air,kg,,reference,ILCD/IDEMAT background flow (metals/EoL import).,,
d3a50c57-7caf-4400-87f5-b0c10d69e760,Manganese,ElementaryFlow,Elementary flows / Emission to water,kg,007439-96-5,reference,ILCD/IDEMAT background flow (metals/EoL import).,,
d3e038e1-728c-4dea-ac30-c9abbbfcbc84,Cyanide,ElementaryFlow,Elementary flows / Emission to air,kg,,reference,ILCD/IDEMAT background flow (metals/EoL import).,,
d3f5d0b9-0155-4800-9dbb-b0583948c8c6,Ethanol,ElementaryFlow,Elementary flows / Emission to air,kg,,reference,ILCD/IDEMAT background flow (metals/EoL import).,,
d4f74ad1-5f43-4b1c-8aa6-d7b8b2c40707,Osmium,ElementaryFlow,Elementary flows / Resource,kg,,reference,ILCD/IDEMAT background flow (metals/EoL import).,,
d54c2f59-075c-4277-a872-a6527b335c65,Red mud (dry),ProductFlow,Production residues in life cycle / Hazardous waste for disposal,kg,,reference,ILCD/IDEMAT background flow (metals/EoL import).,,
d54e12bc-09e2-4e50-9371-78b3f407244f,Terbufos,ElementaryFlow,Elementary flows / Emission to water,kg,013071-79-9,reference,ILCD/IDEMAT background flow (metals/EoL import).,,
d601cd0a-c599-42b7-8ea3-1fe741760e3d,Americium-241,ElementaryFlow,Elementary flows / Emission to water,kBq,014596-10-2,reference,ILCD/IDEMAT background flow (metals/EoL import).,,
d70b4182-d633-4178-84c0-8854f5f6594b,Arsenic, ion,ElementaryFlow,Elementary flows / Emission to water,kg,,reference,ILCD/IDEMAT background flow (metals/EoL import).,,
d7278559-8222-403b-a3e7-12f5b62b75f3,Steel scrap (St),ProductFlow,Production residues in life cycle / Waste for recovery,kg,,reference,ILCD/IDEMAT background flow (metals/EoL import).,,
d73952b6-7af5-4473-b68d-b0ce7f063317,Radium-224,ElementaryFlow,Elementary flows / Emission to water,kBq,013233-32-4,reference,ILCD/IDEMAT background flow (metals/EoL import).,,
d7606d42-844f-49ea-bed6-c67733bc04f4,Plutonium-alpha,ElementaryFlow,Elementary flows / Emission to water,kBq,007440-07-5,reference,ILCD/IDEMAT background flow (metals/EoL import).,,
d7cadc9a-f42c-4711-a8e2-0b626c0a4c7a,Olivine, in ground,ElementaryFlow,Elementary flows / Resource,kg,,reference,ILCD/IDEMAT background flow (metals/EoL import).,,
d896ced7-a107-4017-b284-d95a8ef3e735,Acrolein,ElementaryFlow,Elementary flows / Emission to air,kg,,reference,ILCD/IDEMAT background flow (metals/EoL import).,,
d8f3f0c4-040d-4ac8-8015-2b61e1eb2e88,BOF Slag,ProductFlow,Production residues in life cycle / Waste for disposal,kg,,reference,ILCD/IDEMAT background flow (metals/EoL import).,,
d8f9ccf6-fd32-4348-83c0-1cee724af9ae,Copper, ion,ElementaryFlow,Elementary flows / Emission to water,kg,,reference,ILCD/IDEMAT background flow (metals/EoL import).,,
d94a5a1a-bc06-48fd-b6d9-7477ea65cacd,Carbon disulfide,ElementaryFlow,Elementary flows / Emission to air,kg,,reference,ILCD/IDEMAT background flow (metals/EoL import).,,
d971ae3d-0d25-4a63-9c63-6d09d1e063c6,Neutral salts,ElementaryFlow,Elementary flows / Emission to water,kg,,reference,ILCD/IDEMAT background flow (metals/EoL import).,,
d9a5b786-d06c-44af-a088-b070aa605d9b,Trifluralin,ElementaryFlow,Elementary flows / Emission to air,kg,001582-09-8,reference,ILCD/IDEMAT background flow (metals/EoL import).,,
da1157e2-7593-4dfd-80dd-a3449b37a4d8,Methane, non-fossil,ElementaryFlow,Elementary flows / Emission to air,kg,,reference,ILCD/IDEMAT background flow (metals/EoL import).,,
da721fc3-20be-49ac-bcbd-f0dd602bb98b,Neodymium,ElementaryFlow,Elementary flows / Resource,kg,,reference,ILCD/IDEMAT background flow (metals/EoL import).,,
daea7dff-7a8a-447a-b205-f358deddadb9,tantalum,ElementaryFlow,Elementary flows / Resource,kg,,reference,ILCD/IDEMAT background flow (metals/EoL import).,,
daecad6e-a07d-4688-9291-5a1e8e6c50a0,Neutralized residues,ProductFlow,Production residues in life cycle,kg,,reference,ILCD/IDEMAT background flow (metals/EoL import).,,
db652d59-898e-46f3-acce-b28596c26dc7,Thallium,ElementaryFlow,Elementary flows / Emission to water,kg,007440-28-0,reference,ILCD/IDEMAT background flow (metals/EoL import).,,
dbd7d498-71ef-418a-869a-dad68f6d0ac4,Rolling gravel,ProductFlow,Production residues in life cycle / Waste for recovery,kg,,reference,ILCD/IDEMAT background flow (metals/EoL import).,,
dbf49708-ee0c-44f2-8662-5edd89ad472b,Beryllium,ElementaryFlow,Elementary flows / Emission to soil,kg,,reference,ILCD/IDEMAT background flow (metals/EoL import).,,
dc50a884-b2f5-4c95-9912-07b8dfb2d497,Mineral waste,ProductFlow,Deposited goods / Consumer waste,kg,,reference,ILCD/IDEMAT background flow (metals/EoL import).,,
dc6dbdaa-9f13-43a8-8af5-6603688c6ad0,Arsenic,ElementaryFlow,Elementary flows / Emission to air,kg,,reference,ILCD/IDEMAT background flow (metals/EoL import).,,
dd03814e-c0f1-4953-b685-760c7e85272a,Fluorine,ElementaryFlow,Elementary flows / Emission to water,kg,007782-41-4,reference,ILCD/IDEMAT background flow (metals/EoL import).,,
dd5265e8-4b6b-4052-a4d0-31c00d586aed,Radioactive species, unspecified,ElementaryFlow,Elementary flows / Emission to water,kBq,,reference,ILCD/IDEMAT background flow (metals/EoL import).,,
dd5613aa-888e-483b-a529-49d446d1a823,Ethene, chloro-,ElementaryFlow,Elementary flows / Emission to water,kg,000075-01-4,reference,ILCD/IDEMAT background flow (metals/EoL import).,,
ddc17e11-bf2e-4816-87b8-27293955ae37,trans-2-Butene,ElementaryFlow,Elementary flows / Emission to air,kg,000624-64-6,reference,ILCD/IDEMAT background flow (metals/EoL import).,,
ddce24d4-f536-4b44-a51a-e3bca0faf0b0,Phenanthrene,ElementaryFlow,Elementary flows / Emission to air,kg,000085-01-8,reference,ILCD/IDEMAT background flow (metals/EoL import).,,
ddfc151d-e0f7-4b1e-9ed3-febab09d0c6e,CaF2 (low radioactice),ProductFlow,Deposited goods / Radioactive waste,kg,,reference,ILCD/IDEMAT background flow (metals/EoL import).,,
de875382-6ef2-454c-b828-2c3a5080d39c,Fluoride,ElementaryFlow,Elementary flows / Emission to soil,kg,,reference,ILCD/IDEMAT background flow (metals/EoL import).,,
de8e110e-4873-4557-8304-b924f92686df,BOF Gas Dust,ProductFlow,Production residues in life cycle / Hazardous waste for disposal,kg,,reference,ILCD/IDEMAT background flow (metals/EoL import).,,
dec695c4-3b3b-453b-9c9f-f346a60fd073,Phthalate, n-dioctyl-,ElementaryFlow,Elementary flows / Emission to air,kg,000117-84-0,reference,ILCD/IDEMAT background flow (metals/EoL import).,,
dec83914-1ca6-4707-b65d-2706da3a3988,4-Methyl-2-pentanone,ElementaryFlow,Elementary flows / Emission to water,kg,000108-10-1,reference,ILCD/IDEMAT background flow (metals/EoL import).,,
dedd8f92-eac1-4240-85cd-ccbf69b0a21c,carbonyl sulphide,ProductFlow,Materials production / Organic chemicals,kg,,reference,ILCD/IDEMAT background flow (metals/EoL import).,,
df28f5b4-4754-4e51-ac98-31238976d7c7,Tin,ElementaryFlow,Elementary flows / Emission to water,kg,007440-31-5,reference,ILCD/IDEMAT background flow (metals/EoL import).,,
df413bba-3c03-412b-a80a-c6082b6b9b33,Cooling water,ProductFlow,Production residues in life cycle / Waste for recovery,kg,,reference,ILCD/IDEMAT background flow (metals/EoL import).,,
df5f3f08-b71d-4816-b861-59604c1e6f11,Carbon-14,ElementaryFlow,Elementary flows / Emission to water,kBq,014762-75-5,reference,ILCD/IDEMAT background flow (metals/EoL import).,,
df79428f-f7f6-4788-8971-8c959827ed82,Erosion Resistance,ElementaryFlow,Elementary flows / Resource,kg,,reference,ILCD/IDEMAT background flow (metals/EoL import).,,
e0241436-ad0b-40ab-90f8-db4fd79f4e8c,Water, rain,ElementaryFlow,Elementary flows / Resource,kg,,reference,ILCD/IDEMAT background flow (metals/EoL import).,,
e0336c9b-a0ff-4ae3-b8bb-ca1e46bbbc11,Chromium,ElementaryFlow,Elementary flows / Emission to soil,kg,,reference,ILCD/IDEMAT background flow (metals/EoL import).,,
e0401210-0377-4670-84af-12247ca20bed,Aluminium,ElementaryFlow,Elementary flows / Emission to soil,kg,,reference,ILCD/IDEMAT background flow (metals/EoL import).,,
e06e2e1e-ad87-49e2-a184-f2d1c48b7b46,Methane, chlorotrifluoro-, CFC-13,ElementaryFlow,Elementary flows / Emission to air,kg,000075-72-9,reference,ILCD/IDEMAT background flow (metals/EoL import).,,
e086c325-bff8-41c9-a8d9-21d3bdac3c90,Hot Rolling Sludge,ProductFlow,Production residues in life cycle / Hazardous waste for disposal,kg,,reference,ILCD/IDEMAT background flow (metals/EoL import).,,
e0c2b408-7dca-41de-ad53-2d7975838e87,Aluminum scrap,ProductFlow,Production residues in life cycle / Waste for recovery,kg,,reference,ILCD/IDEMAT background flow (metals/EoL import).,,
e0f56c8b-2a34-4e05-b668-9cbc65ce6f4d,Waste for recovery (unspecific),ProductFlow,Production residues in life cycle / Waste for recovery,kg,,reference,ILCD/IDEMAT background flow (metals/EoL import).,,
e12a5d26-dbc4-427c-a92e-3fdaf349df9f,Thorium-228,ElementaryFlow,Elementary flows / Emission to water,kBq,014274-82-9,reference,ILCD/IDEMAT background flow (metals/EoL import).,,
e142b577-e934-4085-9a07-3983d4d92afb,Chromium,ElementaryFlow,Elementary flows / Emission to air,kg,,reference,ILCD/IDEMAT background flow (metals/EoL import).,,
e1ea501a-7c9f-4cc6-a194-22543ab1b941,Acidity, unspecified,ElementaryFlow,Elementary flows / Emission to water,kg,012408-02-5,reference,ILCD/IDEMAT background flow (metals/EoL import).,,
e2a4c2f8-3671-47e7-8649-f5e97a4ad32e,Copper,ElementaryFlow,Elementary flows / Emission to water,kg,007440-50-8,reference,ILCD/IDEMAT background flow (metals/EoL import).,,
e2c3a1e9-f431-4936-a6d5-24c7f6552885,Ethane, 1,2-dichloro-,ElementaryFlow,Elementary flows / Emission to water,kg,000107-06-2,reference,ILCD/IDEMAT background flow (metals/EoL import).,,
e3569b8d-34ca-4712-93b5-b0d81f955663,Sulfur oxides,ElementaryFlow,Elementary flows / Emission to air,kg,,reference,ILCD/IDEMAT background flow (metals/EoL import).,,
e3e8f6a2-c45e-4685-9859-698b2eadaf5b,Acetaldehyde,ElementaryFlow,Elementary flows / Emission to air,kg,,reference,ILCD/IDEMAT background flow (metals/EoL import).,,
e429b852-e421-4fcb-8a9b-b0241863bfb2,Cadmium,ElementaryFlow,Elementary flows / Emission to soil,kg,,reference,ILCD/IDEMAT background flow (metals/EoL import).,,
e529c930-e3c6-4d2d-8a96-f052ec23f2e7,Mercury,ElementaryFlow,Elementary flows / Emission to water,kg,007439-97-6,reference,ILCD/IDEMAT background flow (metals/EoL import).,,
e56be94e-91e2-4f97-83ab-d9681318d290,Paraquat,ElementaryFlow,Elementary flows / Emission to air,kg,004685-14-7,reference,ILCD/IDEMAT background flow (metals/EoL import).,,
e5a181b4-6dce-465d-bcc5-2f2a5f5b4376,Dicamba,ElementaryFlow,Elementary flows / Emission to water,kg,001918-00-9,reference,ILCD/IDEMAT background flow (metals/EoL import).,,
e5ba3517-a93f-422e-9ce2-f1007fcf6c06,Methane, trifluoro-, HFC-23,ElementaryFlow,Elementary flows / Emission to air,kg,000075-46-7,reference,ILCD/IDEMAT background flow (metals/EoL import).,,
e5cf113b-af17-4b49-a15a-105b94f49096,Terbufos,ElementaryFlow,Elementary flows / Emission to air,kg,013071-79-9,reference,ILCD/IDEMAT background flow (metals/EoL import).,,
e6183e67-e45e-4d8d-a9ec-85ba8d7d1600,Xenon-131m,ElementaryFlow,Elementary flows / Emission to air,kBq,378784-67-9,reference,ILCD/IDEMAT background flow (metals/EoL import).,,
e681e6ba-2d66-4f17-8812-e8c74bdcf7e8,Calcium,ElementaryFlow,Elementary flows / Emission to soil,kg,,reference,ILCD/IDEMAT background flow (metals/EoL import).,,
e69510c5-d9c6-42aa-a6cb-ff6336b3eae4,Cobalt,ElementaryFlow,Elementary flows / Emission to water,kg,007440-48-4,reference,ILCD/IDEMAT background flow (metals/EoL import).,,
e7881581-21b3-4f5c-bd63-6b0684b5e712,Chromium,ElementaryFlow,Elementary flows / Emission to soil,kg,,reference,ILCD/IDEMAT background flow (metals/EoL import).,,
e794472e-5ee2-4f30-8522-deadba411a79,Atrazine,ElementaryFlow,Elementary flows / Emission to air,kg,001912-24-9,reference,ILCD/IDEMAT background flow (metals/EoL import).,,
e79e03c3-5b19-45f6-b3f3-bf710c6663d2,Nitrogen fluoride,ElementaryFlow,Elementary flows / Emission to air,kg,007783-54-2,reference,ILCD/IDEMAT background flow (metals/EoL import).,,
e7e71a5e-e401-4c99-9552-33f837d361a7,Isophorone,ElementaryFlow,Elementary flows / Emission to air,kg,000078-59-1,reference,ILCD/IDEMAT background flow (metals/EoL import).,,
e7edd471-6c72-42b0-8c2b-8dc9f1959c63,Argon-41,ElementaryFlow,Elementary flows / Emission to air,kBq,014163-25-8,reference,ILCD/IDEMAT background flow (metals/EoL import).,,
e80bed31-0499-4660-b9fb-f161b8eea835,Sinter / Pellet Dust,ProductFlow,Production residues in life cycle / Hazardous waste for disposal,kg,,reference,ILCD/IDEMAT background flow (metals/EoL import).,,
e839f221-2958-425e-b113-b3a5b12ca226,Radium-226,ElementaryFlow,Elementary flows / Emission to water,kBq,013982-63-3,reference,ILCD/IDEMAT background flow (metals/EoL import).,,
e87f039d-d9ce-4242-ac18-c9284cc80f3d,Ethane, 1,1,1,2-tetrafluoro-, HFC-134a,ElementaryFlow,Elementary flows / Emission to air,kg,,reference,ILCD/IDEMAT background flow (metals/EoL import).,,
e9e856c2-868e-435e-8425-8df1c9297cfc,Lead,ElementaryFlow,Elementary flows / Emission to water,kg,,reference,ILCD/IDEMAT background flow (metals/EoL import).,,
e9e9c8e4-0622-4d8a-a0d1-16dcfbba34f6,Recycling goods,ProductFlow,Production residues in life cycle / Waste for recovery,kg,,reference,ILCD/IDEMAT background flow (metals/EoL import).,,
eb3a772f-958c-4b2e-8d0c-68d98459f70f,Naphthalene,ElementaryFlow,Elementary flows / Emission to water,kg,000091-20-3,reference,ILCD/IDEMAT background flow (metals/EoL import).,,
eba59fd6-f37e-41dc-9ca3-c7ea22d602c7,Carbon dioxide, non-fossil,ElementaryFlow,Elementary flows / Emission to air,kg,,reference,ILCD/IDEMAT background flow (metals/EoL import).,,
ebb88ef4-50ab-4e3b-9251-c5fcdf6b4768,Silver,ElementaryFlow,Elementary flows / Emission to air,kg,,reference,ILCD/IDEMAT background flow (metals/EoL import).,,
ec72c523-9e1a-466a-98c3-e4098e90fd27,Colemanite, in ground,ElementaryFlow,Elementary flows / Resource,kg,,reference,ILCD/IDEMAT background flow (metals/EoL import).,,
ec76fb5c-b402-416b-825c-53e074fe7525,COD, Chemical Oxygen Demand,ElementaryFlow,Elementary flows / Emission to water,kg,,reference,ILCD/IDEMAT background flow (metals/EoL import).,,
ec8144d6-d123-43b1-9c17-a295422a0498,Copper,ElementaryFlow,Elementary flows / Emission to air,kg,,reference,ILCD/IDEMAT background flow (metals/EoL import).,,
eca23d30-748f-43dc-86b7-c833ccba8a1c,1-Butene,ElementaryFlow,Elementary flows / Emission to air,kg,000106-98-9,reference,ILCD/IDEMAT background flow (metals/EoL import).,,
ed2d49f8-110d-4db4-9488-f61c349e6117,Mercury,ElementaryFlow,Elementary flows / Emission to soil,kg,,reference,ILCD/IDEMAT background flow (metals/EoL import).,,
ede5b226-74c2-43d3-a09b-adac99249a77,Chemicals (unspecified),ProductFlow,Production residues in life cycle / Waste for recovery,kg,,reference,ILCD/IDEMAT background flow (metals/EoL import).,,
edf1afb4-95cd-4482-b00d-6c814e08c807,Acetochlor,ElementaryFlow,Elementary flows / Emission to air,kg,034256-82-1,reference,ILCD/IDEMAT background flow (metals/EoL import).,,
ee7bd742-0952-47c1-bca1-f4e4bcd1780a,Nitrogenous Matter, unspecified, as N,ElementaryFlow,Elementary flows / Emission to water,kg,,reference,ILCD/IDEMAT background flow (metals/EoL import).,,
ee99ff67-8df3-4e50-b118-a7f3f1af224b,Steel scrap (external supply),ProductFlow,Production residues in life cycle / Waste for recovery,kg,,reference,ILCD/IDEMAT background flow (metals/EoL import).,,
eeaa554c-edc0-4b69-8737-170ac48f6de1,Boron,ElementaryFlow,Elementary flows / Emission to water,kg,007440-42-8,reference,ILCD/IDEMAT background flow (metals/EoL import).,,
ef415e30-00ef-43ca-ad5a-d1adc013e624,Production residues (unspecified),ProductFlow,Production residues in life cycle / Waste for recovery,kg,,reference,ILCD/IDEMAT background flow (metals/EoL import).,,
ef8d2a28-91cb-406d-ac43-c839f116b04d,Selenium,ElementaryFlow,Elementary flows / Resource,kg,007782-49-2,reference,ILCD/IDEMAT background flow (metals/EoL import).,,
f012d2d5-ebb4-4531-8285-0b98af3dcbd4,BOD5, Biological Oxygen Demand,ElementaryFlow,Elementary flows / Emission to water,kg,,reference,ILCD/IDEMAT background flow (metals/EoL import).,,
f069e9b3-0fb0-4e2c-adc7-bb7df6580cc7,Magnesium,ElementaryFlow,Elementary flows / Emission to water,kg,007439-95-4,reference,ILCD/IDEMAT background flow (metals/EoL import).,,
f0839df0-73ed-46ce-9277-fc494846bcd8,Inorganic dissolved matter (unspecified),ElementaryFlow,Elementary flows / Emission to water,kg,,reference,ILCD/IDEMAT background flow (metals/EoL import).,,
f0e28a62-ddf9-4c93-af81-676a58c3f2d4,Cobalt,ElementaryFlow,Elementary flows / Emission to air,kg,,reference,ILCD/IDEMAT background flow (metals/EoL import).,,
f1bdb3e1-1235-4939-a4a0-6383caa42c63,Water (river water from technosphere, waste water),ElementaryFlow,Elementary flows / Emission to water,kg,,reference,ILCD/IDEMAT background flow (metals/EoL import).,,
f2257f56-3ca5-41a9-b1e8-da1e18d43738,Ethane, 1,2-dibromo-,ElementaryFlow,Elementary flows / Emission to water,kg,000106-93-4,reference,ILCD/IDEMAT background flow (metals/EoL import).,,
f24aafe3-8c41-466a-97c8-001dd37c60de,Waste (solid),ProductFlow,Production residues in life cycle / Waste for disposal,kg,,reference,ILCD/IDEMAT background flow (metals/EoL import).,,
f2d5f01a-3e16-4a6c-a3dc-f6ee9a728957,Toluene,ElementaryFlow,Elementary flows / Emission to water,kg,,reference,ILCD/IDEMAT background flow (metals/EoL import).,,
f2d84834-d0b3-42e5-b41a-f04cc80337a4,Heat, waste,ElementaryFlow,Elementary flows / Emission to air,MJ,,reference,ILCD/IDEMAT background flow (metals/EoL import).,,
f2e74872-f56d-4e49-8dfd-1428c6fbd59c,Helium,ElementaryFlow,Elementary flows / Emission to air,kg,007440-59-7,reference,ILCD/IDEMAT background flow (metals/EoL import).,,
f3d5fd96-8805-4d3d-867a-5df27975b07f,Acetone,ElementaryFlow,Elementary flows / Emission to air,kg,,reference,ILCD/IDEMAT background flow (metals/EoL import).,,
f46cd45b-b457-41f3-bd08-1ab41bd796e5,Steel sections,ProductFlow,Materials production / Metals and semimetals,kg,,reference,ILCD/IDEMAT background flow (metals/EoL import).,,
f57c9ecc-13d9-4e3f-8b4b-5b719149ed28,Non Hazardous non organic waste for disposal (unspecific sludges and dusts),ProductFlow,Production residues in life cycle / Waste for disposal,kg,,reference,ILCD/IDEMAT background flow (metals/EoL import).,,
f580957b-a6b3-4a90-92d0-201d8323cd57,Water (sea water from technosphere, cooling water),ElementaryFlow,Elementary flows / Emission to water,kg,,reference,ILCD/IDEMAT background flow (metals/EoL import).,,
f5aa8364-8feb-4e1b-a9d0-2ceffa388306,Antimony,ElementaryFlow,Elementary flows / Emission to water,kg,007440-36-0,reference,ILCD/IDEMAT background flow (metals/EoL import).,,
f5e7f3b4-6423-4914-bb36-d6f52b8e5dbb,Xenon-135,ElementaryFlow,Elementary flows / Emission to air,kBq,014995-62-1,reference,ILCD/IDEMAT background flow (metals/EoL import).,,
f68f00b8-2057-476e-88c8-1d92b5af0889,Antimony-124,ElementaryFlow,Elementary flows / Emission to water,kBq,014683-10-4,reference,ILCD/IDEMAT background flow (metals/EoL import).,,
f7519ca9-5ffc-41c3-a33e-806da82cfc0e,Clay, unspecified, in ground,ElementaryFlow,Elementary flows / Resource,kg,,reference,ILCD/IDEMAT background flow (metals/EoL import).,,
f7eca11f-546f-4712-ad80-724254685596,Mercury,ElementaryFlow,Elementary flows / Emission to soil,kg,,reference,ILCD/IDEMAT background flow (metals/EoL import).,,
f81426cd-fb74-4265-bffc-c97566623bf5,Dicamba,ElementaryFlow,Elementary flows / Emission to air,kg,001918-00-9,reference,ILCD/IDEMAT background flow (metals/EoL import).,,
f838aec9-cb26-4597-bb6f-478cdf32e32a,Water Cooling fresh,ElementaryFlow,Elementary flows / Resource,kg,,reference,ILCD/IDEMAT background flow (metals/EoL import).,,
f85eb4eb-3342-4283-a8ad-4d2c94e5aae2,Energy, primary, from geothermal,ElementaryFlow,Elementary flows / Resource,MJ,,reference,ILCD/IDEMAT background flow (metals/EoL import).,,
f92cd1d9-f342-43b4-8d38-a787c945c0d5,Energy, primary, from solar energy,ElementaryFlow,Elementary flows / Resource,MJ,,reference,ILCD/IDEMAT background flow (metals/EoL import).,,
fadaaa0e-6cd2-43af-b3fd-4f3b92ca72e2,Phenol,ElementaryFlow,Elementary flows / Emission to water,kg,000108-95-2,reference,ILCD/IDEMAT background flow (metals/EoL import).,,
fb9622a6-2fc3-42a7-ae7c-a74bdb20abba,Carbofuran,ElementaryFlow,Elementary flows / Emission to water,kg,001563-66-2,reference,ILCD/IDEMAT background flow (metals/EoL import).,,
fba667e1-6609-4d25-84b2-ac5d6ccc1f72,Hydrocyanic acid,ElementaryFlow,Elementary flows / Emission to water,kg,000074-90-8,reference,ILCD/IDEMAT background flow (metals/EoL import).,,
fbf6ab3a-74e3-4cbe-b61d-959728bdce46,Chloroform,ElementaryFlow,Elementary flows / Emission to air,kg,,reference,ILCD/IDEMAT background flow (metals/EoL import).,,
fc84887d-158e-4067-80dc-9743165bd70d,Arsenic,ElementaryFlow,Elementary flows / Emission to soil,kg,,reference,ILCD/IDEMAT background flow (metals/EoL import).,,
fd2745dc-fcfb-4096-b370-6944b5dc7286,Nitrogenous Matter, Kjeldahl, as N,ElementaryFlow,Elementary flows / Emission to water,kg,,reference,ILCD/IDEMAT background flow (metals/EoL import).,,
fd61d155-3b34-46d5-8769-efb3e806f545,Mercury,ElementaryFlow,Elementary flows / Emission to water,kg,,reference,ILCD/IDEMAT background flow (metals/EoL import).,,
fd7aa71c-508c-480d-81a6-8052aad92646,Sulfur dioxide,ElementaryFlow,Elementary flows / Emission to air,kg,,reference,ILCD/IDEMAT background flow (metals/EoL import).,,
fdefdf7a-897d-4213-ba2c-4e04d560fb00,Hydrogen peroxide,ElementaryFlow,Elementary flows / Emission to water,kg,007722-84-1,reference,ILCD/IDEMAT background flow (metals/EoL import).,,
fe0acd60-3ddc-11dd-ae59-0050c2490048,Water, ground,ElementaryFlow,Elementary flows / Resource,kg,007732-18-5,reference,ILCD/IDEMAT background flow (metals/EoL import).,,
fe85df5c-5587-4a5f-a33b-c6e2b240e238,Xenon-133,ElementaryFlow,Elementary flows / Emission to air,kBq,014932-42-4,reference,ILCD/IDEMAT background flow (metals/EoL import).,,
ff65658c-2d39-44a2-b23e-7ec3c644f064,Aluminium,ElementaryFlow,Elementary flows / Emission to air,kg,,reference,ILCD/IDEMAT background flow (metals/EoL import).,,
ffd105a3-1ae2-4af3-b7b0-ebceb224fd40,Slag (containing precious metal),ProductFlow,Production residues in life cycle / Waste for recovery,kg,,reference,ILCD/IDEMAT background flow (metals/EoL import).,,
4f1a3f32-7b3b-11dd-ad8b-0800200c9a66,waste incineration of biodegradable waste fraction in municipal solid waste (MSW),ProductFlow,End-of-life treatment / Energy recycling,kg,,reference,ILCD/IDEMAT background flow (metals/EoL import).,,
c5a6072c-830d-4207-a553-deb95d4cb70b,process steam from waste incineration,ProductFlow,Energy carriers and technologies / Heat and steam,MJ,,reference,ILCD/IDEMAT background flow (metals/EoL import).,,
e96f2d0c-de79-4572-a432-0bc61d32d36a,electricity from waste incineration,ProductFlow,Energy carriers and technologies / Electricity,MJ,,reference,ILCD/IDEMAT background flow (metals/EoL import).,,
9575e5d0-f865-4ad1-9d98-6b0d6e275780,Water to turbine,ElementaryFlow,Resources / Resources from water,m3,7732-18-5,reference,ILCD background flow.,Sphera,Sphera Managed LCA Content (MLC)
c506b970-7b92-452f-8d6f-05d4f203d958,lake water,ElementaryFlow,Resources / Resources from water,m3,7732-18-5,reference,ILCD background flow.,Sphera,Sphera Managed LCA Content (MLC)
5fdac403-9f2c-4a10-b8d6-5367cc9d2d9b,freshwater,ElementaryFlow,Resources / Resources from water,m3,7732-18-5,reference,ILCD background flow.,Sphera,Sphera Managed LCA Content (MLC)
805a7346-1664-4483-afe3-4b224be5e361,river water,ElementaryFlow,Resources / Resources from water,m3,7732-18-5,reference,ILCD background flow.,Sphera,Sphera Managed LCA Content (MLC)
4f462198-40cd-4184-8733-86648a20dc3f,ground water,ElementaryFlow,Resources / Resources from water,m3,7732-18-5,reference,ILCD background flow.,Sphera,Sphera Managed LCA Content (MLC)
419682fe-60fb-4b43-be89-bf2824b51104,water,ElementaryFlow,Resources / Resources from water,m3,7732-18-5,reference,ILCD background flow.,Sphera,Sphera Managed LCA Content (MLC)
9c43554c-f5e1-47dd-a5ab-c792f4b6b218,Ground water; extreme scarcity,ElementaryFlow,Resources / Resources from water,kg,007732-18-5,reference,ILCD background flow.,Sphera,Sphera Managed LCA Content (MLC)
64f06446-81fd-4e42-b454-9c326b66ca24,Ground water; high scarcity,ElementaryFlow,Resources / Resources from water,kg,007732-18-5,reference,ILCD background flow.,Sphera,Sphera Managed LCA Content (MLC)
5e50fc01-19c6-4377-a1cc-bc65a12498ea,Water,ElementaryFlow,Emissions / Emissions to water,m3,7732-18-5,reference,ILCD background flow.,Sphera,Sphera Managed LCA Content (MLC)
73fb4dab-b979-4dcc-8616-2193fc154255,Water from turbine,ElementaryFlow,Emissions / Emissions to water,m3,7732-18-5,reference,ILCD background flow.,Sphera,Sphera Managed LCA Content (MLC)
94f961a1-2899-4e9d-aad2-bdc622d85924,nitric acid,ElementaryFlow,Emissions / Emissions to water,kg,7697-37-2,reference,ILCD background flow.,Sphera,Sphera Managed LCA Content (MLC)
e2f7117d-06a4-49d8-9f5c-ae1a1f18ffb2,Water from cooling,ElementaryFlow,Emissions / Emissions to water,m3,7732-18-5,reference,ILCD background flow.,Sphera,Sphera Managed LCA Content (MLC)
f2143905-6555-11dd-ad8b-0800200c9a66,1-butene,ElementaryFlow,Emissions / Emissions to water,kg,106-98-9,reference,ILCD background flow.,Sphera,Sphera Managed LCA Content (MLC)
aef0887d-2891-4c4c-9e3f-7c17c0b63e8f,Plutonium-alpha,ElementaryFlow,Emissions / Emissions to water,kBq,7440-07-5,reference,ILCD background flow.,Sphera,Sphera Managed LCA Content (MLC)
83e43d6e-e49f-45dc-aff1-edb87ce3bce8,Acrylate; ion,ElementaryFlow,Emissions / Emissions to water,kg,79-10-7,reference,ILCD background flow.,Sphera,Sphera Managed LCA Content (MLC)
adb7954b-da29-4cbb-94eb-32aa7c1ea5af,Krypton-85m,ElementaryFlow,Emissions / Emissions to air,kBq,378253-15-7,reference,ILCD background flow.,Sphera,Sphera Managed LCA Content (MLC)
f25c6c51-ed42-4505-83c7-3bf499e2747e,nitric acid,ElementaryFlow,Emissions / Emissions to soil,kg,7697-37-2,reference,ILCD background flow.,Sphera,Sphera Managed LCA Content (MLC)
96bcd067-a49f-45f0-9e88-c606e7f07fbb,sodium hypochlorite,ElementaryFlow,Emissions / Emissions to water,kg,7681-52-9,reference,ILCD background flow.,Sphera,Sphera Managed LCA Content (MLC)
8aacfc38-07b0-4731-bfb8-3cb8142288ba,zinc dichloride,ElementaryFlow,Emissions / Emissions to air,kg,7646-85-7,reference,ILCD background flow.,Sphera,Sphera Managed LCA Content (MLC)
2905ed36-6556-11dd-ad8b-0800200c9a66,bromine,ElementaryFlow,Emissions / Emissions to soil,kg,7726-95-6,reference,ILCD background flow.,Sphera,Sphera Managed LCA Content (MLC)
bb0a6d7c-205c-4be3-a02d-60d97924e799,Lactic acid,ElementaryFlow,Emissions / Emissions to water,kg,50-21-5,reference,ILCD background flow.,Sphera,Sphera Managed LCA Content (MLC)
295ad714-fefa-4420-85f2-07d8cd4ab556,Hydrocarbons; aromatic,ElementaryFlow,Emissions / Emissions to water,kg,,reference,ILCD background flow.,Sphera,Sphera Managed LCA Content (MLC)
b9a77a95-26bb-465c-a558-b08f2cc7716c,Water (rain water),ElementaryFlow,Emissions / Emissions to water,m3,7732-18-5,reference,ILCD background flow.,Sphera,Sphera Managed LCA Content (MLC)
05782dca-46ea-4505-997a-39f251c47d4c,icosane,ElementaryFlow,Emissions / Emissions to water,kg,112-95-8,reference,ILCD background flow.,Sphera,Sphera Managed LCA Content (MLC)
ab670098-be23-45da-964b-08819368380e,Fenoxaprop,ElementaryFlow,Emissions / Emissions to soil,kg,095617-09-7,reference,ILCD background flow.,Sphera,Sphera Managed LCA Content (MLC)
1bd6d1c4-0f34-4520-bdb9-7f54fc9c6847,Xenon-133m,ElementaryFlow,Emissions / Emissions to air,kBq,378784-91-9,reference,ILCD background flow.,Sphera,Sphera Managed LCA Content (MLC)
a777d0d0-0966-4441-addd-ac55b26724ff,arsenic (v),ElementaryFlow,Emissions / Emissions to water,kg,17428-41-0,reference,ILCD background flow.,Sphera,Sphera Managed LCA Content (MLC)
13d3b697-739e-47d6-a1a7-d500fff42ae4,Plutonium-alpha,ElementaryFlow,Emissions / Emissions to air,kBq,7440-07-5,reference,ILCD background flow.,Sphera,Sphera Managed LCA Content (MLC)
90769896-db48-419a-a28d-ae54b0b381ee,arsenic (v),ElementaryFlow,Emissions / Emissions to water,kg,17428-41-0,reference,ILCD background flow.,Sphera,Sphera Managed LCA Content (MLC)
82852b6b-e66e-4c96-b2b8-7249bc9b2377,ammonium nitrate,ElementaryFlow,Emissions / Emissions to air,kg,6484-52-2,reference,ILCD background flow.,Sphera,Sphera Managed LCA Content (MLC)
92112ca9-3025-4aea-8fd5-765e4a178a4f,zinc sulfate,ElementaryFlow,Emissions / Emissions to air,kg,7733-02-0,reference,ILCD background flow.,Sphera,Sphera Managed LCA Content (MLC)
0d925357-e1c9-48c1-a5c7-caaae8185108,Screw M6 (hardened; zinc coated),ProductFlow,Systems / Unspecific parts,kg,,reference,ILCD background flow.,Sphera,Sphera Managed LCA Content (MLC)
1df287ba-2f10-461e-95ce-7714a3e76ac6,nitric acid,ElementaryFlow,Emissions / Emissions to air,kg,7697-37-2,reference,ILCD background flow.,Sphera,Sphera Managed LCA Content (MLC)
8b3f14c1-7d34-4498-8913-40b81044cf59,sodium chloride,ElementaryFlow,Emissions / Emissions to water,kg,7647-14-5,reference,ILCD background flow.,Sphera,Sphera Managed LCA Content (MLC)
d86b9e88-6555-11dd-ad8b-0800200c9a66,butanol,ElementaryFlow,Emissions / Emissions to air,kg,71-36-3,reference,ILCD background flow.,Sphera,Sphera Managed LCA Content (MLC)
d81e4b3a-f283-48e7-84e9-f99301527f85,mecoprop-p,ElementaryFlow,Emissions / Emissions to air,kg,7085-19-0,reference,ILCD background flow.,Sphera,Sphera Managed LCA Content (MLC)
ff731020-2513-4b40-9fb9-f46d67f7e6ed,Aktinide (general),ElementaryFlow,Emissions / Emissions to air,kBq,,reference,ILCD background flow.,Sphera,Sphera Managed LCA Content (MLC)
d4709b1e-9f03-4fdb-ac9e-c63f3ad07d54,Curium alpha,ElementaryFlow,Emissions / Emissions to water,kBq,7440-51-9,reference,ILCD background flow.,Sphera,Sphera Managed LCA Content (MLC)
c68f10dc-a9d7-4e17-85e2-cb1c0485e6f9,mecoprop-p,ElementaryFlow,Emissions / Emissions to water,kg,7085-19-0,reference,ILCD background flow.,Sphera,Sphera Managed LCA Content (MLC)
92e949b7-5a15-41bf-ba2f-f376f76850bc,arsenic (v),ElementaryFlow,Emissions / Emissions to soil,kg,17428-41-0,reference,ILCD background flow.,Sphera,Sphera Managed LCA Content (MLC)
37ecfb46-f3b6-4d01-b0b6-2c2852caa97c,Aktinide (general),ElementaryFlow,Emissions / Emissions to water,kBq,,reference,ILCD background flow.,Sphera,Sphera Managed LCA Content (MLC)
ddc22682-77a5-422b-bdd7-d9e64b000f18,disodium sulfate,ElementaryFlow,Emissions / Emissions to water,kg,7757-82-6,reference,ILCD background flow.,Sphera,Sphera Managed LCA Content (MLC)
4925e4e2-fa55-4401-b263-7e0766956bf0,1;1;1;3;3-pentafluoropropane,ElementaryFlow,Emissions / Emissions to air,kg,460-73-1,reference,ILCD background flow.,Sphera,Sphera Managed LCA Content (MLC)
40b31a86-14ec-4471-9931-1955dbd5fec6,magnesium chloride,ElementaryFlow,Emissions / Emissions to water,kg,7786-30-3,reference,ILCD background flow.,Sphera,Sphera Managed LCA Content (MLC)
76dffe8f-8e29-4301-bb1c-e1a9b2bbb7bc,Oils; unspecified,ElementaryFlow,Emissions / Emissions to water,kg,,reference,ILCD background flow.,Sphera,Sphera Managed LCA Content (MLC)
4b772bba-b5c1-4098-9c1d-3d9d8c74c7fa,Water (evapotranspiration),ElementaryFlow,Emissions / Emissions to air,m3,7732-18-5,reference,ILCD background flow.,Sphera,Sphera Managed LCA Content (MLC)
e131f56e-cf2d-4ea7-bf88-1bb2025f63de,arsenic (v),ElementaryFlow,Emissions / Emissions to soil,kg,17428-41-0,reference,ILCD background flow.,Sphera,Sphera Managed LCA Content (MLC)
fd35609e-968a-4dcf-8172-c621ff680ad7,arsenic (v),ElementaryFlow,Emissions / Emissions to air,kg,17428-41-0,reference,ILCD background flow.,Sphera,Sphera Managed LCA Content (MLC)
67e6534f-ca9d-4fa2-ab9d-82d7878a1636,Heavy metals to water (unspecified),ElementaryFlow,Emissions / Emissions to water,kg,,reference,ILCD background flow.,Sphera,Sphera Managed LCA Content (MLC)
08a91e70-3ddc-11dd-90e6-0050c2490048,butanol,ElementaryFlow,Emissions / Emissions to water,kg,71-36-3,reference,ILCD background flow.,Sphera,Sphera Managed LCA Content (MLC)
fe0acd60-3ddc-11dd-a61f-0050c2490048,chlormequat chloride,ElementaryFlow,Emissions / Emissions to soil,kg,999-81-5,reference,ILCD background flow.,Sphera,Sphera Managed LCA Content (MLC)
f20af980-11c6-4a6b-8dbc-4aa7683bfd98,Stainless Steel Scrap (316; from external supply),WasteFlow,End-of-life treatment,kg,,reference,ILCD background flow.,Sphera,Sphera Managed LCA Content (MLC)
08a91e70-3ddc-11dd-97e8-0050c2490048,polychlorinated biphenyls,ElementaryFlow,Emissions / Emissions to water,kg,1336-36-3,reference,ILCD background flow.,Sphera,Sphera Managed LCA Content (MLC)
78873b0d-2f8e-4c96-9804-a0c564685302,Steel part,ProductFlow,Systems / Unspecific parts,kg,,reference,ILCD background flow.,Sphera,Sphera Managed LCA Content (MLC)
6fa89d11-eac7-4cf0-b1a3-24968154d39e,TPU adhesive,ProductFlow,Materials production / Plastics,kg,,reference,ILCD background flow.,Sphera,Sphera Managed LCA Content (MLC)
ca78feb2-f72e-43f5-a823-4dbb2cd7a165,Aluminium casting part,ProductFlow,Systems / Unspecific parts,kg,007429-90-5,reference,ILCD background flow.,Sphera,Sphera Managed LCA Content (MLC)
890a70b7-b677-4e2a-8a1b-7d017e0a10ae,Electricity,ProductFlow,Energy carriers and technologies / Electricity,MJ,,reference,ILCD background flow.,Sphera,Sphera Managed LCA Content (MLC)
1ff3f12a-928b-47d3-8e75-8f92601cef86,Aluminium casting part (machined),ProductFlow,Systems / Unspecific parts,kg,007429-90-5,reference,ILCD background flow.,Sphera,Sphera Managed LCA Content (MLC)
5a740d05-5a1c-42f4-8b5b-8680dfca6636,Aluminium sheet,ProductFlow,Materials production / Metals and semimetals,kg,007429-90-5,reference,ILCD background flow.,Sphera,Sphera Managed LCA Content (MLC)
559f6ac9-4a63-43dd-8a7e-fd9b2123752c,Aluminium ingot for extrusion,ProductFlow,Materials production / Metals and semimetals,kg,007429-90-5,reference,ILCD background flow.,Sphera,Sphera Managed LCA Content (MLC)
ae206e6f-e4f5-4dbf-8de7-42576f6da892,Aluminium ingot,ProductFlow,Materials production / Metals and semimetals,kg,007429-90-5,reference,ILCD background flow.,Sphera,Sphera Managed LCA Content (MLC)
978b1011-dc00-4133-a318-c654eea26996,Thermoforming fat,ProductFlow,Materials production / Other materials,kg,,reference,ILCD background flow.,Sphera,Sphera Managed LCA Content (MLC)
a26d3e3a-51a6-47c1-9fe0-81d4d7ea2a30,Aluminium sheet part,ProductFlow,Systems / Unspecific parts,kg,007429-90-5,reference,ILCD background flow.,Sphera,Sphera Managed LCA Content (MLC)
baf3f221-8bf8-46b3-90a4-ea496a8c4568,Steel forging part (St),ProductFlow,Systems / Unspecific parts,kg,,reference,ILCD background flow.,Sphera,Sphera Managed LCA Content (MLC)
2622b593-3a47-4faa-9794-a0c41f079331,Steel sheet 0.75mm alum. plated (0.02mm; 2s),ProductFlow,Materials production / Metals and semimetals,kg,,reference,ILCD background flow.,Sphera,Sphera Managed LCA Content (MLC)
3a3259aa-33d7-4edd-aa2c-5c9d6739d713,Stainless steel scrap,WasteFlow,End-of-life treatment,kg,,reference,ILCD background flow.,Sphera,Sphera Managed LCA Content (MLC)
0ce3c9c2-0cb4-40b7-8665-e57a9d1e48fe,Stainless steel (cold rolled),ProductFlow,Materials production / Metals and semimetals,kg,,reference,ILCD background flow.,Sphera,Sphera Managed LCA Content (MLC)
86a44efb-6e29-464c-a57b-a4da0ef154e1,Polyamide 6.6 granulate (PA 6.6),ProductFlow,Materials production / Plastics,kg,032131-17-2,reference,ILCD background flow.,Sphera,Sphera Managed LCA Content (MLC)
64876ac6-a289-45f8-b94d-d720c93e2830,Incineration good,WasteFlow,Wastes,kg,,reference,ILCD background flow.,Sphera,Sphera Managed LCA Content (MLC)
d71fef59-2e93-450f-b18f-72981f58e312,Steam (MJ),ProductFlow,Energy carriers and technologies / Heat and steam,MJ,,reference,ILCD background flow.,Sphera,Sphera Managed LCA Content (MLC)
