from_id,to_id,factor,location
c38ef9cf-ae41-40a8-b018-58d9472c7cfa,IC_EF_LAND_USE,1.2706E+02,BE
e412ed0d-8a14-4eea-a9f5-f966517360c0,IC_EF_WATER_USE,1.45E+00,LV
e29e7755-623d-47fb-b2ac-c0615a1b709f,IC_EF_LAND_USE,-2.8224E+02,CO
6bcfa2f7-4970-469a-ae70-d1814e8a6bc3,IC_EF_LAND_USE,1.5129E+02,FR
fe0acd60-3ddc-11dd-ae5a-0050c2490048,IC_EF_WATER_USE,1.96E+00,PL
e29e7755-623d-47fb-b2ac-c0615a1b709f,IC_EF_LAND_USE,-2.3300E+02,CL
616ab5c3-116f-4fbb-bc6b-196318afe5be,IC_EF_LAND_USE,2.8725E+02,BA
9fcab08d-c0e9-490f-b594-ee023a78d5c7,IC_EF_LAND_USE,1.2076E+02,MX
42378359-15eb-4e60-8f72-b796b9d71e69,IC_EF_LAND_USE,6.3556E+01,CA
b129498b-6ff1-4025-95f4-a7f821b341c1,IC_EF_LAND_USE,-207,
32e9ce57-5c64-44fe-ba5f-e29adb467eb7,IC_EF_LAND_USE,-1.7568E+02,IN
91e86b1f-98b2-433a-8356-cfc2b2b2a7c4,IC_EF_LAND_USE,1.7568E+02,IN
d4b314f8-1a50-45bf-b139-79dca87d197f,IC_EF_LAND_USE,-1.9535E+02,CL
9db48d2d-17e8-4b4c-b439-2aab1c3d80f2,IC_EF_LAND_USE,-2.5900E+02,NL
172ad9e0-6556-11dd-ad8b-0800200c9a66,IC_EF_RESOURCE_MINERALS,5.50E-08,
dc3f4893-9db3-4d19-b108-bcd3a44ed78d,IC_EF_LAND_USE,2.5212E+02,KR
8e2bf561-a95a-402d-83c1-d737dd73523d,IC_EF_LAND_USE,131,
9699a63f-c966-43a4-816c-b1fbbf0a3e88,IC_EF_LAND_USE,-4.0499E+02,MY
8db68d81-3998-4b52-af19-2beb2ac9a98e,IC_EF_LAND_USE,1.2707E+02,CZ
848d055d-88c2-4926-9ddd-1671887c4e2f,IC_EF_LAND_USE,5.5662E+01,MX
64faa7b1-e114-497a-b584-f4659e7115e4,IC_EF_LAND_USE,-1.1963E+02,JP
39f017d4-14b0-44c2-93c6-ed6bf28332a8,IC_EF_LAND_USE,1.2828E+02,PL
29068976-6556-11dd-ad8b-0800200c9a66,IC_EF_RESOURCE_MINERALS,1.62E-02,
848d055d-88c2-4926-9ddd-1671887c4e2f,IC_EF_LAND_USE,2.3300E+02,CL
9699a63f-c966-43a4-816c-b1fbbf0a3e88,IC_EF_LAND_USE,-1.4557E+02,GB
d4008b63-fb71-4e00-bfda-3528c9c7e40d,IC_EF_LAND_USE,-1.1636E+02,LT
933debfd-2aa5-4a35-b07b-2732350ea29c,IC_EF_LAND_USE,3.8473E+02,CO
e412ed0d-8a14-4eea-a9f5-f966517360c0,IC_EF_WATER_USE,1.64E+00,MY
503f7e73-748c-4f38-9b87-90805b5d1c38,IC_EF_LAND_USE,-1.6627E+02,GB
aeea42cc-4215-465f-981f-ae2ab387fbb9,IC_EF_LAND_USE,-1.4497E+02,BG
d0c20793-3df9-44d3-9c84-5fb6feedcd12,IC_EF_LAND_USE,-2.1537E+02,IT
8db68d81-3998-4b52-af19-2beb2ac9a98e,IC_EF_LAND_USE,8.5675E+01,FI
eb84226d-129f-49d8-8d69-cc484b7a6cbf,IC_EF_LAND_USE,4.2040E+02,BA
d4008b63-fb71-4e00-bfda-3528c9c7e40d,IC_EF_LAND_USE,-1.2839E+02,NZ
848d055d-88c2-4926-9ddd-1671887c4e2f,IC_EF_LAND_USE,9.1483E+01,ZA
64faa7b1-e114-497a-b584-f4659e7115e4,IC_EF_LAND_USE,-7.3533E+01,TR
933debfd-2aa5-4a35-b07b-2732350ea29c,IC_EF_LAND_USE,1.5178E+02,RS
da174fac-e567-42d3-99b5-a688913dc88e,IC_EF_CLIMATE_BIOGENIC,0.00E+00,
da174fac-e567-42d3-99b5-a688913dc88e,IC_EF_CLIMATE_TOTAL,0.00E+00,
eb84226d-129f-49d8-8d69-cc484b7a6cbf,IC_EF_LAND_USE,3.1369E+02,LU
9fcab08d-c0e9-490f-b594-ee023a78d5c7,IC_EF_LAND_USE,9.5722E+01,CA
6d205e19-e6c2-4090-b138-01a1b9326a76,IC_EF_LAND_USE,131,
42378359-15eb-4e60-8f72-b796b9d71e69,IC_EF_LAND_USE,9.8711E+01,NO
6e70f994-480b-4836-a605-5f958a3d7ea4,IC_EF_WATER_USE,4.2950E+01,
9699a63f-c966-43a4-816c-b1fbbf0a3e88,IC_EF_LAND_USE,-2.4680E+02,IN
616ab5c3-116f-4fbb-bc6b-196318afe5be,IC_EF_LAND_USE,2.5643E+02,SK
1729c87c-6556-11dd-ad8b-0800200c9a66,IC_EF_RESOURCE_MINERALS,6.03E-01,
91e86b1f-98b2-433a-8356-cfc2b2b2a7c4,IC_EF_LAND_USE,1.6627E+02,GB
c0143eba-3daf-44ad-8d34-6e1d34128ace,IC_EF_LAND_USE,-8.0172E+01,US
1f30fd77-6556-11dd-ad8b-0800200c9a66,IC_EF_RESOURCE_MINERALS,1.93E-04,
c38ef9cf-ae41-40a8-b018-58d9472c7cfa,IC_EF_LAND_USE,78.2,
9fcab08d-c0e9-490f-b594-ee023a78d5c7,IC_EF_LAND_USE,1.5659E+02,ZA
1729ef88-6556-11dd-ad8b-0800200c9a66,IC_EF_WATER_USE,1.23E+00,LT
848d055d-88c2-4926-9ddd-1671887c4e2f,IC_EF_LAND_USE,6.2644E+01,CA
b0744c5e-9859-470f-99dc-b117be5a32c5,IC_EF_LAND_USE,1.5405E+02,ES
42378359-15eb-4e60-8f72-b796b9d71e69,IC_EF_LAND_USE,2.3255E+02,KR
39f017d4-14b0-44c2-93c6-ed6bf28332a8,IC_EF_LAND_USE,1.5228E+02,FR
848d055d-88c2-4926-9ddd-1671887c4e2f,IC_EF_LAND_USE,2.8246E+02,ID
eb84226d-129f-49d8-8d69-cc484b7a6cbf,IC_EF_LAND_USE,3.0831E+02,MK
6e70f994-480b-4836-a605-5f958a3d7ea4,IC_EF_WATER_USE,1.25E+01,RU
1a00b335-af6e-47db-bc23-012f2c0642ab,IC_EF_LAND_USE,1.1964E+02,BA
933debfd-2aa5-4a35-b07b-2732350ea29c,IC_EF_LAND_USE,1.2063E+02,UA
e412ed0d-8a14-4eea-a9f5-f966517360c0,IC_EF_WATER_USE,4.2950E+01,
fe0acd60-3ddc-11dd-ab5f-0050c2490048,IC_EF_RESOURCE_MINERALS,1.09E-09,
5bd6b1f7-11f8-40d5-ab22-19cadfa38402,IC_EF_LAND_USE,-131,
1729ef88-6556-11dd-ad8b-0800200c9a66,IC_EF_WATER_USE,3.42E+01,MK
42378359-15eb-4e60-8f72-b796b9d71e69,IC_EF_LAND_USE,1.3482E+02,PL
80a0d183-7b74-4497-95f5-8bf25681c32e,IC_EF_LAND_USE,-1.4558E+02,DE
f62266ab-2385-45b1-beb6-cbdbafaeb00b,IC_EF_WATER_USE,1.17E+00,NL
39f017d4-14b0-44c2-93c6-ed6bf28332a8,IC_EF_LAND_USE,1.4021E+02,DE
e29e7755-623d-47fb-b2ac-c0615a1b709f,IC_EF_LAND_USE,-1.4342E+02,LT
503f7e73-748c-4f38-9b87-90805b5d1c38,IC_EF_LAND_USE,-1.3599E+02,CN
b0744c5e-9859-470f-99dc-b117be5a32c5,IC_EF_LAND_USE,207,
28e5f69f-7b2e-4e31-9725-d407b2964b3f,IC_EF_LAND_USE,5.1036E+01,MX
c38ef9cf-ae41-40a8-b018-58d9472c7cfa,IC_EF_LAND_USE,8.5675E+01,FI
b0259a80-eb97-4dee-be0a-d0535a8a9ed4,IC_EF_LAND_USE,2.5851E+02,NL
64faa7b1-e114-497a-b584-f4659e7115e4,IC_EF_LAND_USE,-1.1952E+02,RO
92f1554f-121d-4f07-a1bb-b07cd2f7c2f5,IC_EF_LAND_USE,2.5337E+02,EE
e29e7755-623d-47fb-b2ac-c0615a1b709f,IC_EF_LAND_USE,-5.5662E+01,MX
9fcab08d-c0e9-490f-b594-ee023a78d5c7,IC_EF_LAND_USE,1.4078E+02,US
933debfd-2aa5-4a35-b07b-2732350ea29c,IC_EF_LAND_USE,2.3651E+02,AT
9699a63f-c966-43a4-816c-b1fbbf0a3e88,IC_EF_LAND_USE,-9.4179E+01,SE
5ba8d644-c1bb-410b-9bf4-e5f969efb078,IC_EF_LAND_USE,-101,
1729ef88-6556-11dd-ad8b-0800200c9a66,IC_EF_WATER_USE,4.24E+01,CN
64faa7b1-e114-497a-b584-f4659e7115e4,IC_EF_LAND_USE,-1.1957E+02,CN
4d9a8790-3ddd-11dd-96cb-0050c2490048,IC_EF_RESOURCE_MINERALS,6.04E-06,
fe0acd60-3ddc-11dd-a6fa-0050c2490048,IC_EF_RESOURCE_FOSSILS,1.00E+00,
32e9ce57-5c64-44fe-ba5f-e29adb467eb7,IC_EF_LAND_USE,-1.4558E+02,DE
1a00b335-af6e-47db-bc23-012f2c0642ab,IC_EF_LAND_USE,1.1951E+02,EE
9699a63f-c966-43a4-816c-b1fbbf0a3e88,IC_EF_LAND_USE,-1.2574E+02,LV
eb84226d-129f-49d8-8d69-cc484b7a6cbf,IC_EF_LAND_USE,3.6014E+02,RS
b6d6d67f-a3c4-4292-93cf-0454339ace53,IC_EF_LAND_USE,-7.3972E+01,MX
1c6a1585-0329-4134-aa24-b0aca0c5af11,IC_EF_LAND_USE,243,
25a53117-7717-41f6-9085-64b1728c9b0d,IC_EF_LAND_USE,-1.1209E+02,CZ
e412ed0d-8a14-4eea-a9f5-f966517360c0,IC_EF_WATER_USE,7.21E+01,AU
f62266ab-2385-45b1-beb6-cbdbafaeb00b,IC_EF_WATER_USE,2.36E+01,ID
933debfd-2aa5-4a35-b07b-2732350ea29c,IC_EF_LAND_USE,4.0499E+02,MY
eb84226d-129f-49d8-8d69-cc484b7a6cbf,IC_EF_LAND_USE,2.3201E+02,RO
97990d8f-aae4-41ea-afb4-c62d2bcfea3b,IC_EF_LAND_USE,1.2761E+02,PL
fe0acd60-3ddc-11dd-ae5a-0050c2490048,IC_EF_WATER_USE,4.41E+00,SE
a687e5df-4694-4151-ba84-0722481d6fdf,IC_EF_LAND_USE,-136,
eb84226d-129f-49d8-8d69-cc484b7a6cbf,IC_EF_LAND_USE,3.1125E+02,MY
f49ad273-9482-453c-8bdb-dadf8751e3ae,IC_EF_LAND_USE,-9.6535E+01,ES
6e70f994-480b-4836-a605-5f958a3d7ea4,IC_EF_WATER_USE,1.64E+00,MY
f62266ab-2385-45b1-beb6-cbdbafaeb00b,IC_EF_WATER_USE,2.17E+00,BR
1a00b335-af6e-47db-bc23-012f2c0642ab,IC_EF_LAND_USE,1.1963E+02,KR
3d6ecf59-2f58-40a9-a385-fcfd8dac0b24,IC_EF_LAND_USE,1.3526E+01,ZA
8af79474-1d57-4251-a878-c2973b2814e6,IC_EF_LAND_USE,1.7445E+02,US
b0744c5e-9859-470f-99dc-b117be5a32c5,IC_EF_LAND_USE,1.2192E+02,TR
9fcab08d-c0e9-490f-b594-ee023a78d5c7,IC_EF_LAND_USE,2.2791E+02,IN
041ff933-6556-11dd-ad8b-0800200c9a66,IC_EF_RESOURCE_MINERALS,1.60E-08,
e29e7755-623d-47fb-b2ac-c0615a1b709f,IC_EF_LAND_USE,-2.0109E+02,IN
9699a63f-c966-43a4-816c-b1fbbf0a3e88,IC_EF_LAND_USE,-3.4686E+02,SL
64faa7b1-e114-497a-b584-f4659e7115e4,IC_EF_LAND_USE,-1.1953E+02,DK
64faa7b1-e114-497a-b584-f4659e7115e4,IC_EF_LAND_USE,-5.0897E+01,CA
87334803-fa5b-4c21-b52c-de9d79d806f8,IC_EF_LAND_USE,-1.4557E+02,GB
ceabbb26-5d70-41f2-81bd-c1b096dc0931,IC_EF_LAND_USE,4.0499E+02,MY
9699a63f-c966-43a4-816c-b1fbbf0a3e88,IC_EF_LAND_USE,-1.5124E+02,CZ
42378359-15eb-4e60-8f72-b796b9d71e69,IC_EF_LAND_USE,2.5933E+02,VE
8af79474-1d57-4251-a878-c2973b2814e6,IC_EF_LAND_USE,7.3972E+01,AU
f62266ab-2385-45b1-beb6-cbdbafaeb00b,IC_EF_WATER_USE,3.64E+01,ZA
616ab5c3-116f-4fbb-bc6b-196318afe5be,IC_EF_LAND_USE,1.5223E+02,NO
25a53117-7717-41f6-9085-64b1728c9b0d,IC_EF_LAND_USE,-1.1209E+02,IT
91e86b1f-98b2-433a-8356-cfc2b2b2a7c4,IC_EF_LAND_USE,1.4558E+02,DE
e412ed0d-8a14-4eea-a9f5-f966517360c0,IC_EF_WATER_USE,4.71E+01,AR
1729ef88-6556-11dd-ad8b-0800200c9a66,IC_EF_WATER_USE,3.34E+01,MX
1729ef88-6556-11dd-ad8b-0800200c9a66,IC_EF_WATER_USE,7.77E+01,ES
848d055d-88c2-4926-9ddd-1671887c4e2f,IC_EF_LAND_USE,1.6443E+02,CZ
6d205e19-e6c2-4090-b138-01a1b9326a76,IC_EF_LAND_USE,9.6535E+01,ES
1729ef88-6556-11dd-ad8b-0800200c9a66,IC_EF_WATER_USE,3.38E+01,US
aeea42cc-4215-465f-981f-ae2ab387fbb9,IC_EF_LAND_USE,-1.2628E+02,PL
64faa7b1-e114-497a-b584-f4659e7115e4,IC_EF_LAND_USE,-1.1963E+02,KR
616ab5c3-116f-4fbb-bc6b-196318afe5be,IC_EF_LAND_USE,3.3861E+02,NZ
e412ed0d-8a14-4eea-a9f5-f966517360c0,IC_EF_WATER_USE,3.38E+01,US
616ab5c3-116f-4fbb-bc6b-196318afe5be,IC_EF_LAND_USE,1.4078E+02,US
848d055d-88c2-4926-9ddd-1671887c4e2f,IC_EF_LAND_USE,1.1689E+02,MK
9db48d2d-17e8-4b4c-b439-2aab1c3d80f2,IC_EF_LAND_USE,-1.5706E+02,ES
25a53117-7717-41f6-9085-64b1728c9b0d,IC_EF_LAND_USE,-6.6024E+01,ES
92f1554f-121d-4f07-a1bb-b07cd2f7c2f5,IC_EF_LAND_USE,3.1985E+02,ID
8db68d81-3998-4b52-af19-2beb2ac9a98e,IC_EF_LAND_USE,8.5675E+01,RU
eb84226d-129f-49d8-8d69-cc484b7a6cbf,IC_EF_LAND_USE,4.2047E+02,BE
1a00b335-af6e-47db-bc23-012f2c0642ab,IC_EF_LAND_USE,7.3972E+01,GR
92f1554f-121d-4f07-a1bb-b07cd2f7c2f5,IC_EF_LAND_USE,2.7184E+02,DK
1729ef88-6556-11dd-ad8b-0800200c9a66,IC_EF_WATER_USE,1.37E+01,RS
1f308830-6556-11dd-ad8b-0800200c9a66,IC_EF_RESOURCE_MINERALS,7.07E-07,
eb84226d-129f-49d8-8d69-cc484b7a6cbf,IC_EF_LAND_USE,3.1143E+02,ID
e412ed0d-8a14-4eea-a9f5-f966517360c0,IC_EF_WATER_USE,4.49E+01,IT
b0744c5e-9859-470f-99dc-b117be5a32c5,IC_EF_LAND_USE,3.9744E+02,NZ
97990d8f-aae4-41ea-afb4-c62d2bcfea3b,IC_EF_LAND_USE,131,
1a00b335-af6e-47db-bc23-012f2c0642ab,IC_EF_LAND_USE,1.3716E+02,SL
ceabbb26-5d70-41f2-81bd-c1b096dc0931,IC_EF_LAND_USE,131,
25a53117-7717-41f6-9085-64b1728c9b0d,IC_EF_LAND_USE,-71,
ac0aba5c-66ce-42c9-9f46-1e47ab7bc4b9,IC_EF_LAND_USE,-1.0318E+02,TH
32e9ce57-5c64-44fe-ba5f-e29adb467eb7,IC_EF_LAND_USE,-1.9057E+02,CL
eb84226d-129f-49d8-8d69-cc484b7a6cbf,IC_EF_LAND_USE,2.9453E+02,TH
fe0acd60-3ddc-11dd-ae5a-0050c2490048,IC_EF_WATER_USE,3.38E+01,US
e412ed0d-8a14-4eea-a9f5-f966517360c0,IC_EF_WATER_USE,4.24E+01,CN
42378359-15eb-4e60-8f72-b796b9d71e69,IC_EF_LAND_USE,1.9118E+02,LU
ac0aba5c-66ce-42c9-9f46-1e47ab7bc4b9,IC_EF_LAND_USE,-1.0318E+02,VE
1a00b335-af6e-47db-bc23-012f2c0642ab,IC_EF_LAND_USE,1.1987E+02,IT
fae48449-451a-4d3c-b2fd-fc9102913b95,IC_EF_LAND_USE,1.0298E+02,SE
d4008b63-fb71-4e00-bfda-3528c9c7e40d,IC_EF_LAND_USE,-1.1465E+02,LV
67055318-bad9-420f-ae31-9ba54456518d,IC_EF_LAND_USE,-141,
848d055d-88c2-4926-9ddd-1671887c4e2f,IC_EF_LAND_USE,1.0878E+02,SE
503f7e73-748c-4f38-9b87-90805b5d1c38,IC_EF_LAND_USE,-1.3679E+02,RO
25a53117-7717-41f6-9085-64b1728c9b0d,IC_EF_LAND_USE,-1.1209E+02,KR
aeea42cc-4215-465f-981f-ae2ab387fbb9,IC_EF_LAND_USE,-1.3714E+02,DE
b0744c5e-9859-470f-99dc-b117be5a32c5,IC_EF_LAND_USE,2.6927E+02,SK
f6225b5f-b9cf-4c88-82d2-a578e1ce5e42,IC_EF_LAND_USE,9.9824E+01,ES
e29e7755-623d-47fb-b2ac-c0615a1b709f,IC_EF_LAND_USE,-2.8144E+02,SL
64faa7b1-e114-497a-b584-f4659e7115e4,IC_EF_LAND_USE,-5.0764E+01,US
933debfd-2aa5-4a35-b07b-2732350ea29c,IC_EF_LAND_USE,1.5179E+02,CN
80a0d183-7b74-4497-95f5-8bf25681c32e,IC_EF_LAND_USE,-1.2379E+02,HU
616ab5c3-116f-4fbb-bc6b-196318afe5be,IC_EF_LAND_USE,3.0602E+02,CO
1a00b335-af6e-47db-bc23-012f2c0642ab,IC_EF_LAND_USE,1.1958E+02,CZ
f62266ab-2385-45b1-beb6-cbdbafaeb00b,IC_EF_WATER_USE,7.82E+00,PH
d4008b63-fb71-4e00-bfda-3528c9c7e40d,IC_EF_LAND_USE,-8.5675E+01,FI
25a53117-7717-41f6-9085-64b1728c9b0d,IC_EF_LAND_USE,-8.1397E+01,FI
68f57e2a-2909-423c-ad8e-6a695f59a48f,IC_EF_LAND_USE,207,
f62266ab-2385-45b1-beb6-cbdbafaeb00b,IC_EF_WATER_USE,4.2950E+01,
1f31999a-6556-11dd-ad8b-0800200c9a66,IC_EF_RESOURCE_MINERALS,4.07E+01,
64faa7b1-e114-497a-b584-f4659e7115e4,IC_EF_LAND_USE,-7.9615E+01,AR
f210f08e-7377-49b2-bed9-7e420a951ae9,IC_EF_LAND_USE,1.2199E+02,ID
8af79474-1d57-4251-a878-c2973b2814e6,IC_EF_LAND_USE,250,
3b9ccd9f-1dd3-48ad-b444-b08fb5a63a89,IC_EF_LAND_USE,1.4021E+02,DE
1a00b335-af6e-47db-bc23-012f2c0642ab,IC_EF_LAND_USE,1.3625E+02,BR
933debfd-2aa5-4a35-b07b-2732350ea29c,IC_EF_LAND_USE,1.5129E+02,FR
aeea42cc-4215-465f-981f-ae2ab387fbb9,IC_EF_LAND_USE,-8.9957E+01,ES
fae48449-451a-4d3c-b2fd-fc9102913b95,IC_EF_LAND_USE,1.8014E+02,IN
f210f08e-7377-49b2-bed9-7e420a951ae9,IC_EF_LAND_USE,1.0356E+02,TH
e29e7755-623d-47fb-b2ac-c0615a1b709f,IC_EF_LAND_USE,-1.3121E+02,HU
f62266ab-2385-45b1-beb6-cbdbafaeb00b,IC_EF_WATER_USE,1.30E+00,SK
e412ed0d-8a14-4eea-a9f5-f966517360c0,IC_EF_WATER_USE,6.98E+00,FR
d0c20793-3df9-44d3-9c84-5fb6feedcd12,IC_EF_LAND_USE,-1.5179E+02,CN
1a00b335-af6e-47db-bc23-012f2c0642ab,IC_EF_LAND_USE,1.1954E+02,IE
1a00b335-af6e-47db-bc23-012f2c0642ab,IC_EF_LAND_USE,1.1952E+02,HU
d4008b63-fb71-4e00-bfda-3528c9c7e40d,IC_EF_LAND_USE,-1.2706E+02,BE
e412ed0d-8a14-4eea-a9f5-f966517360c0,IC_EF_WATER_USE,7.82E+00,PH
fae48449-451a-4d3c-b2fd-fc9102913b95,IC_EF_LAND_USE,7.8922E+01,ZA
eb84226d-129f-49d8-8d69-cc484b7a6cbf,IC_EF_LAND_USE,2.3853E+02,ZA
a687e5df-4694-4151-ba84-0722481d6fdf,IC_EF_LAND_USE,-1.3000E+02,RO
9699a63f-c966-43a4-816c-b1fbbf0a3e88,IC_EF_LAND_USE,-1.2698E+02,DK
8af79474-1d57-4251-a878-c2973b2814e6,IC_EF_LAND_USE,1.0114E+02,ZA
e29e7755-623d-47fb-b2ac-c0615a1b709f,IC_EF_LAND_USE,-1.3394E+02,PL
f62266ab-2385-45b1-beb6-cbdbafaeb00b,IC_EF_WATER_USE,1.37E+01,RS
fe0acd60-3ddc-11dd-a6f9-0050c2490048,IC_EF_RESOURCE_FOSSILS,1.00E+00,
848d055d-88c2-4926-9ddd-1671887c4e2f,IC_EF_LAND_USE,1.3992E+02,DK
933debfd-2aa5-4a35-b07b-2732350ea29c,IC_EF_LAND_USE,1.2210E+02,HU
92f1554f-121d-4f07-a1bb-b07cd2f7c2f5,IC_EF_LAND_USE,2.8150E+02,LT
522f6ba8-5914-4f91-a198-a0da9aab707d,IC_EF_LAND_USE,-2.8375E+01,MX
fae48449-451a-4d3c-b2fd-fc9102913b95,IC_EF_LAND_USE,2.1026E+02,BR
87334803-fa5b-4c21-b52c-de9d79d806f8,IC_EF_LAND_USE,-1.5179E+02,CN
28e5f69f-7b2e-4e31-9725-d407b2964b3f,IC_EF_LAND_USE,4.0499E+02,MY
64faa7b1-e114-497a-b584-f4659e7115e4,IC_EF_LAND_USE,-1.1952E+02,NL
eb84226d-129f-49d8-8d69-cc484b7a6cbf,IC_EF_LAND_USE,3.4952E+02,PT
25a53117-7717-41f6-9085-64b1728c9b0d,IC_EF_LAND_USE,-1.1209E+02,LU
2f8cc78f-7f63-4b5c-9010-70a847737d23,IC_EF_LAND_USE,2.4546E+02,SE
87334803-fa5b-4c21-b52c-de9d79d806f8,IC_EF_LAND_USE,-1.3918E+02,DE
e412ed0d-8a14-4eea-a9f5-f966517360c0,IC_EF_WATER_USE,2.36E+01,ID
64faa7b1-e114-497a-b584-f4659e7115e4,IC_EF_LAND_USE,-1.2221E+02,NZ
616ab5c3-116f-4fbb-bc6b-196318afe5be,IC_EF_LAND_USE,8.1884E+01,KZ
8db68d81-3998-4b52-af19-2beb2ac9a98e,IC_EF_LAND_USE,1.1636E+02,LT
b0259a80-eb97-4dee-be0a-d0535a8a9ed4,IC_EF_LAND_USE,4.2051E+02,BE
e412ed0d-8a14-4eea-a9f5-f966517360c0,IC_EF_WATER_USE,9.53E+00,NZ
92f1554f-121d-4f07-a1bb-b07cd2f7c2f5,IC_EF_LAND_USE,4.3682E+02,BE
503f7e73-748c-4f38-9b87-90805b5d1c38,IC_EF_LAND_USE,-1.4558E+02,DE
848d055d-88c2-4926-9ddd-1671887c4e2f,IC_EF_LAND_USE,2.3974E+02,TH
ac0aba5c-66ce-42c9-9f46-1e47ab7bc4b9,IC_EF_LAND_USE,-63.6,
39f017d4-14b0-44c2-93c6-ed6bf28332a8,IC_EF_LAND_USE,1.4617E+02,GB
8db68d81-3998-4b52-af19-2beb2ac9a98e,IC_EF_LAND_USE,1.1465E+02,HU
f6225b5f-b9cf-4c88-82d2-a578e1ce5e42,IC_EF_LAND_USE,2.5668E+02,BR
1729ef88-6556-11dd-ad8b-0800200c9a66,IC_EF_WATER_USE,3.54E+00,DK
9699a63f-c966-43a4-816c-b1fbbf0a3e88,IC_EF_LAND_USE,-3.1743E+02,LK
91e86b1f-98b2-433a-8356-cfc2b2b2a7c4,IC_EF_LAND_USE,7.3972E+01,ES
848d055d-88c2-4926-9ddd-1671887c4e2f,IC_EF_LAND_USE,2.3784E+02,BR
25a53117-7717-41f6-9085-64b1728c9b0d,IC_EF_LAND_USE,-1.1209E+02,CN
f210f08e-7377-49b2-bed9-7e420a951ae9,IC_EF_LAND_USE,3.5841E+01,US
25a53117-7717-41f6-9085-64b1728c9b0d,IC_EF_LAND_USE,-1.1060E+02,IN
25a53117-7717-41f6-9085-64b1728c9b0d,IC_EF_LAND_USE,-1.2842E+02,BR
87334803-fa5b-4c21-b52c-de9d79d806f8,IC_EF_LAND_USE,-1.2210E+02,HU
1729ef88-6556-11dd-ad8b-0800200c9a66,IC_EF_WATER_USE,6.79E-01,CO
2f8cc78f-7f63-4b5c-9010-70a847737d23,IC_EF_LAND_USE,2.9474E+02,IN
42378359-15eb-4e60-8f72-b796b9d71e69,IC_EF_LAND_USE,1.4158E+02,EE
f62266ab-2385-45b1-beb6-cbdbafaeb00b,IC_EF_WATER_USE,1.34E+00,CH
25a53117-7717-41f6-9085-64b1728c9b0d,IC_EF_LAND_USE,-1.1209E+02,PL
8db68d81-3998-4b52-af19-2beb2ac9a98e,IC_EF_LAND_USE,1.1638E+02,PL
aa9dc400-929f-48c8-86c6-628f34a0efa3,IC_EF_LAND_USE,1.3918E+02,DE
fe0acd60-3ddc-11dd-aac3-0050c2490048,IC_EF_RESOURCE_MINERALS,2.02E-09,
e29e7755-623d-47fb-b2ac-c0615a1b709f,IC_EF_LAND_USE,-1.2124E+02,GR
6f4ecdc5-0cf7-430b-9c66-8efe4113b2a2,IC_EF_LAND_USE,136,
64faa7b1-e114-497a-b584-f4659e7115e4,IC_EF_LAND_USE,-8.8822E+01,SE
fe0acd60-3ddc-11dd-a7c1-0050c2490048,IC_EF_RESOURCE_MINERALS,2.50E-02,
eb84226d-129f-49d8-8d69-cc484b7a6cbf,IC_EF_LAND_USE,2.9474E+02,IN
eb84226d-129f-49d8-8d69-cc484b7a6cbf,IC_EF_LAND_USE,4.0157E+02,SK
b0744c5e-9859-470f-99dc-b117be5a32c5,IC_EF_LAND_USE,1.7921E+02,MK
d4008b63-fb71-4e00-bfda-3528c9c7e40d,IC_EF_LAND_USE,-8.5675E+01,SE
933debfd-2aa5-4a35-b07b-2732350ea29c,IC_EF_LAND_USE,8.5978E+01,ZA
e29e7755-623d-47fb-b2ac-c0615a1b709f,IC_EF_LAND_USE,-1.3992E+02,DK
e412ed0d-8a14-4eea-a9f5-f966517360c0,IC_EF_WATER_USE,7.82E+00,TH
e412ed0d-8a14-4eea-a9f5-f966517360c0,IC_EF_WATER_USE,5.26E+01,KZ
25a53117-7717-41f6-9085-64b1728c9b0d,IC_EF_LAND_USE,-1.1209E+02,UA
9699a63f-c966-43a4-816c-b1fbbf0a3e88,IC_EF_LAND_USE,-1.0227E+02,MK
848d055d-88c2-4926-9ddd-1671887c4e2f,IC_EF_LAND_USE,1.9181E+02,GB
eb84226d-129f-49d8-8d69-cc484b7a6cbf,IC_EF_LAND_USE,3.1194E+02,SL
91e86b1f-98b2-433a-8356-cfc2b2b2a7c4,IC_EF_LAND_USE,1.7494E+02,IE
1729ef88-6556-11dd-ad8b-0800200c9a66,IC_EF_WATER_USE,1.97E+00,EE
1a00b335-af6e-47db-bc23-012f2c0642ab,IC_EF_LAND_USE,7.3581E+01,ES
e412ed0d-8a14-4eea-a9f5-f966517360c0,IC_EF_WATER_USE,1.37E+01,RS
91e86b1f-98b2-433a-8356-cfc2b2b2a7c4,IC_EF_LAND_USE,98.7,
1729ef88-6556-11dd-ad8b-0800200c9a66,IC_EF_WATER_USE,1.94E+00,FI
e412ed0d-8a14-4eea-a9f5-f966517360c0,IC_EF_WATER_USE,7.77E+01,ES
e29e7755-623d-47fb-b2ac-c0615a1b709f,IC_EF_LAND_USE,-1.0878E+02,SE
08a91e70-3ddc-11dd-9f78-0050c2490048,IC_EF_RESOURCE_MINERALS,4.43E-04,
e412ed0d-8a14-4eea-a9f5-f966517360c0,IC_EF_WATER_USE,3.42E+01,MK
80a0d183-7b74-4497-95f5-8bf25681c32e,IC_EF_LAND_USE,-9.8031E+01,SE
52a7fc6d-de3b-4348-9ef2-11b119da6c98,IC_EF_LAND_USE,-134,
25a53117-7717-41f6-9085-64b1728c9b0d,IC_EF_LAND_USE,-1.2842E+02,LK
d4008b63-fb71-4e00-bfda-3528c9c7e40d,IC_EF_LAND_USE,-1.2711E+02,SK
616ab5c3-116f-4fbb-bc6b-196318afe5be,IC_EF_LAND_USE,1.9648E+02,DE
e412ed0d-8a14-4eea-a9f5-f966517360c0,IC_EF_WATER_USE,1.16E+00,BA
933debfd-2aa5-4a35-b07b-2732350ea29c,IC_EF_LAND_USE,1.7700E+02,NG
616ab5c3-116f-4fbb-bc6b-196318afe5be,IC_EF_LAND_USE,1.8188E+02,MK
9699a63f-c966-43a4-816c-b1fbbf0a3e88,IC_EF_LAND_USE,-1.5129E+02,FR
eb84226d-129f-49d8-8d69-cc484b7a6cbf,IC_EF_LAND_USE,2.3399E+02,AR
651df0ec-3468-4453-aa11-dc197034517f,IC_EF_LAND_USE,-1.3526E+01,ZA
64faa7b1-e114-497a-b584-f4659e7115e4,IC_EF_LAND_USE,-1.1954E+02,IE
b0744c5e-9859-470f-99dc-b117be5a32c5,IC_EF_LAND_USE,1.8278E+02,AR
1a00b335-af6e-47db-bc23-012f2c0642ab,IC_EF_LAND_USE,1.1952E+02,RO
25a53117-7717-41f6-9085-64b1728c9b0d,IC_EF_LAND_USE,-7.2114E+01,AR
e412ed0d-8a14-4eea-a9f5-f966517360c0,IC_EF_WATER_USE,3.34E+01,MX
848d055d-88c2-4926-9ddd-1671887c4e2f,IC_EF_LAND_USE,2.2243E+02,BA
f62266ab-2385-45b1-beb6-cbdbafaeb00b,IC_EF_WATER_USE,1.36E+00,DE
92f1554f-121d-4f07-a1bb-b07cd2f7c2f5,IC_EF_LAND_USE,2.6052E+02,SE
87334803-fa5b-4c21-b52c-de9d79d806f8,IC_EF_LAND_USE,-1.5032E+02,BG
c0143eba-3daf-44ad-8d34-6e1d34128ace,IC_EF_LAND_USE,-2.2229E+02,IN
a687e5df-4694-4151-ba84-0722481d6fdf,IC_EF_LAND_USE,-1.2828E+02,PL
f62266ab-2385-45b1-beb6-cbdbafaeb00b,IC_EF_WATER_USE,7.82E+00,TH
9699a63f-c966-43a4-816c-b1fbbf0a3e88,IC_EF_LAND_USE,-131,
eb84226d-129f-49d8-8d69-cc484b7a6cbf,IC_EF_LAND_USE,2.9436E+02,VE
e412ed0d-8a14-4eea-a9f5-f966517360c0,IC_EF_WATER_USE,4.96E+01,PT
519bd467-de3e-49eb-be1f-504323399437,IC_EF_LAND_USE,1.7445E+02,US
42378359-15eb-4e60-8f72-b796b9d71e69,IC_EF_LAND_USE,2.4442E+02,CL
d4b314f8-1a50-45bf-b139-79dca87d197f,IC_EF_LAND_USE,-4.5056E+01,AU
f62266ab-2385-45b1-beb6-cbdbafaeb00b,IC_EF_WATER_USE,6.98E+00,FR
9699a63f-c966-43a4-816c-b1fbbf0a3e88,IC_EF_LAND_USE,-4.1048E+01,AU
64faa7b1-e114-497a-b584-f4659e7115e4,IC_EF_LAND_USE,-1.1954E+02,GB
87334803-fa5b-4c21-b52c-de9d79d806f8,IC_EF_LAND_USE,-1.5129E+02,FR
c38ef9cf-ae41-40a8-b018-58d9472c7cfa,IC_EF_LAND_USE,1.1465E+02,LV
b0744c5e-9859-470f-99dc-b117be5a32c5,IC_EF_LAND_USE,7.8875E+01,AU
80a0d183-7b74-4497-95f5-8bf25681c32e,IC_EF_LAND_USE,-1.3848E+02,CZ
9c15ac25-4ac3-454c-8104-4d10cfba9376,IC_EF_LAND_USE,-1.2100E+02,BR
9db48d2d-17e8-4b4c-b439-2aab1c3d80f2,IC_EF_LAND_USE,-2.3272E+02,BG
8af79474-1d57-4251-a878-c2973b2814e6,IC_EF_LAND_USE,1.4159E+02,TR
b0744c5e-9859-470f-99dc-b117be5a32c5,IC_EF_LAND_USE,1.2110E+02,MX
42378359-15eb-4e60-8f72-b796b9d71e69,IC_EF_LAND_USE,4.8137E+01,AU
933debfd-2aa5-4a35-b07b-2732350ea29c,IC_EF_LAND_USE,1.2574E+02,LV
9c15ac25-4ac3-454c-8104-4d10cfba9376,IC_EF_LAND_USE,-1.0318E+02,IN
c38ef9cf-ae41-40a8-b018-58d9472c7cfa,IC_EF_LAND_USE,1.1639E+02,DE
64faa7b1-e114-497a-b584-f4659e7115e4,IC_EF_LAND_USE,-1.1952E+02,HU
92f1554f-121d-4f07-a1bb-b07cd2f7c2f5,IC_EF_LAND_USE,4.3483E+02,NZ
92f1554f-121d-4f07-a1bb-b07cd2f7c2f5,IC_EF_LAND_USE,4.3661E+02,AT
fae48449-451a-4d3c-b2fd-fc9102913b95,IC_EF_LAND_USE,5.6152E+01,CA
42378359-15eb-4e60-8f72-b796b9d71e69,IC_EF_LAND_USE,2.5023E+02,AT
25a53117-7717-41f6-9085-64b1728c9b0d,IC_EF_LAND_USE,-1.1209E+02,AT
e412ed0d-8a14-4eea-a9f5-f966517360c0,IC_EF_WATER_USE,1.79E+00,CZ
37b2391c-6d90-4ef3-be80-df3d114cface,IC_EF_LAND_USE,-2.5668E+02,BR
25a53117-7717-41f6-9085-64b1728c9b0d,IC_EF_LAND_USE,-1.1209E+02,SK
616ab5c3-116f-4fbb-bc6b-196318afe5be,IC_EF_LAND_USE,1.2326E+02,TR
1a00b335-af6e-47db-bc23-012f2c0642ab,IC_EF_LAND_USE,7.9615E+01,AR
ac0aba5c-66ce-42c9-9f46-1e47ab7bc4b9,IC_EF_LAND_USE,-1.0466E+02,PL
1729ef88-6556-11dd-ad8b-0800200c9a66,IC_EF_WATER_USE,8.91E+00,NG
933debfd-2aa5-4a35-b07b-2732350ea29c,IC_EF_LAND_USE,5.1102E+01,MX
92f1554f-121d-4f07-a1bb-b07cd2f7c2f5,IC_EF_LAND_USE,2.1347E+02,UA
1729ef88-6556-11dd-ad8b-0800200c9a66,IC_EF_WATER_USE,9.17E-01,SI
9699a63f-c966-43a4-816c-b1fbbf0a3e88,IC_EF_LAND_USE,-5.0171E+01,KZ
c38ef9cf-ae41-40a8-b018-58d9472c7cfa,IC_EF_LAND_USE,1.1465E+02,HU
8348ce0c-3dcf-4425-8336-04d6c5619e4d,IC_EF_LAND_USE,101,
937d6042-bb74-4425-888f-86e8d64c7875,IC_EF_LAND_USE,131,
f6637a0f-6f2e-4426-9ebc-6cbdbab1bd5f,IC_EF_LAND_USE,124,
8db68d81-3998-4b52-af19-2beb2ac9a98e,IC_EF_LAND_USE,7.0368E+01,ES
9699a63f-c966-43a4-816c-b1fbbf0a3e88,IC_EF_LAND_USE,-1.5454E+02,BE
a687e5df-4694-4151-ba84-0722481d6fdf,IC_EF_LAND_USE,-1.4021E+02,DE
c38ef9cf-ae41-40a8-b018-58d9472c7cfa,IC_EF_LAND_USE,1.2711E+02,SK
eb84226d-129f-49d8-8d69-cc484b7a6cbf,IC_EF_LAND_USE,1.5432E+02,CA
fe0acd60-3ddc-11dd-9e5c-0050c2490048,IC_EF_RESOURCE_MINERALS,2.54E-06,
08a91e70-3ddc-11dd-96d1-0050c2490048,IC_EF_RESOURCE_MINERALS,6.53E-05,
87334803-fa5b-4c21-b52c-de9d79d806f8,IC_EF_LAND_USE,-2.4680E+02,IN
eb84226d-129f-49d8-8d69-cc484b7a6cbf,IC_EF_LAND_USE,3.1373E+02,GB
e412ed0d-8a14-4eea-a9f5-f966517360c0,IC_EF_WATER_USE,8.97E-01,JP
d7c58737-6937-4ba9-bd00-c5df908cc9aa,IC_EF_LAND_USE,8.7543E+01,US
80a0d183-7b74-4497-95f5-8bf25681c32e,IC_EF_LAND_USE,-1.3195E+02,LT
92f1554f-121d-4f07-a1bb-b07cd2f7c2f5,IC_EF_LAND_USE,4.2166E+02,SK
d4008b63-fb71-4e00-bfda-3528c9c7e40d,IC_EF_LAND_USE,-1.1465E+02,EE
041f5cea-6556-11dd-ad8b-0800200c9a66,IC_EF_RESOURCE_MINERALS,5.52E-06,
42378359-15eb-4e60-8f72-b796b9d71e69,IC_EF_LAND_USE,2.0087E+02,BE
1a00b335-af6e-47db-bc23-012f2c0642ab,IC_EF_LAND_USE,7.8026E+01,ZA
fe0acd60-3ddc-11dd-ae5a-0050c2490048,IC_EF_WATER_USE,4.2950E+01,
e412ed0d-8a14-4eea-a9f5-f966517360c0,IC_EF_WATER_USE,3.64E+01,ZA
1729ef88-6556-11dd-ad8b-0800200c9a66,IC_EF_WATER_USE,9.26E-01,SG
1a00b335-af6e-47db-bc23-012f2c0642ab,IC_EF_LAND_USE,1.1951E+02,LV
39f017d4-14b0-44c2-93c6-ed6bf28332a8,IC_EF_LAND_USE,1.3000E+02,RO
651df0ec-3468-4453-aa11-dc197034517f,IC_EF_LAND_USE,-55.4,
9699a63f-c966-43a4-816c-b1fbbf0a3e88,IC_EF_LAND_USE,-1.4640E+02,GR
c38ef9cf-ae41-40a8-b018-58d9472c7cfa,IC_EF_LAND_USE,1.2707E+02,CN
519bd467-de3e-49eb-be1f-504323399437,IC_EF_LAND_USE,2.0885E+02,CN
e29e7755-623d-47fb-b2ac-c0615a1b709f,IC_EF_LAND_USE,-1.0427E+02,RU
1a00b335-af6e-47db-bc23-012f2c0642ab,IC_EF_LAND_USE,1.1955E+02,BE
e29e7755-623d-47fb-b2ac-c0615a1b709f,IC_EF_LAND_USE,-1.5071E+02,RO
f62266ab-2385-45b1-beb6-cbdbafaeb00b,IC_EF_WATER_USE,1.66E+00,KR
2f8cc78f-7f63-4b5c-9010-70a847737d23,IC_EF_LAND_USE,1.5432E+02,CA
9699a63f-c966-43a4-816c-b1fbbf0a3e88,IC_EF_LAND_USE,-1.2992E+02,RO
64faa7b1-e114-497a-b584-f4659e7115e4,IC_EF_LAND_USE,-1.1962E+02,BG
42378359-15eb-4e60-8f72-b796b9d71e69,IC_EF_LAND_USE,2.6355E+02,SI
ca6db37c-1592-4468-8a0f-ec35ca8b5c76,IC_EF_LAND_USE,-55.4,
42378359-15eb-4e60-8f72-b796b9d71e69,IC_EF_LAND_USE,1.8321E+02,RS
25a53117-7717-41f6-9085-64b1728c9b0d,IC_EF_LAND_USE,-1.2842E+02,PH
b0744c5e-9859-470f-99dc-b117be5a32c5,IC_EF_LAND_USE,4.2292E+02,PH
e412ed0d-8a14-4eea-a9f5-f966517360c0,IC_EF_WATER_USE,2.56E+01,BG
eb84226d-129f-49d8-8d69-cc484b7a6cbf,IC_EF_LAND_USE,4.2037E+02,CL
e412ed0d-8a14-4eea-a9f5-f966517360c0,IC_EF_WATER_USE,1.94E+00,FI
616ab5c3-116f-4fbb-bc6b-196318afe5be,IC_EF_LAND_USE,1.6691E+02,NL
848d055d-88c2-4926-9ddd-1671887c4e2f,IC_EF_LAND_USE,9.0884E+01,AR
2f8cc78f-7f63-4b5c-9010-70a847737d23,IC_EF_LAND_USE,2.3853E+02,ZA
933debfd-2aa5-4a35-b07b-2732350ea29c,IC_EF_LAND_USE,2.0517E+02,CL
a53128a5-3383-4487-baab-860c4492f6e3,IC_EF_LAND_USE,68.5,
b0259a80-eb97-4dee-be0a-d0535a8a9ed4,IC_EF_LAND_USE,2.6768E+02,US
b6d6d67f-a3c4-4292-93cf-0454339ace53,IC_EF_LAND_USE,-1.7652E+02,ES
f62266ab-2385-45b1-beb6-cbdbafaeb00b,IC_EF_WATER_USE,2.94E+01,IN
a687e5df-4694-4151-ba84-0722481d6fdf,IC_EF_LAND_USE,-9.9824E+01,ES
616ab5c3-116f-4fbb-bc6b-196318afe5be,IC_EF_LAND_USE,1.8378E+02,RO
eb84226d-129f-49d8-8d69-cc484b7a6cbf,IC_EF_LAND_USE,4.1847E+02,NZ
80a0d183-7b74-4497-95f5-8bf25681c32e,IC_EF_LAND_USE,-98.7,
b0259a80-eb97-4dee-be0a-d0535a8a9ed4,IC_EF_LAND_USE,2.0826E+02,FI
848d055d-88c2-4926-9ddd-1671887c4e2f,IC_EF_LAND_USE,2.8282E+02,MY
1a00b335-af6e-47db-bc23-012f2c0642ab,IC_EF_LAND_USE,1.1965E+02,SK
08a91e70-3ddc-11dd-959a-0050c2490048,IC_EF_RESOURCE_MINERALS,5.24E-08,
c0143eba-3daf-44ad-8d34-6e1d34128ace,IC_EF_LAND_USE,-121,
2906898f-6556-11dd-ad8b-0800200c9a66,IC_EF_RESOURCE_MINERALS,2.79E-08,
42378359-15eb-4e60-8f72-b796b9d71e69,IC_EF_LAND_USE,6.7247E+01,MX
933debfd-2aa5-4a35-b07b-2732350ea29c,IC_EF_LAND_USE,9.0540E+01,RU
64b1f56c-6556-11dd-ad8b-0800200c9a66,IC_EF_RESOURCE_MINERALS,5.44E-06,
39f017d4-14b0-44c2-93c6-ed6bf28332a8,IC_EF_LAND_USE,136,
b0744c5e-9859-470f-99dc-b117be5a32c5,IC_EF_LAND_USE,2.2709E+02,RS
848d055d-88c2-4926-9ddd-1671887c4e2f,IC_EF_LAND_USE,1.5013E+02,BG
80a0d183-7b74-4497-95f5-8bf25681c32e,IC_EF_LAND_USE,-1.5952E+02,SK
aeea42cc-4215-465f-981f-ae2ab387fbb9,IC_EF_LAND_USE,-1.4870E+02,CN
9699a63f-c966-43a4-816c-b1fbbf0a3e88,IC_EF_LAND_USE,-1.2479E+02,NL
92f1554f-121d-4f07-a1bb-b07cd2f7c2f5,IC_EF_LAND_USE,2.5038E+02,AR
933debfd-2aa5-4a35-b07b-2732350ea29c,IC_EF_LAND_USE,1.5124E+02,CZ
e412ed0d-8a14-4eea-a9f5-f966517360c0,IC_EF_WATER_USE,1.17E+00,NL
503f7e73-748c-4f38-9b87-90805b5d1c38,IC_EF_LAND_USE,-7.3972E+01,ES
25a53117-7717-41f6-9085-64b1728c9b0d,IC_EF_LAND_USE,-1.1209E+02,EE
616ab5c3-116f-4fbb-bc6b-196318afe5be,IC_EF_LAND_USE,1.8297E+02,BG
933debfd-2aa5-4a35-b07b-2732350ea29c,IC_EF_LAND_USE,1.0227E+02,MK
42378359-15eb-4e60-8f72-b796b9d71e69,IC_EF_LAND_USE,2.0308E+02,SK
eb84226d-129f-49d8-8d69-cc484b7a6cbf,IC_EF_LAND_USE,3.2884E+02,VN
d4b314f8-1a50-45bf-b139-79dca87d197f,IC_EF_LAND_USE,-4.3379E+01,MX
f49ad273-9482-453c-8bdb-dadf8751e3ae,IC_EF_LAND_USE,-4.0499E+02,MY
b6d6d67f-a3c4-4292-93cf-0454339ace53,IC_EF_LAND_USE,-3.6710E+02,IT
b0744c5e-9859-470f-99dc-b117be5a32c5,IC_EF_LAND_USE,1.2832E+02,RU
eb84226d-129f-49d8-8d69-cc484b7a6cbf,IC_EF_LAND_USE,2.0146E+02,HU
64faa7b1-e114-497a-b584-f4659e7115e4,IC_EF_LAND_USE,-1.1965E+02,SK
32e9ce57-5c64-44fe-ba5f-e29adb467eb7,IC_EF_LAND_USE,-98.7,
b0744c5e-9859-470f-99dc-b117be5a32c5,IC_EF_LAND_USE,3.0742E+02,IT
848d055d-88c2-4926-9ddd-1671887c4e2f,IC_EF_LAND_USE,7.6009E+01,US
933debfd-2aa5-4a35-b07b-2732350ea29c,IC_EF_LAND_USE,9.1589E+01,FI
848d055d-88c2-4926-9ddd-1671887c4e2f,IC_EF_LAND_USE,9.0269E+01,TR
42378359-15eb-4e60-8f72-b796b9d71e69,IC_EF_LAND_USE,9.1141E+01,TR
e29e7755-623d-47fb-b2ac-c0615a1b709f,IC_EF_LAND_USE,-2.8246E+02,ID
80a0d183-7b74-4497-95f5-8bf25681c32e,IC_EF_LAND_USE,-2.2979E+02,JP
f62266ab-2385-45b1-beb6-cbdbafaeb00b,IC_EF_WATER_USE,4.96E+01,PT
f62266ab-2385-45b1-beb6-cbdbafaeb00b,IC_EF_WATER_USE,2.68E+01,UA
933debfd-2aa5-4a35-b07b-2732350ea29c,IC_EF_LAND_USE,1.5032E+02,BG
503f7e73-748c-4f38-9b87-90805b5d1c38,IC_EF_LAND_USE,-1.3640E+02,BG
64faa7b1-e114-497a-b584-f4659e7115e4,IC_EF_LAND_USE,-1.1955E+02,FR
a687e5df-4694-4151-ba84-0722481d6fdf,IC_EF_LAND_USE,-1.5228E+02,FR
9699a63f-c966-43a4-816c-b1fbbf0a3e88,IC_EF_LAND_USE,-3.8794E+02,ID
e1f89e32-e86c-452d-91bc-57d93ded3d0d,IC_EF_LAND_USE,244,
25a53117-7717-41f6-9085-64b1728c9b0d,IC_EF_LAND_USE,-8.1397E+01,RU
d7c58737-6937-4ba9-bd00-c5df908cc9aa,IC_EF_LAND_USE,1.5129E+02,FR
eb84226d-129f-49d8-8d69-cc484b7a6cbf,IC_EF_LAND_USE,3.1365E+02,JP
f49ad273-9482-453c-8bdb-dadf8751e3ae,IC_EF_LAND_USE,-131,
f62266ab-2385-45b1-beb6-cbdbafaeb00b,IC_EF_WATER_USE,1.25E+01,RU
92f1554f-121d-4f07-a1bb-b07cd2f7c2f5,IC_EF_LAND_USE,2.4949E+02,MX
9699a63f-c966-43a4-816c-b1fbbf0a3e88,IC_EF_LAND_USE,-2.5999E+02,CH
aa9dc400-929f-48c8-86c6-628f34a0efa3,IC_EF_LAND_USE,1.2479E+02,NL
848d055d-88c2-4926-9ddd-1671887c4e2f,IC_EF_LAND_USE,1.3394E+02,PL
39f017d4-14b0-44c2-93c6-ed6bf28332a8,IC_EF_LAND_USE,2.5668E+02,BR
42378359-15eb-4e60-8f72-b796b9d71e69,IC_EF_LAND_USE,2.5660E+02,SG
9c15ac25-4ac3-454c-8104-4d10cfba9376,IC_EF_LAND_USE,-63.6,
64faa7b1-e114-497a-b584-f4659e7115e4,IC_EF_LAND_USE,-7.8026E+01,ZA
80a0d183-7b74-4497-95f5-8bf25681c32e,IC_EF_LAND_USE,-1.2447E+02,PL
848d055d-88c2-4926-9ddd-1671887c4e2f,IC_EF_LAND_USE,8.7125E+01,NO
e412ed0d-8a14-4eea-a9f5-f966517360c0,IC_EF_WATER_USE,7.40E+00,CA
f62266ab-2385-45b1-beb6-cbdbafaeb00b,IC_EF_WATER_USE,9.17E-01,SI
848d055d-88c2-4926-9ddd-1671887c4e2f,IC_EF_LAND_USE,1.4424E+02,LV
92f1554f-121d-4f07-a1bb-b07cd2f7c2f5,IC_EF_LAND_USE,3.6090E+02,NO
dd5923b1-6ff5-4bb2-a37a-20b84727c16a,IC_EF_LAND_USE,-8.8189E+01,RU
aeea42cc-4215-465f-981f-ae2ab387fbb9,IC_EF_LAND_USE,-1.2452E+02,NL
d0c20793-3df9-44d3-9c84-5fb6feedcd12,IC_EF_LAND_USE,-1.5129E+02,FR
1a00b335-af6e-47db-bc23-012f2c0642ab,IC_EF_LAND_USE,1.1951E+02,UA
eb84226d-129f-49d8-8d69-cc484b7a6cbf,IC_EF_LAND_USE,4.2017E+02,CH
d7c58737-6937-4ba9-bd00-c5df908cc9aa,IC_EF_LAND_USE,2.1537E+02,IT
eb84226d-129f-49d8-8d69-cc484b7a6cbf,IC_EF_LAND_USE,2.1933E+02,GR
f62266ab-2385-45b1-beb6-cbdbafaeb00b,IC_EF_WATER_USE,1.96E+00,PL
616ab5c3-116f-4fbb-bc6b-196318afe5be,IC_EF_LAND_USE,2.6594E+02,TH
87334803-fa5b-4c21-b52c-de9d79d806f8,IC_EF_LAND_USE,-9.0540E+01,RU
d0c20793-3df9-44d3-9c84-5fb6feedcd12,IC_EF_LAND_USE,-8.7543E+01,US
aeea42cc-4215-465f-981f-ae2ab387fbb9,IC_EF_LAND_USE,-1.4932E+02,FR
e29e7755-623d-47fb-b2ac-c0615a1b709f,IC_EF_LAND_USE,-9.0884E+01,AR
1729ef88-6556-11dd-ad8b-0800200c9a66,IC_EF_WATER_USE,5.26E+01,KZ
f62266ab-2385-45b1-beb6-cbdbafaeb00b,IC_EF_WATER_USE,4.41E+00,SE
e412ed0d-8a14-4eea-a9f5-f966517360c0,IC_EF_WATER_USE,2.68E+01,UA
eb84226d-129f-49d8-8d69-cc484b7a6cbf,IC_EF_LAND_USE,1.0472E+02,AU
503f7e73-748c-4f38-9b87-90805b5d1c38,IC_EF_LAND_USE,-5.1202E+01,US
64b1ce4a-6556-11dd-ad8b-0800200c9a66,IC_EF_RESOURCE_MINERALS,5.38E-04,
ac0aba5c-66ce-42c9-9f46-1e47ab7bc4b9,IC_EF_LAND_USE,-7.3972E+01,RU
b0744c5e-9859-470f-99dc-b117be5a32c5,IC_EF_LAND_USE,1.8311E+02,DE
d4b314f8-1a50-45bf-b139-79dca87d197f,IC_EF_LAND_USE,-103,
b0744c5e-9859-470f-99dc-b117be5a32c5,IC_EF_LAND_USE,3.3984E+02,BR
25a53117-7717-41f6-9085-64b1728c9b0d,IC_EF_LAND_USE,-1.1209E+02,IE
3e4d2966-6556-11dd-ad8b-0800200c9a66,IC_EF_RESOURCE_FOSSILS,1.00E+00,
f62266ab-2385-45b1-beb6-cbdbafaeb00b,IC_EF_WATER_USE,3.34E+01,MX
39f017d4-14b0-44c2-93c6-ed6bf28332a8,IC_EF_LAND_USE,9.9824E+01,ES
6bcfa2f7-4970-469a-ae70-d1814e8a6bc3,IC_EF_LAND_USE,9.6535E+01,ES
9699a63f-c966-43a4-816c-b1fbbf0a3e88,IC_EF_LAND_USE,-3.1149E+02,TH
933debfd-2aa5-4a35-b07b-2732350ea29c,IC_EF_LAND_USE,1.5454E+02,BE
25a53117-7717-41f6-9085-64b1728c9b0d,IC_EF_LAND_USE,-3.6526E+01,AU
42378359-15eb-4e60-8f72-b796b9d71e69,IC_EF_LAND_USE,1.7595E+02,CZ
b0744c5e-9859-470f-99dc-b117be5a32c5,IC_EF_LAND_USE,2.4115E+02,PT
9db48d2d-17e8-4b4c-b439-2aab1c3d80f2,IC_EF_LAND_USE,-2.6800E+02,US
e412ed0d-8a14-4eea-a9f5-f966517360c0,IC_EF_WATER_USE,1.27E+00,AT
37c63eed-fdfd-4601-9756-7094d4c9f381,IC_EF_LAND_USE,71,
42378359-15eb-4e60-8f72-b796b9d71e69,IC_EF_LAND_USE,1.0970E+02,SE
e29e7755-623d-47fb-b2ac-c0615a1b709f,IC_EF_LAND_USE,-1.6443E+02,CZ
c38ef9cf-ae41-40a8-b018-58d9472c7cfa,IC_EF_LAND_USE,1.1655E+02,IT
e412ed0d-8a14-4eea-a9f5-f966517360c0,IC_EF_WATER_USE,4.41E+00,SE
9699a63f-c966-43a4-816c-b1fbbf0a3e88,IC_EF_LAND_USE,-1.5179E+02,CN
e29e7755-623d-47fb-b2ac-c0615a1b709f,IC_EF_LAND_USE,-1.8331E+02,IT
f210f08e-7377-49b2-bed9-7e420a951ae9,IC_EF_LAND_USE,7.3972E+01,FI
25a53117-7717-41f6-9085-64b1728c9b0d,IC_EF_LAND_USE,-1.1209E+02,LV
ceabbb26-5d70-41f2-81bd-c1b096dc0931,IC_EF_LAND_USE,9.6535E+01,ES
8db68d81-3998-4b52-af19-2beb2ac9a98e,IC_EF_LAND_USE,5.8224E+01,NO
e29e7755-623d-47fb-b2ac-c0615a1b709f,IC_EF_LAND_USE,-2.5779E+02,SG
eb84226d-129f-49d8-8d69-cc484b7a6cbf,IC_EF_LAND_USE,2.4751E+02,EE
e29e7755-623d-47fb-b2ac-c0615a1b709f,IC_EF_LAND_USE,-8.7125E+01,NO
64faa7b1-e114-497a-b584-f4659e7115e4,IC_EF_LAND_USE,-8.8822E+01,FI
d0630a10-a018-4624-b617-ffd63044b522,IC_EF_LAND_USE,103,
1a00b335-af6e-47db-bc23-012f2c0642ab,IC_EF_LAND_USE,1.1955E+02,FR
42378359-15eb-4e60-8f72-b796b9d71e69,IC_EF_LAND_USE,1.3910E+02,DK
ac0aba5c-66ce-42c9-9f46-1e47ab7bc4b9,IC_EF_LAND_USE,-3.6047E+01,CA
92f1554f-121d-4f07-a1bb-b07cd2f7c2f5,IC_EF_LAND_USE,2.4432E+02,GR
42378359-15eb-4e60-8f72-b796b9d71e69,IC_EF_LAND_USE,1.0518E+02,RU
64faa7b1-e114-497a-b584-f4659e7115e4,IC_EF_LAND_USE,-1.1951E+02,EE
c38ef9cf-ae41-40a8-b018-58d9472c7cfa,IC_EF_LAND_USE,1.1465E+02,EE
80a0d183-7b74-4497-95f5-8bf25681c32e,IC_EF_LAND_USE,-2.0601E+02,CH
f62266ab-2385-45b1-beb6-cbdbafaeb00b,IC_EF_WATER_USE,6.79E-01,CO
a205d0e9-cc71-4e4f-8c9f-c62b188321b3,IC_EF_LAND_USE,3.1143E+02,ID
42378359-15eb-4e60-8f72-b796b9d71e69,IC_EF_LAND_USE,1.0239E+02,AR
fe0acd60-3ddc-11dd-a4f3-0050c2490048,IC_EF_RESOURCE_MINERALS,1.57E-05,
b0744c5e-9859-470f-99dc-b117be5a32c5,IC_EF_LAND_USE,1.6815E+02,RO
616ab5c3-116f-4fbb-bc6b-196318afe5be,IC_EF_LAND_USE,8.0303E+01,AU
80a0d183-7b74-4497-95f5-8bf25681c32e,IC_EF_LAND_USE,-1.2967E+02,NL
1729ef88-6556-11dd-ad8b-0800200c9a66,IC_EF_WATER_USE,7.40E+00,CA
eb84226d-129f-49d8-8d69-cc484b7a6cbf,IC_EF_LAND_USE,1.8191E+02,TR
9699a63f-c966-43a4-816c-b1fbbf0a3e88,IC_EF_LAND_USE,-2.1718E+02,SI
aeea42cc-4215-465f-981f-ae2ab387fbb9,IC_EF_LAND_USE,-1.9727E+02,IT
848d055d-88c2-4926-9ddd-1671887c4e2f,IC_EF_LAND_USE,1.3899E+02,NL
9c15ac25-4ac3-454c-8104-4d10cfba9376,IC_EF_LAND_USE,-1.2100E+02,ID
e2fb2bc2-6555-11dd-ad8b-0800200c9a66,IC_EF_RESOURCE_MINERALS,5.71E-01,
f62266ab-2385-45b1-beb6-cbdbafaeb00b,IC_EF_WATER_USE,1.94E+00,FI
e412ed0d-8a14-4eea-a9f5-f966517360c0,IC_EF_WATER_USE,6.84E+01,GR
e412ed0d-8a14-4eea-a9f5-f966517360c0,IC_EF_WATER_USE,1.36E+00,DE
b0744c5e-9859-470f-99dc-b117be5a32c5,IC_EF_LAND_USE,1.6941E+02,PL
92f1554f-121d-4f07-a1bb-b07cd2f7c2f5,IC_EF_LAND_USE,2.5600E+02,RO
42378359-15eb-4e60-8f72-b796b9d71e69,IC_EF_LAND_USE,2.7978E+02,MY
8db68d81-3998-4b52-af19-2beb2ac9a98e,IC_EF_LAND_USE,1.2707E+02,CN
80a0d183-7b74-4497-95f5-8bf25681c32e,IC_EF_LAND_USE,-1.6521E+02,LU
848d055d-88c2-4926-9ddd-1671887c4e2f,IC_EF_LAND_USE,2.8224E+02,CO
b0744c5e-9859-470f-99dc-b117be5a32c5,IC_EF_LAND_USE,3.2739E+02,IN
e29e7755-623d-47fb-b2ac-c0615a1b709f,IC_EF_LAND_USE,-1.7166E+02,RS
848d055d-88c2-4926-9ddd-1671887c4e2f,IC_EF_LAND_USE,1.5071E+02,RO
519bd467-de3e-49eb-be1f-504323399437,IC_EF_LAND_USE,1.4159E+02,TR
92f1554f-121d-4f07-a1bb-b07cd2f7c2f5,IC_EF_LAND_USE,2.0866E+02,RU
37b2391c-6d90-4ef3-be80-df3d114cface,IC_EF_LAND_USE,-9.1228E+01,US
e412ed0d-8a14-4eea-a9f5-f966517360c0,IC_EF_WATER_USE,5.56E+01,TR
25a53117-7717-41f6-9085-64b1728c9b0d,IC_EF_LAND_USE,-1.1209E+02,NL
1729ef88-6556-11dd-ad8b-0800200c9a66,IC_EF_WATER_USE,1.37E+00,BE
e412ed0d-8a14-4eea-a9f5-f966517360c0,IC_EF_WATER_USE,3.54E+00,DK
39f017d4-14b0-44c2-93c6-ed6bf28332a8,IC_EF_LAND_USE,2.2441E+02,IT
1a00b335-af6e-47db-bc23-012f2c0642ab,IC_EF_LAND_USE,5.0764E+01,US
933debfd-2aa5-4a35-b07b-2732350ea29c,IC_EF_LAND_USE,3.4686E+02,SL
f210f08e-7377-49b2-bed9-7e420a951ae9,IC_EF_LAND_USE,5.9029E+01,PT
28e5f69f-7b2e-4e31-9725-d407b2964b3f,IC_EF_LAND_USE,8.5978E+01,ZA
25a53117-7717-41f6-9085-64b1728c9b0d,IC_EF_LAND_USE,-4.3272E+01,NO
8af79474-1d57-4251-a878-c2973b2814e6,IC_EF_LAND_USE,2.0885E+02,CN
92f1554f-121d-4f07-a1bb-b07cd2f7c2f5,IC_EF_LAND_USE,2.6078E+02,LV
fe0acd60-3ddc-11dd-ae5a-0050c2490048,IC_EF_WATER_USE,8.33E+00,RO
25a53117-7717-41f6-9085-64b1728c9b0d,IC_EF_LAND_USE,-1.1209E+02,DE
d30e2c86-78a3-4693-99c9-e69b95548e99,IC_EF_LAND_USE,-68.5,
aa9dc400-929f-48c8-86c6-628f34a0efa3,IC_EF_LAND_USE,1.2210E+02,HU
3e4d5086-6556-11dd-ad8b-0800200c9a66,IC_EF_RESOURCE_MINERALS,7.70E-07,
e29e7755-623d-47fb-b2ac-c0615a1b709f,IC_EF_LAND_USE,-1.4424E+02,LV
97990d8f-aae4-41ea-afb4-c62d2bcfea3b,IC_EF_LAND_USE,1.3918E+02,DE
1a00b335-af6e-47db-bc23-012f2c0642ab,IC_EF_LAND_USE,4.3225E+01,MX
64faa7b1-e114-497a-b584-f4659e7115e4,IC_EF_LAND_USE,-1.1955E+02,DE
e29e7755-623d-47fb-b2ac-c0615a1b709f,IC_EF_LAND_USE,-1.6350E+02,DE
1729ef88-6556-11dd-ad8b-0800200c9a66,IC_EF_WATER_USE,2.56E+01,BG
1a00b335-af6e-47db-bc23-012f2c0642ab,IC_EF_LAND_USE,1.1952E+02,NL
503f7e73-748c-4f38-9b87-90805b5d1c38,IC_EF_LAND_USE,-1.2967E+02,NL
d4008b63-fb71-4e00-bfda-3528c9c7e40d,IC_EF_LAND_USE,-1.1642E+02,BG
9699a63f-c966-43a4-816c-b1fbbf0a3e88,IC_EF_LAND_USE,-1.5178E+02,RS
28e5f69f-7b2e-4e31-9725-d407b2964b3f,IC_EF_LAND_USE,1.3714E+02,DE
64faa7b1-e114-497a-b584-f4659e7115e4,IC_EF_LAND_USE,-1.3625E+02,BR
b6d6d67f-a3c4-4292-93cf-0454339ace53,IC_EF_LAND_USE,-9.9005E+01,CA
42378359-15eb-4e60-8f72-b796b9d71e69,IC_EF_LAND_USE,1.3039E+02,HU
9699a63f-c966-43a4-816c-b1fbbf0a3e88,IC_EF_LAND_USE,-9.6535E+01,ES
87334803-fa5b-4c21-b52c-de9d79d806f8,IC_EF_LAND_USE,-2.1537E+02,IT
e412ed0d-8a14-4eea-a9f5-f966517360c0,IC_EF_WATER_USE,8.91E+00,NG
25a53117-7717-41f6-9085-64b1728c9b0d,IC_EF_LAND_USE,-1.1209E+02,CL
1a00b335-af6e-47db-bc23-012f2c0642ab,IC_EF_LAND_USE,8.8822E+01,RU
b0744c5e-9859-470f-99dc-b117be5a32c5,IC_EF_LAND_USE,1.8692E+02,GB
616ab5c3-116f-4fbb-bc6b-196318afe5be,IC_EF_LAND_USE,3.0335E+02,AT
b0744c5e-9859-470f-99dc-b117be5a32c5,IC_EF_LAND_USE,4.2057E+02,ID
80a0d183-7b74-4497-95f5-8bf25681c32e,IC_EF_LAND_USE,-5.1202E+01,US
2f8cc78f-7f63-4b5c-9010-70a847737d23,IC_EF_LAND_USE,3.1373E+02,GB
519bd467-de3e-49eb-be1f-504323399437,IC_EF_LAND_USE,3.5824E+02,CL
37b2391c-6d90-4ef3-be80-df3d114cface,IC_EF_LAND_USE,-2.5905E+02,IN
05d4147c-59c1-46df-8df9-3971fab75779,IC_EF_LAND_USE,-158,
616ab5c3-116f-4fbb-bc6b-196318afe5be,IC_EF_LAND_USE,2.7939E+02,IE
eb84226d-129f-49d8-8d69-cc484b7a6cbf,IC_EF_LAND_USE,2.6605E+02,NL
64faa7b1-e114-497a-b584-f4659e7115e4,IC_EF_LAND_USE,-1.1958E+02,LU
e29e7755-623d-47fb-b2ac-c0615a1b709f,IC_EF_LAND_USE,-2.8509E+02,PH
08a91e70-3ddc-11dd-91d5-0050c2490048,IC_EF_RESOURCE_MINERALS,1.00E+00,
80a0d183-7b74-4497-95f5-8bf25681c32e,IC_EF_LAND_USE,-5.1202E+01,NO
aa9dc400-929f-48c8-86c6-628f34a0efa3,IC_EF_LAND_USE,1.5032E+02,BG
e29e7755-623d-47fb-b2ac-c0615a1b709f,IC_EF_LAND_USE,-9.0269E+01,TR
b0744c5e-9859-470f-99dc-b117be5a32c5,IC_EF_LAND_USE,1.5578E+02,ZA
933debfd-2aa5-4a35-b07b-2732350ea29c,IC_EF_LAND_USE,3.2070E+02,VE
616ab5c3-116f-4fbb-bc6b-196318afe5be,IC_EF_LAND_USE,2.2483E+02,GB
fe0acd60-3ddc-11dd-ae5a-0050c2490048,IC_EF_WATER_USE,4.24E+01,CN
f62266ab-2385-45b1-beb6-cbdbafaeb00b,IC_EF_WATER_USE,7.21E+01,AU
f62266ab-2385-45b1-beb6-cbdbafaeb00b,IC_EF_WATER_USE,6.34E-01,NO
ac0aba5c-66ce-42c9-9f46-1e47ab7bc4b9,IC_EF_LAND_USE,-1.0466E+02,KR
b0259a80-eb97-4dee-be0a-d0535a8a9ed4,IC_EF_LAND_USE,2.6344E+02,DK
b0259a80-eb97-4dee-be0a-d0535a8a9ed4,IC_EF_LAND_USE,3.6324E+02,CZ
fe0acd60-3ddc-11dd-ae5c-0050c2490048,IC_EF_RESOURCE_MINERALS,1.37E-03,
1a00b335-af6e-47db-bc23-012f2c0642ab,IC_EF_LAND_USE,8.8822E+01,FI
08a91e70-3ddc-11dd-91e4-0050c2490048,IC_EF_RESOURCE_MINERALS,2.97E-03,
97990d8f-aae4-41ea-afb4-c62d2bcfea3b,IC_EF_LAND_USE,1.2992E+02,RO
92f1554f-121d-4f07-a1bb-b07cd2f7c2f5,IC_EF_LAND_USE,3.0451E+02,DE
e412ed0d-8a14-4eea-a9f5-f966517360c0,IC_EF_WATER_USE,4.55E+00,VE
80a0d183-7b74-4497-95f5-8bf25681c32e,IC_EF_LAND_USE,-1.4921E+02,FR
d0c20793-3df9-44d3-9c84-5fb6feedcd12,IC_EF_LAND_USE,-1.2992E+02,RO
42378359-15eb-4e60-8f72-b796b9d71e69,IC_EF_LAND_USE,2.7258E+02,CH
e412ed0d-8a14-4eea-a9f5-f966517360c0,IC_EF_WATER_USE,9.17E-01,SI
519bd467-de3e-49eb-be1f-504323399437,IC_EF_LAND_USE,7.3972E+01,AU
616ab5c3-116f-4fbb-bc6b-196318afe5be,IC_EF_LAND_USE,2.8683E+02,VE
92f1554f-121d-4f07-a1bb-b07cd2f7c2f5,IC_EF_LAND_USE,4.1864E+02,FR
ceabbb26-5d70-41f2-81bd-c1b096dc0931,IC_EF_LAND_USE,3.1149E+02,TH
616ab5c3-116f-4fbb-bc6b-196318afe5be,IC_EF_LAND_USE,1.6035E+02,UA
1729ef88-6556-11dd-ad8b-0800200c9a66,IC_EF_WATER_USE,2.36E+01,ID
eb84226d-129f-49d8-8d69-cc484b7a6cbf,IC_EF_LAND_USE,2.1319E+02,FI
8db68d81-3998-4b52-af19-2beb2ac9a98e,IC_EF_LAND_USE,1.1642E+02,BG
b0259a80-eb97-4dee-be0a-d0535a8a9ed4,IC_EF_LAND_USE,2.3838E+02,SE
97990d8f-aae4-41ea-afb4-c62d2bcfea3b,IC_EF_LAND_USE,1.5129E+02,FR
9699a63f-c966-43a4-816c-b1fbbf0a3e88,IC_EF_LAND_USE,-2.0517E+02,CL
f62266ab-2385-45b1-beb6-cbdbafaeb00b,IC_EF_WATER_USE,8.01E+01,CL
fe0acd60-3ddc-11dd-a6fc-0050c2490048,IC_EF_RESOURCE_FOSSILS,1.00E+00,
fae48449-451a-4d3c-b2fd-fc9102913b95,IC_EF_LAND_USE,2.2485E+02,VE
fe0acd60-3ddc-11dd-ae5a-0050c2490048,IC_EF_WATER_USE,1.26E+00,HU
2abdec35-e00d-4760-842c-e63403507b1d,IC_EF_LAND_USE,-244,
ac0aba5c-66ce-42c9-9f46-1e47ab7bc4b9,IC_EF_LAND_USE,-1.2100E+02,PH
b0744c5e-9859-470f-99dc-b117be5a32c5,IC_EF_LAND_USE,1.3197E+02,SE
616ab5c3-116f-4fbb-bc6b-196318afe5be,IC_EF_LAND_USE,3.0573E+02,MY
6bcfa2f7-4970-469a-ae70-d1814e8a6bc3,IC_EF_LAND_USE,1.3918E+02,DE
c38ef9cf-ae41-40a8-b018-58d9472c7cfa,IC_EF_LAND_USE,1.1638E+02,GB
64faa7b1-e114-497a-b584-f4659e7115e4,IC_EF_LAND_USE,-1.1968E+02,CL
522f6ba8-5914-4f91-a198-a0da9aab707d,IC_EF_LAND_USE,-1.2120E+02,BR
848d055d-88c2-4926-9ddd-1671887c4e2f,IC_EF_LAND_USE,8.5362E+01,ES
42378359-15eb-4e60-8f72-b796b9d71e69,IC_EF_LAND_USE,2.3389E+02,BA
b88d3b6d-229e-477e-bce1-e16376f75c7b,IC_EF_LAND_USE,131,
6bcfa2f7-4970-469a-ae70-d1814e8a6bc3,IC_EF_LAND_USE,2.1537E+02,IT
42378359-15eb-4e60-8f72-b796b9d71e69,IC_EF_LAND_USE,2.2591E+02,IE
e412ed0d-8a14-4eea-a9f5-f966517360c0,IC_EF_WATER_USE,8.51E-01,LU
d0c20793-3df9-44d3-9c84-5fb6feedcd12,IC_EF_LAND_USE,-1.3918E+02,DE
64faa7b1-e114-497a-b584-f4659e7115e4,IC_EF_LAND_USE,-1.1970E+02,SI
f62266ab-2385-45b1-beb6-cbdbafaeb00b,IC_EF_WATER_USE,5.26E+01,KZ
f6225b5f-b9cf-4c88-82d2-a578e1ce5e42,IC_EF_LAND_USE,2.2441E+02,IT
9699a63f-c966-43a4-816c-b1fbbf0a3e88,IC_EF_LAND_USE,-1.0169E+02,AR
25a53117-7717-41f6-9085-64b1728c9b0d,IC_EF_LAND_USE,-7.0601E+01,ZA
25a53117-7717-41f6-9085-64b1728c9b0d,IC_EF_LAND_USE,-3.5799E+01,MX
eb84226d-129f-49d8-8d69-cc484b7a6cbf,IC_EF_LAND_USE,2.0651E+02,UA
519bd467-de3e-49eb-be1f-504323399437,IC_EF_LAND_USE,1.0114E+02,ZA
fe0acd60-3ddc-11dd-a2be-0050c2490048,IC_EF_RESOURCE_MINERALS,1.78E-02,
933debfd-2aa5-4a35-b07b-2732350ea29c,IC_EF_LAND_USE,2.1537E+02,IT
522f6ba8-5914-4f91-a198-a0da9aab707d,IC_EF_LAND_USE,-3.6047E+01,CA
d4008b63-fb71-4e00-bfda-3528c9c7e40d,IC_EF_LAND_USE,-1.1638E+02,PL
848d055d-88c2-4926-9ddd-1671887c4e2f,IC_EF_LAND_USE,1.7166E+02,RS
9153cfb0-e762-47ba-9514-92d37321e68a,IC_EF_LAND_USE,68.5,
848d055d-88c2-4926-9ddd-1671887c4e2f,IC_EF_LAND_USE,1.9163E+02,SK
8af79474-1d57-4251-a878-c2973b2814e6,IC_EF_LAND_USE,3.5824E+02,CL
1a00b335-af6e-47db-bc23-012f2c0642ab,IC_EF_LAND_USE,1.2221E+02,NZ
eb84226d-129f-49d8-8d69-cc484b7a6cbf,IC_EF_LAND_USE,3.1366E+02,KR
b0744c5e-9859-470f-99dc-b117be5a32c5,IC_EF_LAND_USE,4.3762E+02,MY
97990d8f-aae4-41ea-afb4-c62d2bcfea3b,IC_EF_LAND_USE,1.5032E+02,BG
dd5923b1-6ff5-4bb2-a37a-20b84727c16a,IC_EF_LAND_USE,-1.2750E+02,RO
1729ef88-6556-11dd-ad8b-0800200c9a66,IC_EF_WATER_USE,4.55E+00,VE
f62266ab-2385-45b1-beb6-cbdbafaeb00b,IC_EF_WATER_USE,4.55E+00,VE
4d9a8790-3ddd-11dd-8de8-0050c2490048,IC_EF_RESOURCE_MINERALS,4.39E-03,
3e4d9e9e-6556-11dd-ad8b-0800200c9a66,IC_EF_WATER_USE,4.2950E+01,
8af79474-1d57-4251-a878-c2973b2814e6,IC_EF_LAND_USE,1.7652E+02,ES
25a53117-7717-41f6-9085-64b1728c9b0d,IC_EF_LAND_USE,-8.1397E+01,SE
e29e7755-623d-47fb-b2ac-c0615a1b709f,IC_EF_LAND_USE,-2.3175E+02,KR
9db48d2d-17e8-4b4c-b439-2aab1c3d80f2,IC_EF_LAND_USE,-4.0279E+02,FR
f49ad273-9482-453c-8bdb-dadf8751e3ae,IC_EF_LAND_USE,-2.4657E+02,BR
1a00b335-af6e-47db-bc23-012f2c0642ab,IC_EF_LAND_USE,78.6,
42378359-15eb-4e60-8f72-b796b9d71e69,IC_EF_LAND_USE,1.9979E+02,IN
42378359-15eb-4e60-8f72-b796b9d71e69,IC_EF_LAND_USE,1.6437E+02,DE
eb84226d-129f-49d8-8d69-cc484b7a6cbf,IC_EF_LAND_USE,4.2047E+02,IE
e29e7755-623d-47fb-b2ac-c0615a1b709f,IC_EF_LAND_USE,-1.9163E+02,SK
fe0acd60-3ddc-11dd-ae5a-0050c2490048,IC_EF_WATER_USE,1.64E+00,MY
6f4ecdc5-0cf7-430b-9c66-8efe4113b2a2,IC_EF_LAND_USE,2.5668E+02,BR
933debfd-2aa5-4a35-b07b-2732350ea29c,IC_EF_LAND_USE,2.4657E+02,BR
25a53117-7717-41f6-9085-64b1728c9b0d,IC_EF_LAND_USE,-1.1209E+02,FR
64faa7b1-e114-497a-b584-f4659e7115e4,IC_EF_LAND_USE,-7.3972E+01,GR
42378359-15eb-4e60-8f72-b796b9d71e69,IC_EF_LAND_USE,1.5094E+02,BG
92f1554f-121d-4f07-a1bb-b07cd2f7c2f5,IC_EF_LAND_USE,2.8385E+02,US
d4008b63-fb71-4e00-bfda-3528c9c7e40d,IC_EF_LAND_USE,-1.1655E+02,IT
e29e7755-623d-47fb-b2ac-c0615a1b709f,IC_EF_LAND_USE,-117,
eb84226d-129f-49d8-8d69-cc484b7a6cbf,IC_EF_LAND_USE,2.8399E+02,DE
8ee82f3b-c2dd-4807-8e65-b33dc05f4aee,IC_EF_LAND_USE,78.5,
e412ed0d-8a14-4eea-a9f5-f966517360c0,IC_EF_WATER_USE,1.25E+01,RU
d4008b63-fb71-4e00-bfda-3528c9c7e40d,IC_EF_LAND_USE,-1.2720E+02,AT
9699a63f-c966-43a4-816c-b1fbbf0a3e88,IC_EF_LAND_USE,-1.2063E+02,UA
a205d0e9-cc71-4e4f-8c9f-c62b188321b3,IC_EF_LAND_USE,2.3848E+02,ZA
1a00b335-af6e-47db-bc23-012f2c0642ab,IC_EF_LAND_USE,1.3808E+02,MY
8af79474-1d57-4251-a878-c2973b2814e6,IC_EF_LAND_USE,7.3972E+01,MX
fae48449-451a-4d3c-b2fd-fc9102913b95,IC_EF_LAND_USE,1.0801E+02,GR
f62266ab-2385-45b1-beb6-cbdbafaeb00b,IC_EF_WATER_USE,1.27E+00,AT
92f1554f-121d-4f07-a1bb-b07cd2f7c2f5,IC_EF_LAND_USE,3.3583E+02,LU
8db68d81-3998-4b52-af19-2beb2ac9a98e,IC_EF_LAND_USE,1.2711E+02,SK
e29e7755-623d-47fb-b2ac-c0615a1b709f,IC_EF_LAND_USE,-2.7957E+02,NZ
9699a63f-c966-43a4-816c-b1fbbf0a3e88,IC_EF_LAND_USE,-1.7700E+02,NG
1a00b335-af6e-47db-bc23-012f2c0642ab,IC_EF_LAND_USE,1.1955E+02,RS
08a91e70-3ddc-11dd-9438-0050c2490048,IC_EF_RESOURCE_MINERALS,1.46E-07,
80a0d183-7b74-4497-95f5-8bf25681c32e,IC_EF_LAND_USE,-1.6627E+02,GB
b0259a80-eb97-4dee-be0a-d0535a8a9ed4,IC_EF_LAND_USE,4.2065E+02,AT
b0744c5e-9859-470f-99dc-b117be5a32c5,IC_EF_LAND_USE,8.5567E+01,CA
5fa13d85-1722-4858-9cff-caec97da2363,IC_EF_LAND_USE,-124,
fe0acd60-3ddc-11dd-a2bf-0050c2490048,IC_EF_RESOURCE_MINERALS,5.20E+01,
32e9ce57-5c64-44fe-ba5f-e29adb467eb7,IC_EF_LAND_USE,-4.9469E+01,KZ
f6225b5f-b9cf-4c88-82d2-a578e1ce5e42,IC_EF_LAND_USE,1.5228E+02,FR
91e86b1f-98b2-433a-8356-cfc2b2b2a7c4,IC_EF_LAND_USE,1.4921E+02,FR
1a00b335-af6e-47db-bc23-012f2c0642ab,IC_EF_LAND_USE,1.1954E+02,GB
a687e5df-4694-4151-ba84-0722481d6fdf,IC_EF_LAND_USE,-1.2066E+02,UA
1729ef88-6556-11dd-ad8b-0800200c9a66,IC_EF_WATER_USE,8.01E+01,CL
616ab5c3-116f-4fbb-bc6b-196318afe5be,IC_EF_LAND_USE,2.2325E+02,LU
d4008b63-fb71-4e00-bfda-3528c9c7e40d,IC_EF_LAND_USE,-1.1638E+02,GB
041fab30-6556-11dd-ad8b-0800200c9a66,IC_EF_RESOURCE_MINERALS,2.22E+00,
42378359-15eb-4e60-8f72-b796b9d71e69,IC_EF_LAND_USE,8.7448E+01,US
1729ef88-6556-11dd-ad8b-0800200c9a66,IC_EF_WATER_USE,1.25E+01,RU
933debfd-2aa5-4a35-b07b-2732350ea29c,IC_EF_LAND_USE,1.2632E+02,LT
42378359-15eb-4e60-8f72-b796b9d71e69,IC_EF_LAND_USE,1.2187E+02,GR
25a53117-7717-41f6-9085-64b1728c9b0d,IC_EF_LAND_USE,-1.1209E+02,GB
25a53117-7717-41f6-9085-64b1728c9b0d,IC_EF_LAND_USE,-1.2842E+02,ID
b0744c5e-9859-470f-99dc-b117be5a32c5,IC_EF_LAND_USE,1.7946E+02,US
37b2391c-6d90-4ef3-be80-df3d114cface,IC_EF_LAND_USE,-4.7786E+01,CA
d4008b63-fb71-4e00-bfda-3528c9c7e40d,IC_EF_LAND_USE,-1.1637E+02,RO
616ab5c3-116f-4fbb-bc6b-196318afe5be,IC_EF_LAND_USE,1.4186E+02,SE
91e86b1f-98b2-433a-8356-cfc2b2b2a7c4,IC_EF_LAND_USE,1.6521E+02,LU
32e9ce57-5c64-44fe-ba5f-e29adb467eb7,IC_EF_LAND_USE,-7.3972E+01,ES
e29e7755-623d-47fb-b2ac-c0615a1b709f,IC_EF_LAND_USE,-1.7913E+02,FR
91e86b1f-98b2-433a-8356-cfc2b2b2a7c4,IC_EF_LAND_USE,1.6138E+02,IT
2f8cc78f-7f63-4b5c-9010-70a847737d23,IC_EF_LAND_USE,2.1319E+02,FI
848d055d-88c2-4926-9ddd-1671887c4e2f,IC_EF_LAND_USE,1.5843E+02,NG
25a53117-7717-41f6-9085-64b1728c9b0d,IC_EF_LAND_USE,-1.1209E+02,LT
9cc0de8b-e413-48a5-b013-80ff11a693b2,IC_EF_LAND_USE,-119,
42378359-15eb-4e60-8f72-b796b9d71e69,IC_EF_LAND_USE,1.8386E+02,IT
3b9ccd9f-1dd3-48ad-b444-b08fb5a63a89,IC_EF_LAND_USE,136,
0860f823-69da-48ae-b3ea-4ede3b661b7d,IC_EF_LAND_USE,184,
92f1554f-121d-4f07-a1bb-b07cd2f7c2f5,IC_EF_LAND_USE,2.5483E+02,ZA
e29e7755-623d-47fb-b2ac-c0615a1b709f,IC_EF_LAND_USE,-2.6112E+02,VE
e412ed0d-8a14-4eea-a9f5-f966517360c0,IC_EF_WATER_USE,5.98E-01,IS
8db68d81-3998-4b52-af19-2beb2ac9a98e,IC_EF_LAND_USE,8.1406E+01,PT
1729ef88-6556-11dd-ad8b-0800200c9a66,IC_EF_WATER_USE,4.96E+01,PT
9699a63f-c966-43a4-816c-b1fbbf0a3e88,IC_EF_LAND_USE,-2.0784E+02,JP
aa9dc400-929f-48c8-86c6-628f34a0efa3,IC_EF_LAND_USE,131,
522f6ba8-5914-4f91-a198-a0da9aab707d,IC_EF_LAND_USE,-6.3176E+01,ZA
1a00b335-af6e-47db-bc23-012f2c0642ab,IC_EF_LAND_USE,1.1962E+02,BG
b0744c5e-9859-470f-99dc-b117be5a32c5,IC_EF_LAND_USE,1.5638E+02,HU
f20439b3-200f-48d7-b0a0-972a0628a31e,IC_EF_LAND_USE,78.2,
91e86b1f-98b2-433a-8356-cfc2b2b2a7c4,IC_EF_LAND_USE,5.1202E+01,US
1729ef88-6556-11dd-ad8b-0800200c9a66,IC_EF_WATER_USE,7.16E-01,IE
28e5f69f-7b2e-4e31-9725-d407b2964b3f,IC_EF_LAND_USE,9.0540E+01,RU
91e86b1f-98b2-433a-8356-cfc2b2b2a7c4,IC_EF_LAND_USE,9.3729E+01,FI
a205d0e9-cc71-4e4f-8c9f-c62b188321b3,IC_EF_LAND_USE,2.9474E+02,IN
616ab5c3-116f-4fbb-bc6b-196318afe5be,IC_EF_LAND_USE,3.1231E+02,PH
e412ed0d-8a14-4eea-a9f5-f966517360c0,IC_EF_WATER_USE,8.33E+00,RO
64faa7b1-e114-497a-b584-f4659e7115e4,IC_EF_LAND_USE,-7.3972E+01,MK
1729ef88-6556-11dd-ad8b-0800200c9a66,IC_EF_WATER_USE,1.34E+01,VN
d4008b63-fb71-4e00-bfda-3528c9c7e40d,IC_EF_LAND_USE,-1.1465E+02,HU
6985efa9-a113-48fa-a504-f520d91868bf,IC_EF_LAND_USE,98.7,
fe0acd60-3ddc-11dd-ae5a-0050c2490048,IC_EF_WATER_USE,1.17E+00,NL
b76e1ff4-d0f3-4906-b6f9-240112e3dd69,IC_EF_LAND_USE,119,
848d055d-88c2-4926-9ddd-1671887c4e2f,IC_EF_LAND_USE,2.1435E+02,IE
64faa7b1-e114-497a-b584-f4659e7115e4,IC_EF_LAND_USE,-1.1994E+02,CH
42378359-15eb-4e60-8f72-b796b9d71e69,IC_EF_LAND_USE,2.3663E+02,BR
1729ef88-6556-11dd-ad8b-0800200c9a66,IC_EF_WATER_USE,4.49E+01,IT
9fcab08d-c0e9-490f-b594-ee023a78d5c7,IC_EF_LAND_USE,158,
a687e5df-4694-4151-ba84-0722481d6fdf,IC_EF_LAND_USE,-1.5286E+02,CZ
64faa7b1-e114-497a-b584-f4659e7115e4,IC_EF_LAND_USE,-1.1958E+02,CZ
616ab5c3-116f-4fbb-bc6b-196318afe5be,IC_EF_LAND_USE,2.2524E+02,CN
1729ef88-6556-11dd-ad8b-0800200c9a66,IC_EF_WATER_USE,1.26E+00,HU
9db48d2d-17e8-4b4c-b439-2aab1c3d80f2,IC_EF_LAND_USE,-2.3953E+02,PL
933debfd-2aa5-4a35-b07b-2732350ea29c,IC_EF_LAND_USE,3.8514E+02,PH
e29e7755-623d-47fb-b2ac-c0615a1b709f,IC_EF_LAND_USE,-6.2644E+01,CA
92f1554f-121d-4f07-a1bb-b07cd2f7c2f5,IC_EF_LAND_USE,3.3587E+02,GB
848d055d-88c2-4926-9ddd-1671887c4e2f,IC_EF_LAND_USE,117,
c38ef9cf-ae41-40a8-b018-58d9472c7cfa,IC_EF_LAND_USE,1.2706E+02,FR
e412ed0d-8a14-4eea-a9f5-f966517360c0,IC_EF_WATER_USE,7.16E-01,IE
1729ef88-6556-11dd-ad8b-0800200c9a66,IC_EF_WATER_USE,1.45E+00,LV
848d055d-88c2-4926-9ddd-1671887c4e2f,IC_EF_LAND_USE,2.6112E+02,VE
eb84226d-129f-49d8-8d69-cc484b7a6cbf,IC_EF_LAND_USE,3.1262E+02,BR
e412ed0d-8a14-4eea-a9f5-f966517360c0,IC_EF_WATER_USE,1.23E+00,LT
e412ed0d-8a14-4eea-a9f5-f966517360c0,IC_EF_WATER_USE,8.01E+01,CL
87334803-fa5b-4c21-b52c-de9d79d806f8,IC_EF_LAND_USE,-1.2761E+02,PL
b6d6d67f-a3c4-4292-93cf-0454339ace53,IC_EF_LAND_USE,-1.4159E+02,TR
1a00b335-af6e-47db-bc23-012f2c0642ab,IC_EF_LAND_USE,1.3683E+02,LK
9c15ac25-4ac3-454c-8104-4d10cfba9376,IC_EF_LAND_USE,-7.3972E+01,FI
1a00b335-af6e-47db-bc23-012f2c0642ab,IC_EF_LAND_USE,5.0697E+01,NO
9699a63f-c966-43a4-816c-b1fbbf0a3e88,IC_EF_LAND_USE,-1.4331E+02,PT
ac0aba5c-66ce-42c9-9f46-1e47ab7bc4b9,IC_EF_LAND_USE,-1.2100E+02,VN
aeea42cc-4215-465f-981f-ae2ab387fbb9,IC_EF_LAND_USE,-8.0172E+01,US
fe0acd60-3ddc-11dd-ae5a-0050c2490048,IC_EF_WATER_USE,3.64E+01,ZA
6e70f994-480b-4836-a605-5f958a3d7ea4,IC_EF_WATER_USE,1.36E+00,DE
616ab5c3-116f-4fbb-bc6b-196318afe5be,IC_EF_LAND_USE,1.5911E+02,HU
616ab5c3-116f-4fbb-bc6b-196318afe5be,IC_EF_LAND_USE,9.5722E+01,CA
b0744c5e-9859-470f-99dc-b117be5a32c5,IC_EF_LAND_USE,2.4221E+02,KR
aa9dc400-929f-48c8-86c6-628f34a0efa3,IC_EF_LAND_USE,1.2761E+02,PL
64faa7b1-e114-497a-b584-f4659e7115e4,IC_EF_LAND_USE,-1.1987E+02,IT
25a53117-7717-41f6-9085-64b1728c9b0d,IC_EF_LAND_USE,-1.1209E+02,DK
e29e7755-623d-47fb-b2ac-c0615a1b709f,IC_EF_LAND_USE,-1.9034E+02,LU
616ab5c3-116f-4fbb-bc6b-196318afe5be,IC_EF_LAND_USE,2.9772E+02,CL
e29e7755-623d-47fb-b2ac-c0615a1b709f,IC_EF_LAND_USE,-2.6504E+02,JP
eb84226d-129f-49d8-8d69-cc484b7a6cbf,IC_EF_LAND_USE,2.6184E+02,LT
64faa7b1-e114-497a-b584-f4659e7115e4,IC_EF_LAND_USE,-1.1954E+02,PL
92f1554f-121d-4f07-a1bb-b07cd2f7c2f5,IC_EF_LAND_USE,3.2487E+02,IT
92f1554f-121d-4f07-a1bb-b07cd2f7c2f5,IC_EF_LAND_USE,2.5435E+02,BG
522f6ba8-5914-4f91-a198-a0da9aab707d,IC_EF_LAND_USE,-1.0342E+02,IN
64faa7b1-e114-497a-b584-f4659e7115e4,IC_EF_LAND_USE,-78.6,
616ab5c3-116f-4fbb-bc6b-196318afe5be,IC_EF_LAND_USE,2.1557E+02,IT
25a53117-7717-41f6-9085-64b1728c9b0d,IC_EF_LAND_USE,-1.1209E+02,SI
e412ed0d-8a14-4eea-a9f5-f966517360c0,IC_EF_WATER_USE,1.34E+00,CH
fae48449-451a-4d3c-b2fd-fc9102913b95,IC_EF_LAND_USE,2.5439E+02,VN
d4008b63-fb71-4e00-bfda-3528c9c7e40d,IC_EF_LAND_USE,-1.2707E+02,CN
42378359-15eb-4e60-8f72-b796b9d71e69,IC_EF_LAND_USE,2.8340E+02,PH
b0259a80-eb97-4dee-be0a-d0535a8a9ed4,IC_EF_LAND_USE,1.5671E+02,ES
92f1554f-121d-4f07-a1bb-b07cd2f7c2f5,IC_EF_LAND_USE,2.6692E+02,NL
64faa7b1-e114-497a-b584-f4659e7115e4,IC_EF_LAND_USE,-7.3972E+01,PT
9db48d2d-17e8-4b4c-b439-2aab1c3d80f2,IC_EF_LAND_USE,-2.8286E+02,DE
f62266ab-2385-45b1-beb6-cbdbafaeb00b,IC_EF_WATER_USE,4.49E+01,IT
e412ed0d-8a14-4eea-a9f5-f966517360c0,IC_EF_WATER_USE,1.30E+00,SK
1a00b335-af6e-47db-bc23-012f2c0642ab,IC_EF_LAND_USE,1.1955E+02,DE
e29e7755-623d-47fb-b2ac-c0615a1b709f,IC_EF_LAND_USE,-1.6028E+02,CN
fe0acd60-3ddc-11dd-aa34-0050c2490048,IC_EF_RESOURCE_MINERALS,1.15E-05,
1a00b335-af6e-47db-bc23-012f2c0642ab,IC_EF_LAND_USE,1.1957E+02,CN
0ef5f936-2cfd-49a8-8d11-a062926464e4,IC_EF_LAND_USE,131,
f49ad273-9482-453c-8bdb-dadf8751e3ae,IC_EF_LAND_USE,-3.1149E+02,TH
a205d0e9-cc71-4e4f-8c9f-c62b188321b3,IC_EF_LAND_USE,3.1262E+02,BR
ac0aba5c-66ce-42c9-9f46-1e47ab7bc4b9,IC_EF_LAND_USE,-3.5767E+01,US
1729ef88-6556-11dd-ad8b-0800200c9a66,IC_EF_WATER_USE,6.98E+00,FR
e29e7755-623d-47fb-b2ac-c0615a1b709f,IC_EF_LAND_USE,-2.1435E+02,IE
64faa7b1-e114-497a-b584-f4659e7115e4,IC_EF_LAND_USE,-7.3581E+01,ES
1729ef88-6556-11dd-ad8b-0800200c9a66,IC_EF_WATER_USE,1.36E+00,DE
f62266ab-2385-45b1-beb6-cbdbafaeb00b,IC_EF_WATER_USE,3.50E+00,GB
eb84226d-129f-49d8-8d69-cc484b7a6cbf,IC_EF_LAND_USE,2.6858E+02,US
42378359-15eb-4e60-8f72-b796b9d71e69,IC_EF_LAND_USE,1.5438E+02,PT
e29e7755-623d-47fb-b2ac-c0615a1b709f,IC_EF_LAND_USE,-1.5843E+02,NG
91e86b1f-98b2-433a-8356-cfc2b2b2a7c4,IC_EF_LAND_USE,1.9509E+02,AT
d7c58737-6937-4ba9-bd00-c5df908cc9aa,IC_EF_LAND_USE,1.2992E+02,RO
9699a63f-c966-43a4-816c-b1fbbf0a3e88,IC_EF_LAND_USE,-2.6135E+02,SG
42378359-15eb-4e60-8f72-b796b9d71e69,IC_EF_LAND_USE,1.0410E+02,FI
97990d8f-aae4-41ea-afb4-c62d2bcfea3b,IC_EF_LAND_USE,1.2479E+02,NL
c38ef9cf-ae41-40a8-b018-58d9472c7cfa,IC_EF_LAND_USE,1.1638E+02,PL
616ab5c3-116f-4fbb-bc6b-196318afe5be,IC_EF_LAND_USE,2.6457E+02,KR
eb84226d-129f-49d8-8d69-cc484b7a6cbf,IC_EF_LAND_USE,244,
616ab5c3-116f-4fbb-bc6b-196318afe5be,IC_EF_LAND_USE,1.1814E+02,ES
933debfd-2aa5-4a35-b07b-2732350ea29c,IC_EF_LAND_USE,1.4557E+02,GB
eb84226d-129f-49d8-8d69-cc484b7a6cbf,IC_EF_LAND_USE,3.2813E+02,PH
d4008b63-fb71-4e00-bfda-3528c9c7e40d,IC_EF_LAND_USE,-7.0368E+01,ES
80a0d183-7b74-4497-95f5-8bf25681c32e,IC_EF_LAND_USE,-1.7494E+02,IE
f62266ab-2385-45b1-beb6-cbdbafaeb00b,IC_EF_WATER_USE,7.16E-01,IE
42378359-15eb-4e60-8f72-b796b9d71e69,IC_EF_LAND_USE,1.7180E+02,CN
e29e7755-623d-47fb-b2ac-c0615a1b709f,IC_EF_LAND_USE,-1.0319E+02,FI
1729ef88-6556-11dd-ad8b-0800200c9a66,IC_EF_WATER_USE,9.53E+00,NZ
848d055d-88c2-4926-9ddd-1671887c4e2f,IC_EF_LAND_USE,5.3954E+01,KZ
933debfd-2aa5-4a35-b07b-2732350ea29c,IC_EF_LAND_USE,1.6129E+02,IE
933debfd-2aa5-4a35-b07b-2732350ea29c,IC_EF_LAND_USE,4.1048E+01,AU
933debfd-2aa5-4a35-b07b-2732350ea29c,IC_EF_LAND_USE,3.1149E+02,TH
92f1554f-121d-4f07-a1bb-b07cd2f7c2f5,IC_EF_LAND_USE,4.3672E+02,CL
eb84226d-129f-49d8-8d69-cc484b7a6cbf,IC_EF_LAND_USE,4.0411E+02,FR
e29e7755-623d-47fb-b2ac-c0615a1b709f,IC_EF_LAND_USE,-2.8282E+02,MY
172ab2d8-6556-11dd-ad8b-0800200c9a66,IC_EF_RESOURCE_MINERALS,1.18E+00,
d4008b63-fb71-4e00-bfda-3528c9c7e40d,IC_EF_LAND_USE,-1.1639E+02,DE
d4008b63-fb71-4e00-bfda-3528c9c7e40d,IC_EF_LAND_USE,-1.2707E+02,CZ
a687e5df-4694-4151-ba84-0722481d6fdf,IC_EF_LAND_USE,-1.4617E+02,GB
9699a63f-c966-43a4-816c-b1fbbf0a3e88,IC_EF_LAND_USE,-1.3918E+02,DE
1729ef88-6556-11dd-ad8b-0800200c9a66,IC_EF_WATER_USE,1.16E+00,BA
503f7e73-748c-4f38-9b87-90805b5d1c38,IC_EF_LAND_USE,-1.6138E+02,IT
9db48d2d-17e8-4b4c-b439-2aab1c3d80f2,IC_EF_LAND_USE,-3.0326E+02,IT
a205d0e9-cc71-4e4f-8c9f-c62b188321b3,IC_EF_LAND_USE,2.3314E+02,MX
172a8bf6-6556-11dd-ad8b-0800200c9a66,IC_EF_RESOURCE_MINERALS,1.40E-11,
b6d6d67f-a3c4-4292-93cf-0454339ace53,IC_EF_LAND_USE,-1.0114E+02,ZA
933debfd-2aa5-4a35-b07b-2732350ea29c,IC_EF_LAND_USE,131,
933debfd-2aa5-4a35-b07b-2732350ea29c,IC_EF_LAND_USE,3.8794E+02,ID
c38ef9cf-ae41-40a8-b018-58d9472c7cfa,IC_EF_LAND_USE,5.8224E+01,NO
9699a63f-c966-43a4-816c-b1fbbf0a3e88,IC_EF_LAND_USE,-1.6129E+02,IE
e29e7755-623d-47fb-b2ac-c0615a1b709f,IC_EF_LAND_USE,-1.3899E+02,NL
e29e7755-623d-47fb-b2ac-c0615a1b709f,IC_EF_LAND_USE,-1.3242E+02,UA
f62266ab-2385-45b1-beb6-cbdbafaeb00b,IC_EF_WATER_USE,1.79E+00,CZ
848d055d-88c2-4926-9ddd-1671887c4e2f,IC_EF_LAND_USE,1.6028E+02,CN
8e2bf561-a95a-402d-83c1-d737dd73523d,IC_EF_LAND_USE,1.3918E+02,DE
933debfd-2aa5-4a35-b07b-2732350ea29c,IC_EF_LAND_USE,8.7543E+01,US
b0744c5e-9859-470f-99dc-b117be5a32c5,IC_EF_LAND_USE,8.2925E+01,KZ
eb84226d-129f-49d8-8d69-cc484b7a6cbf,IC_EF_LAND_USE,2.7133E+02,DK
91e86b1f-98b2-433a-8356-cfc2b2b2a7c4,IC_EF_LAND_USE,1.3599E+02,CN
f62266ab-2385-45b1-beb6-cbdbafaeb00b,IC_EF_WATER_USE,8.33E+00,RO
f62266ab-2385-45b1-beb6-cbdbafaeb00b,IC_EF_WATER_USE,7.77E+01,ES
933debfd-2aa5-4a35-b07b-2732350ea29c,IC_EF_LAND_USE,9.4179E+01,SE
92f1554f-121d-4f07-a1bb-b07cd2f7c2f5,IC_EF_LAND_USE,3.6942E+02,PT
64b1ce31-6556-11dd-ad8b-0800200c9a66,IC_EF_RESOURCE_MINERALS,5.69E-07,
37b2391c-6d90-4ef3-be80-df3d114cface,IC_EF_LAND_USE,-4.0499E+02,MY
28e5f69f-7b2e-4e31-9725-d407b2964b3f,IC_EF_LAND_USE,2.2229E+02,IN
b0744c5e-9859-470f-99dc-b117be5a32c5,IC_EF_LAND_USE,2.2633E+02,GR
64faa7b1-e114-497a-b584-f4659e7115e4,IC_EF_LAND_USE,-1.3845E+02,PH
80a0d183-7b74-4497-95f5-8bf25681c32e,IC_EF_LAND_USE,-1.9509E+02,AT
b0259a80-eb97-4dee-be0a-d0535a8a9ed4,IC_EF_LAND_USE,2.0016E+02,HU
933debfd-2aa5-4a35-b07b-2732350ea29c,IC_EF_LAND_USE,1.2490E+02,EE
ac0aba5c-66ce-42c9-9f46-1e47ab7bc4b9,IC_EF_LAND_USE,-1.0318E+02,IN
a687e5df-4694-4151-ba84-0722481d6fdf,IC_EF_LAND_USE,-9.1228E+01,US
f6225b5f-b9cf-4c88-82d2-a578e1ce5e42,IC_EF_LAND_USE,9.1228E+01,US
933debfd-2aa5-4a35-b07b-2732350ea29c,IC_EF_LAND_USE,1.2479E+02,NL
eb84226d-129f-49d8-8d69-cc484b7a6cbf,IC_EF_LAND_USE,8.3154E+01,KZ
2f8cc78f-7f63-4b5c-9010-70a847737d23,IC_EF_LAND_USE,3.4952E+02,PT
91e86b1f-98b2-433a-8356-cfc2b2b2a7c4,IC_EF_LAND_USE,2.0571E+02,BR
616ab5c3-116f-4fbb-bc6b-196318afe5be,IC_EF_LAND_USE,2.6486E+02,BR
aa9dc400-929f-48c8-86c6-628f34a0efa3,IC_EF_LAND_USE,1.5129E+02,FR
97990d8f-aae4-41ea-afb4-c62d2bcfea3b,IC_EF_LAND_USE,2.4657E+02,BR
fe0acd60-3ddc-11dd-ae95-0050c2490048,IC_EF_RESOURCE_MINERALS,4.27E-03,
e412ed0d-8a14-4eea-a9f5-f966517360c0,IC_EF_WATER_USE,1.96E+00,PL
9699a63f-c966-43a4-816c-b1fbbf0a3e88,IC_EF_LAND_USE,-1.2210E+02,HU
1729ef88-6556-11dd-ad8b-0800200c9a66,IC_EF_WATER_USE,1.64E+00,MY
92f1554f-121d-4f07-a1bb-b07cd2f7c2f5,IC_EF_LAND_USE,2.0857E+02,HU
1729ef88-6556-11dd-ad8b-0800200c9a66,IC_EF_WATER_USE,2.94E+01,IN
1729ef88-6556-11dd-ad8b-0800200c9a66,IC_EF_WATER_USE,7.21E+01,AU
1729ef88-6556-11dd-ad8b-0800200c9a66,IC_EF_WATER_USE,2.17E+00,BR
f62266ab-2385-45b1-beb6-cbdbafaeb00b,IC_EF_WATER_USE,2.56E+01,BG
fae48449-451a-4d3c-b2fd-fc9102913b95,IC_EF_LAND_USE,2.8075E+02,MY
e29e7755-623d-47fb-b2ac-c0615a1b709f,IC_EF_LAND_USE,-2.3974E+02,TH
92f1554f-121d-4f07-a1bb-b07cd2f7c2f5,IC_EF_LAND_USE,1.2656E+02,AU
e412ed0d-8a14-4eea-a9f5-f966517360c0,IC_EF_WATER_USE,1.66E+00,KR
9699a63f-c966-43a4-816c-b1fbbf0a3e88,IC_EF_LAND_USE,-8.5978E+01,ZA
92f1554f-121d-4f07-a1bb-b07cd2f7c2f5,IC_EF_LAND_USE,1.7869E+02,ES
616ab5c3-116f-4fbb-bc6b-196318afe5be,IC_EF_LAND_USE,1.5659E+02,ZA
75fb549e-21ce-4ad2-b65e-fa9b1664b74a,IC_EF_LAND_USE,131,
37b2391c-6d90-4ef3-be80-df3d114cface,IC_EF_LAND_USE,-4.1056E+01,AU
fe0acd60-3ddc-11dd-ae5a-0050c2490048,IC_EF_WATER_USE,1.94E+00,FI
eb84226d-129f-49d8-8d69-cc484b7a6cbf,IC_EF_LAND_USE,3.3621E+02,CN
f5ca317d-5aab-4adf-add9-6ec43f5ffbd0,IC_EF_LAND_USE,98.5,
ceabbb26-5d70-41f2-81bd-c1b096dc0931,IC_EF_LAND_USE,2.4657E+02,BR
848d055d-88c2-4926-9ddd-1671887c4e2f,IC_EF_LAND_USE,1.3242E+02,UA
9699a63f-c966-43a4-816c-b1fbbf0a3e88,IC_EF_LAND_USE,-3.2070E+02,VE
848d055d-88c2-4926-9ddd-1671887c4e2f,IC_EF_LAND_USE,1.9034E+02,LU
80a0d183-7b74-4497-95f5-8bf25681c32e,IC_EF_LAND_USE,-1.3039E+02,DK
b6d6d67f-a3c4-4292-93cf-0454339ace53,IC_EF_LAND_USE,-7.3972E+01,AU
616ab5c3-116f-4fbb-bc6b-196318afe5be,IC_EF_LAND_USE,1.5368E+02,GR
42378359-15eb-4e60-8f72-b796b9d71e69,IC_EF_LAND_USE,1.4344E+02,LV
42378359-15eb-4e60-8f72-b796b9d71e69,IC_EF_LAND_USE,5.3149E+01,KZ
1729ef88-6556-11dd-ad8b-0800200c9a66,IC_EF_WATER_USE,4.41E+00,SE
25a53117-7717-41f6-9085-64b1728c9b0d,IC_EF_LAND_USE,-6.6069E+01,TR
f62266ab-2385-45b1-beb6-cbdbafaeb00b,IC_EF_WATER_USE,1.64E+00,MY
37b2391c-6d90-4ef3-be80-df3d114cface,IC_EF_LAND_USE,-9.0540E+01,RU
4a227586-270a-4b07-9f15-79da640bec83,IC_EF_LAND_USE,288,
9db48d2d-17e8-4b4c-b439-2aab1c3d80f2,IC_EF_LAND_USE,-2.3436E+02,RO
f62266ab-2385-45b1-beb6-cbdbafaeb00b,IC_EF_WATER_USE,6.84E+01,GR
2f8cc78f-7f63-4b5c-9010-70a847737d23,IC_EF_LAND_USE,2.6858E+02,US
e29e7755-623d-47fb-b2ac-c0615a1b709f,IC_EF_LAND_USE,-2.2243E+02,BA
b0259a80-eb97-4dee-be0a-d0535a8a9ed4,IC_EF_LAND_USE,2.3906E+02,PL
c38ef9cf-ae41-40a8-b018-58d9472c7cfa,IC_EF_LAND_USE,8.5675E+01,SE
e29e7755-623d-47fb-b2ac-c0615a1b709f,IC_EF_LAND_USE,-5.3954E+01,KZ
42378359-15eb-4e60-8f72-b796b9d71e69,IC_EF_LAND_USE,1.0307E+02,ZA
a205d0e9-cc71-4e4f-8c9f-c62b188321b3,IC_EF_LAND_USE,2.9453E+02,TH
e29e7755-623d-47fb-b2ac-c0615a1b709f,IC_EF_LAND_USE,-1.5013E+02,BG
aa9dc400-929f-48c8-86c6-628f34a0efa3,IC_EF_LAND_USE,1.2992E+02,RO
8af79474-1d57-4251-a878-c2973b2814e6,IC_EF_LAND_USE,3.9287E+02,IN
92f1554f-121d-4f07-a1bb-b07cd2f7c2f5,IC_EF_LAND_USE,3.7951E+02,CZ
933debfd-2aa5-4a35-b07b-2732350ea29c,IC_EF_LAND_USE,1.9178E+02,BA
fae48449-451a-4d3c-b2fd-fc9102913b95,IC_EF_LAND_USE,7.8847E+01,AR
eb84226d-129f-49d8-8d69-cc484b7a6cbf,IC_EF_LAND_USE,3.5713E+02,NO
92f1554f-121d-4f07-a1bb-b07cd2f7c2f5,IC_EF_LAND_USE,3.0315E+02,IN
1729ef88-6556-11dd-ad8b-0800200c9a66,IC_EF_WATER_USE,7.82E+00,TH
1729ef88-6556-11dd-ad8b-0800200c9a66,IC_EF_WATER_USE,1.79E+00,CZ
d7c58737-6937-4ba9-bd00-c5df908cc9aa,IC_EF_LAND_USE,1.3918E+02,DE
91e86b1f-98b2-433a-8356-cfc2b2b2a7c4,IC_EF_LAND_USE,1.2967E+02,NL
8db68d81-3998-4b52-af19-2beb2ac9a98e,IC_EF_LAND_USE,78.2,
b0744c5e-9859-470f-99dc-b117be5a32c5,IC_EF_LAND_USE,2.8054E+02,BA
9699a63f-c966-43a4-816c-b1fbbf0a3e88,IC_EF_LAND_USE,-2.4657E+02,BR
5bd6b1f7-11f8-40d5-ab22-19cadfa38402,IC_EF_LAND_USE,-1.3918E+02,DE
2f8cc78f-7f63-4b5c-9010-70a847737d23,IC_EF_LAND_USE,244,
28e5f69f-7b2e-4e31-9725-d407b2964b3f,IC_EF_LAND_USE,1.4870E+02,CN
fae48449-451a-4d3c-b2fd-fc9102913b95,IC_EF_LAND_USE,5.6152E+01,NO
9c15ac25-4ac3-454c-8104-4d10cfba9376,IC_EF_LAND_USE,-6.3176E+01,ZA
616ab5c3-116f-4fbb-bc6b-196318afe5be,IC_EF_LAND_USE,1.2076E+02,MX
ac0aba5c-66ce-42c9-9f46-1e47ab7bc4b9,IC_EF_LAND_USE,-1.2100E+02,MY
d4008b63-fb71-4e00-bfda-3528c9c7e40d,IC_EF_LAND_USE,-5.8224E+01,NO
c0143eba-3daf-44ad-8d34-6e1d34128ace,IC_EF_LAND_USE,-1.4438E+02,GB
f210f08e-7377-49b2-bed9-7e420a951ae9,IC_EF_LAND_USE,3.6047E+01,CA
42378359-15eb-4e60-8f72-b796b9d71e69,IC_EF_LAND_USE,2.3816E+02,TH
f62266ab-2385-45b1-beb6-cbdbafaeb00b,IC_EF_WATER_USE,1.26E+00,HU
933debfd-2aa5-4a35-b07b-2732350ea29c,IC_EF_LAND_USE,1.7956E+02,SK
933debfd-2aa5-4a35-b07b-2732350ea29c,IC_EF_LAND_USE,5.0171E+01,KZ
616ab5c3-116f-4fbb-bc6b-196318afe5be,IC_EF_LAND_USE,2.3668E+02,RS
522f6ba8-5914-4f91-a198-a0da9aab707d,IC_EF_LAND_USE,-7.3972E+01,SE
b0744c5e-9859-470f-99dc-b117be5a32c5,IC_EF_LAND_USE,1.5824E+02,NL
616ab5c3-116f-4fbb-bc6b-196318afe5be,IC_EF_LAND_USE,2.0766E+02,PT
9699a63f-c966-43a4-816c-b1fbbf0a3e88,IC_EF_LAND_USE,-1.2761E+02,PL
a687e5df-4694-4151-ba84-0722481d6fdf,IC_EF_LAND_USE,-1.2493E+02,NL
6e70f994-480b-4836-a605-5f958a3d7ea4,IC_EF_WATER_USE,1.87E+01,SA
92f1554f-121d-4f07-a1bb-b07cd2f7c2f5,IC_EF_LAND_USE,2.3041E+02,FI
80a0d183-7b74-4497-95f5-8bf25681c32e,IC_EF_LAND_USE,-7.3972E+01,ES
1a00b335-af6e-47db-bc23-012f2c0642ab,IC_EF_LAND_USE,1.1968E+02,CL
37b2391c-6d90-4ef3-be80-df3d114cface,IC_EF_LAND_USE,-1.5334E+02,CN
39f017d4-14b0-44c2-93c6-ed6bf28332a8,IC_EF_LAND_USE,9.1228E+01,US
e1d56d4e-afe3-4b92-bd51-0a21f75e50a8,IC_EF_LAND_USE,121,
9699a63f-c966-43a4-816c-b1fbbf0a3e88,IC_EF_LAND_USE,-5.8401E+01,NO
e29e7755-623d-47fb-b2ac-c0615a1b709f,IC_EF_LAND_USE,-2.5541E+02,LK
1a00b335-af6e-47db-bc23-012f2c0642ab,IC_EF_LAND_USE,7.3972E+01,MK
64faa7b1-e114-497a-b584-f4659e7115e4,IC_EF_LAND_USE,-1.1951E+02,UA
fe0acd60-3ddc-11dd-ae5d-0050c2490048,IC_EF_RESOURCE_MINERALS,6.34E-03,
d7c58737-6937-4ba9-bd00-c5df908cc9aa,IC_EF_LAND_USE,131,
c38ef9cf-ae41-40a8-b018-58d9472c7cfa,IC_EF_LAND_USE,1.1642E+02,BG
64faa7b1-e114-497a-b584-f4659e7115e4,IC_EF_LAND_USE,-1.1955E+02,RS
b0744c5e-9859-470f-99dc-b117be5a32c5,IC_EF_LAND_USE,1.2937E+02,FI
dd5923b1-6ff5-4bb2-a37a-20b84727c16a,IC_EF_LAND_USE,-124,
42378359-15eb-4e60-8f72-b796b9d71e69,IC_EF_LAND_USE,1.2843E+02,MK
b0259a80-eb97-4dee-be0a-d0535a8a9ed4,IC_EF_LAND_USE,4.0547E+02,SK
ac0aba5c-66ce-42c9-9f46-1e47ab7bc4b9,IC_EF_LAND_USE,-2.9101E+01,AU
92f1554f-121d-4f07-a1bb-b07cd2f7c2f5,IC_EF_LAND_USE,4.3653E+02,CH
92f1554f-121d-4f07-a1bb-b07cd2f7c2f5,IC_EF_LAND_USE,2.6117E+02,PL
91e86b1f-98b2-433a-8356-cfc2b2b2a7c4,IC_EF_LAND_USE,5.1202E+01,CA
42378359-15eb-4e60-8f72-b796b9d71e69,IC_EF_LAND_USE,1.9068E+02,FR
9699a63f-c966-43a4-816c-b1fbbf0a3e88,IC_EF_LAND_USE,-1.5032E+02,BG
1729ef88-6556-11dd-ad8b-0800200c9a66,IC_EF_WATER_USE,8.97E-01,JP
848d055d-88c2-4926-9ddd-1671887c4e2f,IC_EF_LAND_USE,2.6504E+02,JP
1729ef88-6556-11dd-ad8b-0800200c9a66,IC_EF_WATER_USE,3.64E+01,ZA
b0259a80-eb97-4dee-be0a-d0535a8a9ed4,IC_EF_LAND_USE,3.5330E+02,PT
9c15ac25-4ac3-454c-8104-4d10cfba9376,IC_EF_LAND_USE,-1.0318E+02,TH
b0259a80-eb97-4dee-be0a-d0535a8a9ed4,IC_EF_LAND_USE,2.5936E+02,LT
aa9dc400-929f-48c8-86c6-628f34a0efa3,IC_EF_LAND_USE,1.4557E+02,GB
97990d8f-aae4-41ea-afb4-c62d2bcfea3b,IC_EF_LAND_USE,1.4557E+02,GB
e412ed0d-8a14-4eea-a9f5-f966517360c0,IC_EF_WATER_USE,2.94E+01,IN
b6d6d67f-a3c4-4292-93cf-0454339ace53,IC_EF_LAND_USE,-2.0885E+02,CN
933debfd-2aa5-4a35-b07b-2732350ea29c,IC_EF_LAND_USE,2.4680E+02,IN
8af79474-1d57-4251-a878-c2973b2814e6,IC_EF_LAND_USE,9.9005E+01,CA
e29e7755-623d-47fb-b2ac-c0615a1b709f,IC_EF_LAND_USE,-4.7226E+01,AU
fe0acd60-3ddc-11dd-a6f8-0050c2490048,IC_EF_RESOURCE_FOSSILS,1.00E+00,
fae48449-451a-4d3c-b2fd-fc9102913b95,IC_EF_LAND_USE,2.0895E+02,TH
6f4ecdc5-0cf7-430b-9c66-8efe4113b2a2,IC_EF_LAND_USE,1.4021E+02,DE
b0744c5e-9859-470f-99dc-b117be5a32c5,IC_EF_LAND_USE,3.0057E+02,CL
848d055d-88c2-4926-9ddd-1671887c4e2f,IC_EF_LAND_USE,1.4342E+02,LT
1a00b335-af6e-47db-bc23-012f2c0642ab,IC_EF_LAND_USE,1.3784E+02,ID
25a53117-7717-41f6-9085-64b1728c9b0d,IC_EF_LAND_USE,-6.6266E+01,GR
64faa7b1-e114-497a-b584-f4659e7115e4,IC_EF_LAND_USE,-8.8822E+01,RU
f62266ab-2385-45b1-beb6-cbdbafaeb00b,IC_EF_WATER_USE,8.97E-01,JP
9fcab08d-c0e9-490f-b594-ee023a78d5c7,IC_EF_LAND_USE,1.3627E+02,FI
b6d6d67f-a3c4-4292-93cf-0454339ace53,IC_EF_LAND_USE,-1.7445E+02,US
f6225b5f-b9cf-4c88-82d2-a578e1ce5e42,IC_EF_LAND_USE,1.4617E+02,GB
8db68d81-3998-4b52-af19-2beb2ac9a98e,IC_EF_LAND_USE,1.2720E+02,AT
b6d6d67f-a3c4-4292-93cf-0454339ace53,IC_EF_LAND_USE,-3.9287E+02,IN
9699a63f-c966-43a4-816c-b1fbbf0a3e88,IC_EF_LAND_USE,-1.2490E+02,EE
87334803-fa5b-4c21-b52c-de9d79d806f8,IC_EF_LAND_USE,-131,
8db68d81-3998-4b52-af19-2beb2ac9a98e,IC_EF_LAND_USE,1.1465E+02,EE
f6225b5f-b9cf-4c88-82d2-a578e1ce5e42,IC_EF_LAND_USE,1.3000E+02,RO
25a53117-7717-41f6-9085-64b1728c9b0d,IC_EF_LAND_USE,-1.1209E+02,BE
616ab5c3-116f-4fbb-bc6b-196318afe5be,IC_EF_LAND_USE,1.3627E+02,FI
9c15ac25-4ac3-454c-8104-4d10cfba9376,IC_EF_LAND_USE,-3.5767E+01,US
1a00b335-af6e-47db-bc23-012f2c0642ab,IC_EF_LAND_USE,1.1994E+02,CH
e29e7755-623d-47fb-b2ac-c0615a1b709f,IC_EF_LAND_USE,-2.5215E+02,SI
91e86b1f-98b2-433a-8356-cfc2b2b2a7c4,IC_EF_LAND_USE,9.8031E+01,SE
64faa7b1-e114-497a-b584-f4659e7115e4,IC_EF_LAND_USE,-4.3952E+01,AU
1102e599-8b30-4c4e-bc98-6c34ac2c1748,IC_EF_LAND_USE,-192,
9699a63f-c966-43a4-816c-b1fbbf0a3e88,IC_EF_LAND_USE,-9.1589E+01,FI
616ab5c3-116f-4fbb-bc6b-196318afe5be,IC_EF_LAND_USE,3.0591E+02,ID
37b2391c-6d90-4ef3-be80-df3d114cface,IC_EF_LAND_USE,-1.4617E+02,GB
b0744c5e-9859-470f-99dc-b117be5a32c5,IC_EF_LAND_USE,2.2703E+02,FR
933debfd-2aa5-4a35-b07b-2732350ea29c,IC_EF_LAND_USE,5.8401E+01,NO
8db68d81-3998-4b52-af19-2beb2ac9a98e,IC_EF_LAND_USE,8.5675E+01,SE
80a0d183-7b74-4497-95f5-8bf25681c32e,IC_EF_LAND_USE,-9.3600E+01,RU
eb84226d-129f-49d8-8d69-cc484b7a6cbf,IC_EF_LAND_USE,3.6441E+02,CZ
9699a63f-c966-43a4-816c-b1fbbf0a3e88,IC_EF_LAND_USE,-3.2764E+02,NZ
fae48449-451a-4d3c-b2fd-fc9102913b95,IC_EF_LAND_USE,2.8055E+02,CO
64faa7b1-e114-497a-b584-f4659e7115e4,IC_EF_LAND_USE,-1.1852E+02,IN
fe0acd60-3ddc-11dd-a8cd-0050c2490048,IC_EF_RESOURCE_MINERALS,9.22E-02,
1a00b335-af6e-47db-bc23-012f2c0642ab,IC_EF_LAND_USE,1.1970E+02,SI
42378359-15eb-4e60-8f72-b796b9d71e69,IC_EF_LAND_USE,1.9270E+02,GB
1729ef88-6556-11dd-ad8b-0800200c9a66,IC_EF_WATER_USE,6.34E-01,NO
b0744c5e-9859-470f-99dc-b117be5a32c5,IC_EF_LAND_USE,3.4412E+02,TH
fe0acd60-3ddc-11dd-ae5a-0050c2490048,IC_EF_WATER_USE,4.49E+01,IT
b0744c5e-9859-470f-99dc-b117be5a32c5,IC_EF_LAND_USE,3.8466E+02,VN
eb84226d-129f-49d8-8d69-cc484b7a6cbf,IC_EF_LAND_USE,2.9887E+02,IT
b0259a80-eb97-4dee-be0a-d0535a8a9ed4,IC_EF_LAND_USE,3.1381E+02,JP
848d055d-88c2-4926-9ddd-1671887c4e2f,IC_EF_LAND_USE,1.3121E+02,HU
28e5f69f-7b2e-4e31-9725-d407b2964b3f,IC_EF_LAND_USE,8.0172E+01,US
37b2391c-6d90-4ef3-be80-df3d114cface,IC_EF_LAND_USE,-1.4021E+02,DE
f6225b5f-b9cf-4c88-82d2-a578e1ce5e42,IC_EF_LAND_USE,136,
1729ef88-6556-11dd-ad8b-0800200c9a66,IC_EF_WATER_USE,1.30E+00,SK
42378359-15eb-4e60-8f72-b796b9d71e69,IC_EF_LAND_USE,1.4433E+02,LT
64faa7b1-e114-497a-b584-f4659e7115e4,IC_EF_LAND_USE,-1.1964E+02,BA
933debfd-2aa5-4a35-b07b-2732350ea29c,IC_EF_LAND_USE,9.6535E+01,ES
e412ed0d-8a14-4eea-a9f5-f966517360c0,IC_EF_WATER_USE,3.50E+00,GB
8db68d81-3998-4b52-af19-2beb2ac9a98e,IC_EF_LAND_USE,1.2706E+02,BE
933debfd-2aa5-4a35-b07b-2732350ea29c,IC_EF_LAND_USE,1.2761E+02,PL
9699a63f-c966-43a4-816c-b1fbbf0a3e88,IC_EF_LAND_USE,-1.5467E+02,LU
9699a63f-c966-43a4-816c-b1fbbf0a3e88,IC_EF_LAND_USE,-7.8259E+01,TR
fe0acd60-3ddc-11dd-ae5a-0050c2490048,IC_EF_WATER_USE,7.40E+00,CA
64faa7b1-e114-497a-b584-f4659e7115e4,IC_EF_LAND_USE,-1.1951E+02,LT
d7c58737-6937-4ba9-bd00-c5df908cc9aa,IC_EF_LAND_USE,9.6535E+01,ES
1a00b335-af6e-47db-bc23-012f2c0642ab,IC_EF_LAND_USE,5.5481E+01,KZ
d7c58737-6937-4ba9-bd00-c5df908cc9aa,IC_EF_LAND_USE,2.4657E+02,BR
97990d8f-aae4-41ea-afb4-c62d2bcfea3b,IC_EF_LAND_USE,1.2210E+02,HU
eb84226d-129f-49d8-8d69-cc484b7a6cbf,IC_EF_LAND_USE,1.8930E+02,RU
616ab5c3-116f-4fbb-bc6b-196318afe5be,IC_EF_LAND_USE,3.1303E+02,VN
1a00b335-af6e-47db-bc23-012f2c0642ab,IC_EF_LAND_USE,8.8822E+01,SE
8db68d81-3998-4b52-af19-2beb2ac9a98e,IC_EF_LAND_USE,1.1638E+02,GB
1a00b335-af6e-47db-bc23-012f2c0642ab,IC_EF_LAND_USE,1.1983E+02,AT
9699a63f-c966-43a4-816c-b1fbbf0a3e88,IC_EF_LAND_USE,-4.7786E+01,CA
933debfd-2aa5-4a35-b07b-2732350ea29c,IC_EF_LAND_USE,1.2992E+02,RO
6bcfa2f7-4970-469a-ae70-d1814e8a6bc3,IC_EF_LAND_USE,1.5179E+02,CN
c38ef9cf-ae41-40a8-b018-58d9472c7cfa,IC_EF_LAND_USE,1.2707E+02,CZ
f62266ab-2385-45b1-beb6-cbdbafaeb00b,IC_EF_WATER_USE,1.97E+00,EE
92f1554f-121d-4f07-a1bb-b07cd2f7c2f5,IC_EF_LAND_USE,3.3579E+02,JP
1729ef88-6556-11dd-ad8b-0800200c9a66,IC_EF_WATER_USE,1.66E+00,KR
e412ed0d-8a14-4eea-a9f5-f966517360c0,IC_EF_WATER_USE,6.34E-01,NO
e29e7755-623d-47fb-b2ac-c0615a1b709f,IC_EF_LAND_USE,-2.3784E+02,BR
42378359-15eb-4e60-8f72-b796b9d71e69,IC_EF_LAND_USE,1.5162E+02,RO
eb84226d-129f-49d8-8d69-cc484b7a6cbf,IC_EF_LAND_USE,2.4546E+02,SE
848d055d-88c2-4926-9ddd-1671887c4e2f,IC_EF_LAND_USE,2.3175E+02,KR
ac0aba5c-66ce-42c9-9f46-1e47ab7bc4b9,IC_EF_LAND_USE,-3.5847E+01,NO
8db68d81-3998-4b52-af19-2beb2ac9a98e,IC_EF_LAND_USE,1.1655E+02,IT
6bcfa2f7-4970-469a-ae70-d1814e8a6bc3,IC_EF_LAND_USE,8.7543E+01,US
9699a63f-c966-43a4-816c-b1fbbf0a3e88,IC_EF_LAND_USE,-1.7956E+02,SK
dc65135e-0c62-40de-8f66-b41f519bd9e6,IC_EF_LAND_USE,2.3947E+02,ZA
eb84226d-129f-49d8-8d69-cc484b7a6cbf,IC_EF_LAND_USE,2.3112E+02,MX
8db68d81-3998-4b52-af19-2beb2ac9a98e,IC_EF_LAND_USE,1.1465E+02,LV
92f1554f-121d-4f07-a1bb-b07cd2f7c2f5,IC_EF_LAND_USE,3.5027E+02,PH
25a53117-7717-41f6-9085-64b1728c9b0d,IC_EF_LAND_USE,-1.1209E+02,BG
b0259a80-eb97-4dee-be0a-d0535a8a9ed4,IC_EF_LAND_USE,4.2071E+02,CH
92f1554f-121d-4f07-a1bb-b07cd2f7c2f5,IC_EF_LAND_USE,3.2061E+02,LK
8af79474-1d57-4251-a878-c2973b2814e6,IC_EF_LAND_USE,4.4633E+02,BR
0c08b290-70d4-4d06-bf99-af10a0df99d5,IC_EF_LAND_USE,192,
848d055d-88c2-4926-9ddd-1671887c4e2f,IC_EF_LAND_USE,1.8932E+02,BE
1a00b335-af6e-47db-bc23-012f2c0642ab,IC_EF_LAND_USE,1.1963E+02,JP
1a00b335-af6e-47db-bc23-012f2c0642ab,IC_EF_LAND_USE,7.3533E+01,TR
ac0aba5c-66ce-42c9-9f46-1e47ab7bc4b9,IC_EF_LAND_USE,-1.2100E+02,CO
b0259a80-eb97-4dee-be0a-d0535a8a9ed4,IC_EF_LAND_USE,4.0234E+02,FR
dc3f4893-9db3-4d19-b108-bcd3a44ed78d,IC_EF_LAND_USE,184,
519bd467-de3e-49eb-be1f-504323399437,IC_EF_LAND_USE,1.7652E+02,ES
e412ed0d-8a14-4eea-a9f5-f966517360c0,IC_EF_WATER_USE,2.17E+00,BR
6e70f994-480b-4836-a605-5f958a3d7ea4,IC_EF_WATER_USE,3.64E+01,ZA
f6225b5f-b9cf-4c88-82d2-a578e1ce5e42,IC_EF_LAND_USE,1.2493E+02,NL
d7c58737-6937-4ba9-bd00-c5df908cc9aa,IC_EF_LAND_USE,1.2761E+02,PL
616ab5c3-116f-4fbb-bc6b-196318afe5be,IC_EF_LAND_USE,1.3735E+02,RU
1729ef88-6556-11dd-ad8b-0800200c9a66,IC_EF_WATER_USE,5.98E-01,IS
1729ef88-6556-11dd-ad8b-0800200c9a66,IC_EF_WATER_USE,1.27E+00,AT
1729ef88-6556-11dd-ad8b-0800200c9a66,IC_EF_WATER_USE,1.17E+00,NL
fae48449-451a-4d3c-b2fd-fc9102913b95,IC_EF_LAND_USE,103,
b0259a80-eb97-4dee-be0a-d0535a8a9ed4,IC_EF_LAND_USE,1.8652E+02,RU
c38ef9cf-ae41-40a8-b018-58d9472c7cfa,IC_EF_LAND_USE,1.1637E+02,RO
1729ef88-6556-11dd-ad8b-0800200c9a66,IC_EF_WATER_USE,7.82E+00,PH
eb84226d-129f-49d8-8d69-cc484b7a6cbf,IC_EF_LAND_USE,2.3040E+02,BG
503f7e73-748c-4f38-9b87-90805b5d1c38,IC_EF_LAND_USE,-1.2379E+02,HU
e29e7755-623d-47fb-b2ac-c0615a1b709f,IC_EF_LAND_USE,-1.9181E+02,GB
848d055d-88c2-4926-9ddd-1671887c4e2f,IC_EF_LAND_USE,1.4239E+02,EE
25a53117-7717-41f6-9085-64b1728c9b0d,IC_EF_LAND_USE,-1.1209E+02,CH
39f017d4-14b0-44c2-93c6-ed6bf28332a8,IC_EF_LAND_USE,1.2493E+02,NL
64faa7b1-e114-497a-b584-f4659e7115e4,IC_EF_LAND_USE,-4.3225E+01,MX
f62266ab-2385-45b1-beb6-cbdbafaeb00b,IC_EF_WATER_USE,3.38E+01,US
52a3918e-59b7-4d62-9255-a8479e6671ae,IC_EF_LAND_USE,101,
c0143eba-3daf-44ad-8d34-6e1d34128ace,IC_EF_LAND_USE,-1.3396E+02,PT
9db48d2d-17e8-4b4c-b439-2aab1c3d80f2,IC_EF_LAND_USE,-2.0064E+02,HU
a205d0e9-cc71-4e4f-8c9f-c62b188321b3,IC_EF_LAND_USE,1.0441E+02,AU
e29e7755-623d-47fb-b2ac-c0615a1b709f,IC_EF_LAND_USE,-9.1483E+01,ZA
fae48449-451a-4d3c-b2fd-fc9102913b95,IC_EF_LAND_USE,4.3379E+01,MX
25a53117-7717-41f6-9085-64b1728c9b0d,IC_EF_LAND_USE,-1.1209E+02,RO
42378359-15eb-4e60-8f72-b796b9d71e69,IC_EF_LAND_USE,2.6582E+02,JP
6d205e19-e6c2-4090-b138-01a1b9326a76,IC_EF_LAND_USE,4.0499E+02,MY
b0259a80-eb97-4dee-be0a-d0535a8a9ed4,IC_EF_LAND_USE,3.0318E+02,IT
eb84226d-129f-49d8-8d69-cc484b7a6cbf,IC_EF_LAND_USE,4.2035E+02,SI
fe0acd60-3ddc-11dd-ae5a-0050c2490048,IC_EF_WATER_USE,7.82E+00,TH
503f7e73-748c-4f38-9b87-90805b5d1c38,IC_EF_LAND_USE,-1.4921E+02,FR
e412ed0d-8a14-4eea-a9f5-f966517360c0,IC_EF_WATER_USE,1.37E+00,BE
848d055d-88c2-4926-9ddd-1671887c4e2f,IC_EF_LAND_USE,1.4298E+02,PT
1a00b335-af6e-47db-bc23-012f2c0642ab,IC_EF_LAND_USE,1.1951E+02,LT
c0143eba-3daf-44ad-8d34-6e1d34128ace,IC_EF_LAND_USE,-5.1036E+01,MX
fae48449-451a-4d3c-b2fd-fc9102913b95,IC_EF_LAND_USE,7.8883E+01,TR
933debfd-2aa5-4a35-b07b-2732350ea29c,IC_EF_LAND_USE,1.2698E+02,DK
68f57e2a-2909-423c-ad8e-6a695f59a48f,IC_EF_LAND_USE,1.5578E+02,ZA
08a91e70-3ddc-11dd-94d5-0050c2490048,IC_EF_RESOURCE_MINERALS,6.89E-03,
e412ed0d-8a14-4eea-a9f5-f966517360c0,IC_EF_WATER_USE,1.97E+00,EE
9699a63f-c966-43a4-816c-b1fbbf0a3e88,IC_EF_LAND_USE,-5.1102E+01,MX
92f1554f-121d-4f07-a1bb-b07cd2f7c2f5,IC_EF_LAND_USE,1.7317E+02,CA
1a00b335-af6e-47db-bc23-012f2c0642ab,IC_EF_LAND_USE,1.1953E+02,DK
1729ef88-6556-11dd-ad8b-0800200c9a66,IC_EF_WATER_USE,8.33E+00,RO
fe0acd60-3ddc-11dd-ae5a-0050c2490048,IC_EF_WATER_USE,2.17E+00,BR
ac0aba5c-66ce-42c9-9f46-1e47ab7bc4b9,IC_EF_LAND_USE,-1.2100E+02,BR
92f1554f-121d-4f07-a1bb-b07cd2f7c2f5,IC_EF_LAND_USE,3.5435E+02,CN
0ef5f936-2cfd-49a8-8d11-a062926464e4,IC_EF_LAND_USE,1.3918E+02,DE
848d055d-88c2-4926-9ddd-1671887c4e2f,IC_EF_LAND_USE,1.8331E+02,IT
9699a63f-c966-43a4-816c-b1fbbf0a3e88,IC_EF_LAND_USE,-3.8514E+02,PH
80a0d183-7b74-4497-95f5-8bf25681c32e,IC_EF_LAND_USE,-1.3248E+02,EE
37b2391c-6d90-4ef3-be80-df3d114cface,IC_EF_LAND_USE,-1.2493E+02,NL
6e70f994-480b-4836-a605-5f958a3d7ea4,IC_EF_WATER_USE,4.24E+01,CN
9699a63f-c966-43a4-816c-b1fbbf0a3e88,IC_EF_LAND_USE,-1.8736E+02,KR
eb84226d-129f-49d8-8d69-cc484b7a6cbf,IC_EF_LAND_USE,1.5533E+02,ES
eb01bbdf-8977-4dd2-9c20-9d59d6f8a71f,IC_EF_LAND_USE,78.2,
87334803-fa5b-4c21-b52c-de9d79d806f8,IC_EF_LAND_USE,-1.2992E+02,RO
42378359-15eb-4e60-8f72-b796b9d71e69,IC_EF_LAND_USE,2.7959E+02,CO
1729ef88-6556-11dd-ad8b-0800200c9a66,IC_EF_WATER_USE,8.51E-01,LU
1a00b335-af6e-47db-bc23-012f2c0642ab,IC_EF_LAND_USE,5.0897E+01,CA
eb84226d-129f-49d8-8d69-cc484b7a6cbf,IC_EF_LAND_USE,2.4397E+02,PL
6d2e9579-899e-4de6-a13d-e569c4aacd81,IC_EF_LAND_USE,119,
933debfd-2aa5-4a35-b07b-2732350ea29c,IC_EF_LAND_USE,1.0169E+02,AR
f62266ab-2385-45b1-beb6-cbdbafaeb00b,IC_EF_WATER_USE,7.40E+00,CA
25a53117-7717-41f6-9085-64b1728c9b0d,IC_EF_LAND_USE,-1.1209E+02,HU
9699a63f-c966-43a4-816c-b1fbbf0a3e88,IC_EF_LAND_USE,-2.1537E+02,IT
b0259a80-eb97-4dee-be0a-d0535a8a9ed4,IC_EF_LAND_USE,243,
c38ef9cf-ae41-40a8-b018-58d9472c7cfa,IC_EF_LAND_USE,1.1636E+02,LT
9db48d2d-17e8-4b4c-b439-2aab1c3d80f2,IC_EF_LAND_USE,-3.3849E+02,CN
a205d0e9-cc71-4e4f-8c9f-c62b188321b3,IC_EF_LAND_USE,2.6749E+02,US
f62266ab-2385-45b1-beb6-cbdbafaeb00b,IC_EF_WATER_USE,1.87E+01,SA
d4008b63-fb71-4e00-bfda-3528c9c7e40d,IC_EF_LAND_USE,-78.2,
b0744c5e-9859-470f-99dc-b117be5a32c5,IC_EF_LAND_USE,2.3078E+02,CZ
e29e7755-623d-47fb-b2ac-c0615a1b709f,IC_EF_LAND_USE,-8.5362E+01,ES
f6225b5f-b9cf-4c88-82d2-a578e1ce5e42,IC_EF_LAND_USE,1.4021E+02,DE
c38ef9cf-ae41-40a8-b018-58d9472c7cfa,IC_EF_LAND_USE,8.1406E+01,PT
80a0d183-7b74-4497-95f5-8bf25681c32e,IC_EF_LAND_USE,-1.1163E+02,PT
87334803-fa5b-4c21-b52c-de9d79d806f8,IC_EF_LAND_USE,-1.2479E+02,NL
64faa7b1-e114-497a-b584-f4659e7115e4,IC_EF_LAND_USE,-5.0697E+01,NO
b0744c5e-9859-470f-99dc-b117be5a32c5,IC_EF_LAND_USE,4.1737E+02,CO
d4008b63-fb71-4e00-bfda-3528c9c7e40d,IC_EF_LAND_USE,-1.2706E+02,FR
b0259a80-eb97-4dee-be0a-d0535a8a9ed4,IC_EF_LAND_USE,4.2051E+02,IE
28e5f69f-7b2e-4e31-9725-d407b2964b3f,IC_EF_LAND_USE,121,
a687e5df-4694-4151-ba84-0722481d6fdf,IC_EF_LAND_USE,-2.5668E+02,BR
92f1554f-121d-4f07-a1bb-b07cd2f7c2f5,IC_EF_LAND_USE,4.3671E+02,SI
fae48449-451a-4d3c-b2fd-fc9102913b95,IC_EF_LAND_USE,2.8093E+02,PH
b0744c5e-9859-470f-99dc-b117be5a32c5,IC_EF_LAND_USE,2.3087E+02,CN
8db68d81-3998-4b52-af19-2beb2ac9a98e,IC_EF_LAND_USE,1.2706E+02,FR
42378359-15eb-4e60-8f72-b796b9d71e69,IC_EF_LAND_USE,2.7932E+02,SL
9699a63f-c966-43a4-816c-b1fbbf0a3e88,IC_EF_LAND_USE,-1.2632E+02,LT
933debfd-2aa5-4a35-b07b-2732350ea29c,IC_EF_LAND_USE,2.6135E+02,SG
f62266ab-2385-45b1-beb6-cbdbafaeb00b,IC_EF_WATER_USE,5.56E+01,TR
fae48449-451a-4d3c-b2fd-fc9102913b95,IC_EF_LAND_USE,4.5056E+01,AU
1729ef88-6556-11dd-ad8b-0800200c9a66,IC_EF_WATER_USE,6.84E+01,GR
42378359-15eb-4e60-8f72-b796b9d71e69,IC_EF_LAND_USE,121,
9699a63f-c966-43a4-816c-b1fbbf0a3e88,IC_EF_LAND_USE,-3.8473E+02,CO
1a00b335-af6e-47db-bc23-012f2c0642ab,IC_EF_LAND_USE,1.1958E+02,LU
91e86b1f-98b2-433a-8356-cfc2b2b2a7c4,IC_EF_LAND_USE,5.1202E+01,NO
1729ef88-6556-11dd-ad8b-0800200c9a66,IC_EF_WATER_USE,1.34E+00,CH
fe0acd60-3ddc-11dd-a295-0050c2490048,IC_EF_RESOURCE_MINERALS,1.57E-01,
1dea9abe-eef4-4e7e-9439-fa041242ceb5,IC_EF_LAND_USE,192,
42378359-15eb-4e60-8f72-b796b9d71e69,IC_EF_LAND_USE,2.7966E+02,ID
fe3b7db4-a7e6-4e83-876e-ef859c1c421c,IC_EF_LAND_USE,124,
1729ef88-6556-11dd-ad8b-0800200c9a66,IC_EF_WATER_USE,1.96E+00,PL
933debfd-2aa5-4a35-b07b-2732350ea29c,IC_EF_LAND_USE,7.8259E+01,TR
1f314b75-6556-11dd-ad8b-0800200c9a66,IC_EF_RESOURCE_MINERALS,4.06E-05,
ac0aba5c-66ce-42c9-9f46-1e47ab7bc4b9,IC_EF_LAND_USE,-1.2100E+02,ID
1a00b335-af6e-47db-bc23-012f2c0642ab,IC_EF_LAND_USE,1.3845E+02,PH
6d205e19-e6c2-4090-b138-01a1b9326a76,IC_EF_LAND_USE,3.1149E+02,TH
1729ef88-6556-11dd-ad8b-0800200c9a66,IC_EF_WATER_USE,5.56E+01,TR
f62266ab-2385-45b1-beb6-cbdbafaeb00b,IC_EF_WATER_USE,3.42E+01,MK
64faa7b1-e114-497a-b584-f4659e7115e4,IC_EF_LAND_USE,-1.3716E+02,SL
9db48d2d-17e8-4b4c-b439-2aab1c3d80f2,IC_EF_LAND_USE,-3.1422E+02,GB
32e9ce57-5c64-44fe-ba5f-e29adb467eb7,IC_EF_LAND_USE,-1.3599E+02,CN
848d055d-88c2-4926-9ddd-1671887c4e2f,IC_EF_LAND_USE,2.8509E+02,PH
848d055d-88c2-4926-9ddd-1671887c4e2f,IC_EF_LAND_USE,1.0319E+02,FI
e29e7755-623d-47fb-b2ac-c0615a1b709f,IC_EF_LAND_USE,-2.6142E+02,CH
a687e5df-4694-4151-ba84-0722481d6fdf,IC_EF_LAND_USE,-2.2441E+02,IT
848d055d-88c2-4926-9ddd-1671887c4e2f,IC_EF_LAND_USE,4.7226E+01,AU
f210f08e-7377-49b2-bed9-7e420a951ae9,IC_EF_LAND_USE,1.0342E+02,IN
616ab5c3-116f-4fbb-bc6b-196318afe5be,IC_EF_LAND_USE,2.2939E+02,CZ
c38ef9cf-ae41-40a8-b018-58d9472c7cfa,IC_EF_LAND_USE,7.0368E+01,ES
80a0d183-7b74-4497-95f5-8bf25681c32e,IC_EF_LAND_USE,-1.6138E+02,IT
fe0acd60-3ddc-11dd-ae5a-0050c2490048,IC_EF_WATER_USE,7.77E+01,ES
6d205e19-e6c2-4090-b138-01a1b9326a76,IC_EF_LAND_USE,2.4657E+02,BR
1a00b335-af6e-47db-bc23-012f2c0642ab,IC_EF_LAND_USE,1.1852E+02,IN
b0259a80-eb97-4dee-be0a-d0535a8a9ed4,IC_EF_LAND_USE,3.1378E+02,LU
eb84226d-129f-49d8-8d69-cc484b7a6cbf,IC_EF_LAND_USE,2.5513E+02,LV
1729ef88-6556-11dd-ad8b-0800200c9a66,IC_EF_WATER_USE,4.2950E+01,
92f1554f-121d-4f07-a1bb-b07cd2f7c2f5,IC_EF_LAND_USE,2.0650E+02,TR
91e86b1f-98b2-433a-8356-cfc2b2b2a7c4,IC_EF_LAND_USE,7.3972E+01,ZA
933debfd-2aa5-4a35-b07b-2732350ea29c,IC_EF_LAND_USE,4.7786E+01,CA
f62266ab-2385-45b1-beb6-cbdbafaeb00b,IC_EF_WATER_USE,4.24E+01,CN
848d055d-88c2-4926-9ddd-1671887c4e2f,IC_EF_LAND_USE,1.2124E+02,GR
848d055d-88c2-4926-9ddd-1671887c4e2f,IC_EF_LAND_USE,2.3896E+02,AT
25a53117-7717-41f6-9085-64b1728c9b0d,IC_EF_LAND_USE,-6.6360E+01,PT
848d055d-88c2-4926-9ddd-1671887c4e2f,IC_EF_LAND_USE,2.5215E+02,SI
fae48449-451a-4d3c-b2fd-fc9102913b95,IC_EF_LAND_USE,1.5049E+02,DE
37b2391c-6d90-4ef3-be80-df3d114cface,IC_EF_LAND_USE,-136,
9699a63f-c966-43a4-816c-b1fbbf0a3e88,IC_EF_LAND_USE,-2.3651E+02,AT
933debfd-2aa5-4a35-b07b-2732350ea29c,IC_EF_LAND_USE,2.1718E+02,SI
3b9ccd9f-1dd3-48ad-b444-b08fb5a63a89,IC_EF_LAND_USE,2.5668E+02,BR
fe0acd60-3ddc-11dd-ae5a-0050c2490048,IC_EF_WATER_USE,1.36E+00,DE
933debfd-2aa5-4a35-b07b-2732350ea29c,IC_EF_LAND_USE,1.3918E+02,DE
f210f08e-7377-49b2-bed9-7e420a951ae9,IC_EF_LAND_USE,1.2120E+02,BR
e29e7755-623d-47fb-b2ac-c0615a1b709f,IC_EF_LAND_USE,-7.6009E+01,US
a205d0e9-cc71-4e4f-8c9f-c62b188321b3,IC_EF_LAND_USE,1.5103E+02,CA
92f1554f-121d-4f07-a1bb-b07cd2f7c2f5,IC_EF_LAND_USE,288,
8db68d81-3998-4b52-af19-2beb2ac9a98e,IC_EF_LAND_USE,1.1637E+02,RO
9699a63f-c966-43a4-816c-b1fbbf0a3e88,IC_EF_LAND_USE,-9.0540E+01,RU
fe0acd60-3ddc-11dd-ae5a-0050c2490048,IC_EF_WATER_USE,3.50E+00,GB
42378359-15eb-4e60-8f72-b796b9d71e69,IC_EF_LAND_USE,8.6142E+01,ES
933debfd-2aa5-4a35-b07b-2732350ea29c,IC_EF_LAND_USE,2.0784E+02,JP
d7c58737-6937-4ba9-bd00-c5df908cc9aa,IC_EF_LAND_USE,1.5179E+02,CN
92f1554f-121d-4f07-a1bb-b07cd2f7c2f5,IC_EF_LAND_USE,4.3683E+02,IE
933debfd-2aa5-4a35-b07b-2732350ea29c,IC_EF_LAND_USE,1.5467E+02,LU
848d055d-88c2-4926-9ddd-1671887c4e2f,IC_EF_LAND_USE,2.5779E+02,SG
f62266ab-2385-45b1-beb6-cbdbafaeb00b,IC_EF_WATER_USE,1.34E+01,VN
b0259a80-eb97-4dee-be0a-d0535a8a9ed4,IC_EF_LAND_USE,3.4455E+02,NO
fae48449-451a-4d3c-b2fd-fc9102913b95,IC_EF_LAND_USE,1.9535E+02,CL
616ab5c3-116f-4fbb-bc6b-196318afe5be,IC_EF_LAND_USE,1.6696E+02,PL
e2fba107-6555-11dd-ad8b-0800200c9a66,IC_EF_RESOURCE_FOSSILS,1.00E+00,
e29e7755-623d-47fb-b2ac-c0615a1b709f,IC_EF_LAND_USE,-1.1689E+02,MK
eb84226d-129f-49d8-8d69-cc484b7a6cbf,IC_EF_LAND_USE,3.1219E+02,LK
e29e7755-623d-47fb-b2ac-c0615a1b709f,IC_EF_LAND_USE,-1.4298E+02,PT
6bcfa2f7-4970-469a-ae70-d1814e8a6bc3,IC_EF_LAND_USE,1.2992E+02,RO
f62266ab-2385-45b1-beb6-cbdbafaeb00b,IC_EF_WATER_USE,9.53E+00,NZ
616ab5c3-116f-4fbb-bc6b-196318afe5be,IC_EF_LAND_USE,2.2791E+02,IN
503f7e73-748c-4f38-9b87-90805b5d1c38,IC_EF_LAND_USE,-98.7,
616ab5c3-116f-4fbb-bc6b-196318afe5be,IC_EF_LAND_USE,3.0642E+02,SL
91e86b1f-98b2-433a-8356-cfc2b2b2a7c4,IC_EF_LAND_USE,1.1163E+02,PT
f210f08e-7377-49b2-bed9-7e420a951ae9,IC_EF_LAND_USE,7.3972E+01,SE
25a53117-7717-41f6-9085-64b1728c9b0d,IC_EF_LAND_USE,-1.1209E+02,NZ
e29e7755-623d-47fb-b2ac-c0615a1b709f,IC_EF_LAND_USE,-2.3896E+02,AT
25a53117-7717-41f6-9085-64b1728c9b0d,IC_EF_LAND_USE,-1.1209E+02,JP
fe0acd60-3ddc-11dd-ae5a-0050c2490048,IC_EF_WATER_USE,7.21E+01,AU
9699a63f-c966-43a4-816c-b1fbbf0a3e88,IC_EF_LAND_USE,-8.7543E+01,US
c38ef9cf-ae41-40a8-b018-58d9472c7cfa,IC_EF_LAND_USE,1.2720E+02,AT
1729ef88-6556-11dd-ad8b-0800200c9a66,IC_EF_WATER_USE,4.71E+01,AR
64faa7b1-e114-497a-b584-f4659e7115e4,IC_EF_LAND_USE,-1.3784E+02,ID
aeea42cc-4215-465f-981f-ae2ab387fbb9,IC_EF_LAND_USE,-1.2977E+02,RO
848d055d-88c2-4926-9ddd-1671887c4e2f,IC_EF_LAND_USE,1.0427E+02,RU
42378359-15eb-4e60-8f72-b796b9d71e69,IC_EF_LAND_USE,1.5909E+02,NG
933debfd-2aa5-4a35-b07b-2732350ea29c,IC_EF_LAND_USE,1.8736E+02,KR
64faa7b1-e114-497a-b584-f4659e7115e4,IC_EF_LAND_USE,-1.1983E+02,AT
1729ef88-6556-11dd-ad8b-0800200c9a66,IC_EF_WATER_USE,3.50E+00,GB
e412ed0d-8a14-4eea-a9f5-f966517360c0,IC_EF_WATER_USE,1.26E+00,HU
c0143eba-3daf-44ad-8d34-6e1d34128ace,IC_EF_LAND_USE,-8.5978E+01,ZA
f62266ab-2385-45b1-beb6-cbdbafaeb00b,IC_EF_WATER_USE,1.16E+00,BA
fae48449-451a-4d3c-b2fd-fc9102913b95,IC_EF_LAND_USE,1.4088E+02,CN
f6225b5f-b9cf-4c88-82d2-a578e1ce5e42,IC_EF_LAND_USE,1.2828E+02,PL
80a0d183-7b74-4497-95f5-8bf25681c32e,IC_EF_LAND_USE,-1.5665E+02,BE
933debfd-2aa5-4a35-b07b-2732350ea29c,IC_EF_LAND_USE,1.4640E+02,GR
933debfd-2aa5-4a35-b07b-2732350ea29c,IC_EF_LAND_USE,2.5999E+02,CH
848d055d-88c2-4926-9ddd-1671887c4e2f,IC_EF_LAND_USE,2.6142E+02,CH
25a53117-7717-41f6-9085-64b1728c9b0d,IC_EF_LAND_USE,-4.3472E+01,CA
e29e7755-623d-47fb-b2ac-c0615a1b709f,IC_EF_LAND_USE,-1.8932E+02,BE
9699a63f-c966-43a4-816c-b1fbbf0a3e88,IC_EF_LAND_USE,-1.9178E+02,BA
9c15ac25-4ac3-454c-8104-4d10cfba9376,IC_EF_LAND_USE,-7.3972E+01,SE
64faa7b1-e114-497a-b584-f4659e7115e4,IC_EF_LAND_USE,-1.1955E+02,BE
616ab5c3-116f-4fbb-bc6b-196318afe5be,IC_EF_LAND_USE,2.4415E+02,FR
f62266ab-2385-45b1-beb6-cbdbafaeb00b,IC_EF_WATER_USE,1.37E+00,BE
92f1554f-121d-4f07-a1bb-b07cd2f7c2f5,IC_EF_LAND_USE,3.3580E+02,KR
eb84226d-129f-49d8-8d69-cc484b7a6cbf,IC_EF_LAND_USE,3.1154E+02,CO
8db68d81-3998-4b52-af19-2beb2ac9a98e,IC_EF_LAND_USE,1.1639E+02,DE
eb84226d-129f-49d8-8d69-cc484b7a6cbf,IC_EF_LAND_USE,4.2026E+02,AT
64faa7b1-e114-497a-b584-f4659e7115e4,IC_EF_LAND_USE,-1.1951E+02,LV
848d055d-88c2-4926-9ddd-1671887c4e2f,IC_EF_LAND_USE,2.8144E+02,SL
b6d6d67f-a3c4-4292-93cf-0454339ace53,IC_EF_LAND_USE,-3.5824E+02,CL
d0c20793-3df9-44d3-9c84-5fb6feedcd12,IC_EF_LAND_USE,-9.6535E+01,ES
a205d0e9-cc71-4e4f-8c9f-c62b188321b3,IC_EF_LAND_USE,2.0826E+02,FI
b0744c5e-9859-470f-99dc-b117be5a32c5,IC_EF_LAND_USE,3.7949E+02,SL
b0259a80-eb97-4dee-be0a-d0535a8a9ed4,IC_EF_LAND_USE,2.4495E+02,EE
1a00b335-af6e-47db-bc23-012f2c0642ab,IC_EF_LAND_USE,1.1954E+02,PL
42378359-15eb-4e60-8f72-b796b9d71e69,IC_EF_LAND_USE,1.3818E+02,NL
933debfd-2aa5-4a35-b07b-2732350ea29c,IC_EF_LAND_USE,1.4331E+02,PT
80a0d183-7b74-4497-95f5-8bf25681c32e,IC_EF_LAND_USE,-9.3729E+01,FI
2de36d9f-313b-4fb1-8060-676eecbfec29,IC_EF_LAND_USE,207,
641d3aa1-93d3-4fb2-9bd8-17600536c3c0,IC_EF_LAND_USE,71,
1a00b335-af6e-47db-bc23-012f2c0642ab,IC_EF_LAND_USE,4.3952E+01,AU
91e86b1f-98b2-433a-8356-cfc2b2b2a7c4,IC_EF_LAND_USE,1.0334E+02,GR
503f7e73-748c-4f38-9b87-90805b5d1c38,IC_EF_LAND_USE,-1.2447E+02,PL
848d055d-88c2-4926-9ddd-1671887c4e2f,IC_EF_LAND_USE,2.0109E+02,IN
9c15ac25-4ac3-454c-8104-4d10cfba9376,IC_EF_LAND_USE,-3.6047E+01,CA
b0744c5e-9859-470f-99dc-b117be5a32c5,IC_EF_LAND_USE,2.0416E+02,BG
616ab5c3-116f-4fbb-bc6b-196318afe5be,IC_EF_LAND_USE,158,
42378359-15eb-4e60-8f72-b796b9d71e69,IC_EF_LAND_USE,1.3161E+02,UA
b0744c5e-9859-470f-99dc-b117be5a32c5,IC_EF_LAND_USE,1.2824E+02,NO
848d055d-88c2-4926-9ddd-1671887c4e2f,IC_EF_LAND_USE,1.6350E+02,DE
80a0d183-7b74-4497-95f5-8bf25681c32e,IC_EF_LAND_USE,-1.7568E+02,IN
68e9e9b5-bd61-4fd3-a422-c3cff4f67203,IC_EF_LAND_USE,244,
b0259a80-eb97-4dee-be0a-d0535a8a9ed4,IC_EF_LAND_USE,3.1376E+02,GB
64faa7b1-e114-497a-b584-f4659e7115e4,IC_EF_LAND_USE,-1.3683E+02,LK
1a00b335-af6e-47db-bc23-012f2c0642ab,IC_EF_LAND_USE,7.3972E+01,PT
f210f08e-7377-49b2-bed9-7e420a951ae9,IC_EF_LAND_USE,6.3176E+01,ZA
848d055d-88c2-4926-9ddd-1671887c4e2f,IC_EF_LAND_USE,1.7913E+02,FR
fe0acd60-3ddc-11dd-ae5a-0050c2490048,IC_EF_WATER_USE,6.98E+00,FR
b0744c5e-9859-470f-99dc-b117be5a32c5,IC_EF_LAND_USE,3.5333E+02,VE
fae48449-451a-4d3c-b2fd-fc9102913b95,IC_EF_LAND_USE,2.8063E+02,ID
b0259a80-eb97-4dee-be0a-d0535a8a9ed4,IC_EF_LAND_USE,2.8242E+02,DE
1729ef88-6556-11dd-ad8b-0800200c9a66,IC_EF_WATER_USE,2.68E+01,UA
e29e7755-623d-47fb-b2ac-c0615a1b709f,IC_EF_LAND_USE,-1.4239E+02,EE
25a53117-7717-41f6-9085-64b1728c9b0d,IC_EF_LAND_USE,-4.3192E+01,US
92f1554f-121d-4f07-a1bb-b07cd2f7c2f5,IC_EF_LAND_USE,3.2104E+02,BR
d4008b63-fb71-4e00-bfda-3528c9c7e40d,IC_EF_LAND_USE,-8.1406E+01,PT
fe0acd60-3ddc-11dd-a3b6-0050c2490048,IC_EF_ECOTOX_FRESHWATER,229000.0,
fe0acd60-3ddc-11dd-a822-0050c2490048,IC_EF_PHOTOCHEM_OZONE,0.603,
fe0acd60-3ddc-11dd-a97d-0050c2490048,IC_EF_HUMANTOX_CANCER,7.55E-5,
fe0acd60-3ddc-11dd-a97d-0050c2490048,IC_EF_ECOTOX_FRESHWATER,221.0,
fe0acd60-3ddc-11dd-a97d-0050c2490048,IC_EF_HUMANTOX_NONCANCER,0.0265,
fe0acd60-3ddc-11dd-a8ce-0050c2490048,IC_EF_ECOTOX_FRESHWATER,225.0,
fe0acd60-3ddc-11dd-a8ce-0050c2490048,IC_EF_HUMANTOX_NONCANCER,2.68E-7,
08a91e70-3ddc-11dd-9646-0050c2490048,IC_EF_ECOTOX_FRESHWATER,88.0,
08a91e70-3ddc-11dd-9198-0050c2490048,IC_EF_ECOTOX_FRESHWATER,0.365,
08a91e70-3ddc-11dd-9198-0050c2490048,IC_EF_HUMANTOX_NONCANCER,2.88E-8,
08a91e70-3ddc-11dd-9232-0050c2490048,IC_EF_ECOTOX_FRESHWATER,5730.0,
08a91e70-3ddc-11dd-9232-0050c2490048,IC_EF_HUMANTOX_NONCANCER,3.55E-7,
08a91e70-3ddc-11dd-91a4-0050c2490048,IC_EF_ECOTOX_FRESHWATER,107.0,
08a91e70-3ddc-11dd-91a4-0050c2490048,IC_EF_HUMANTOX_NONCANCER,7.32E-4,
fe0acd60-3ddc-11dd-a8a7-0050c2490048,IC_EF_ECOTOX_FRESHWATER,0.856,
08a91e70-3ddc-11dd-962f-0050c2490048,IC_EF_HUMANTOX_CANCER,3.73E-6,
08a91e70-3ddc-11dd-962f-0050c2490048,IC_EF_ECOTOX_FRESHWATER,87700.0,
08a91e70-3ddc-11dd-962f-0050c2490048,IC_EF_HUMANTOX_NONCANCER,4.32E-6,
13034bab-461f-4343-955f-5a7300365d82,IC_EF_ECOTOX_FRESHWATER,1.68,
fe0acd60-3ddc-11dd-a800-0050c2490048,IC_EF_ECOTOX_FRESHWATER,610.0,
fe0acd60-3ddc-11dd-a800-0050c2490048,IC_EF_HUMANTOX_NONCANCER,4.19E-5,
e8d69262-2e79-4122-9da8-fd9328da8d6b,IC_EF_WATER_USE,-6.79E-01,CO
e8d69262-2e79-4122-9da8-fd9328da8d6b,IC_EF_WATER_USE,-6.84E+01,GR
4d9a8790-3ddd-11dd-9bd5-0050c2490048,IC_EF_ECOTOX_FRESHWATER,2200.0,
4d9a8790-3ddd-11dd-9bd5-0050c2490048,IC_EF_HUMANTOX_NONCANCER,2.7E-7,
7a845c58-e575-4729-b7f3-294013fd2172,IC_EF_WATER_USE,-3.64E+01,ZA
fe0acd60-3ddc-11dd-aae4-0050c2490048,IC_EF_ECOTOX_FRESHWATER,85.6,
4d9a8790-3ddd-11dd-91e4-0050c2490048,IC_EF_HUMANTOX_CANCER,3.1E-7,
4d9a8790-3ddd-11dd-91e4-0050c2490048,IC_EF_ECOTOX_FRESHWATER,1.39E-19,
4d9a8790-3ddd-11dd-91e4-0050c2490048,IC_EF_HUMANTOX_NONCANCER,1.09E-4,
fe0acd60-3ddc-11dd-a47d-0050c2490048,IC_EF_PHOTOCHEM_OZONE,1.69,
4d9a8790-3ddd-11dd-8d68-0050c2490048,IC_EF_EUTROPH_MARINE,0.226,
4d9a8790-3ddd-11dd-9ca4-0050c2490048,IC_EF_CLIMATE_FOSSIL,8.17E+02,
4d9a8790-3ddd-11dd-9ca4-0050c2490048,IC_EF_CLIMATE_TOTAL,8.17E+02,
fe0acd60-3ddc-11dd-a199-0050c2490048,IC_EF_ECOTOX_FRESHWATER,103.0,
fe0acd60-3ddc-11dd-a199-0050c2490048,IC_EF_HUMANTOX_NONCANCER,1.83E-7,
09333058-7adb-4965-aa9f-7d7f7aa47de6,IC_EF_WATER_USE,-2.56E+01,BG
fe0acd60-3ddc-11dd-a621-0050c2490048,IC_EF_ECOTOX_FRESHWATER,25.1,
fe0acd60-3ddc-11dd-afda-0050c2490048,IC_EF_ECOTOX_FRESHWATER,9490.0,
fe0acd60-3ddc-11dd-afda-0050c2490048,IC_EF_HUMANTOX_NONCANCER,1.55E-6,
fe0acd60-3ddc-11dd-a9f5-0050c2490048,IC_EF_ECOTOX_FRESHWATER,8.11,
fe0acd60-3ddc-11dd-a9f5-0050c2490048,IC_EF_HUMANTOX_NONCANCER,2.86E-7,
4d9a8790-3ddd-11dd-99d0-0050c2490048,IC_EF_IONISING_RADIATION,3.14,
e8d69262-2e79-4122-9da8-fd9328da8d6b,IC_EF_WATER_USE,-1.34E+01,VN
e8d69262-2e79-4122-9da8-fd9328da8d6b,IC_EF_WATER_USE,-3.42E+01,MK
fe0acd60-3ddc-11dd-b187-0050c2490048,IC_EF_HUMANTOX_CANCER,5.66E-8,
fe0acd60-3ddc-11dd-b187-0050c2490048,IC_EF_ECOTOX_FRESHWATER,3.9,
fe0acd60-3ddc-11dd-b187-0050c2490048,IC_EF_HUMANTOX_NONCANCER,4.54E-7,
08a91e70-3ddc-11dd-954d-0050c2490048,IC_EF_EUTROPH_TERRESTRIAL,12.72166667,
08a91e70-3ddc-11dd-954d-0050c2490048,IC_EF_EUTROPH_MARINE,0.087,
4d9a8790-3ddd-11dd-9b1e-0050c2490048,IC_EF_PHOTOCHEM_OZONE,1.82,
08a91e70-3ddc-11dd-9349-0050c2490048,IC_EF_PHOTOCHEM_OZONE,0.674,
08a91e70-3ddc-11dd-9349-0050c2490048,IC_EF_HUMANTOX_CANCER,2.14E-9,
08a91e70-3ddc-11dd-9349-0050c2490048,IC_EF_ECOTOX_FRESHWATER,0.153,
7a845c58-e575-4729-b7f3-294013fd2172,IC_EF_WATER_USE,-2.68E+01,UA
fe0acd60-3ddc-11dd-aa99-0050c2490048,IC_EF_IONISING_RADIATION,0.0714,
09333058-7adb-4965-aa9f-7d7f7aa47de6,IC_EF_WATER_USE,-2.68E+01,UA
fe0acd60-3ddc-11dd-b125-0050c2490048,IC_EF_ECOTOX_FRESHWATER,1530.0,
fe0acd60-3ddc-11dd-b125-0050c2490048,IC_EF_HUMANTOX_NONCANCER,9.34E-6,
e8d69262-2e79-4122-9da8-fd9328da8d6b,IC_EF_WATER_USE,-3.64E+01,ZA
7a845c58-e575-4729-b7f3-294013fd2172,IC_EF_WATER_USE,-7.40E+00,CA
4d9a8790-3ddd-11dd-97d4-0050c2490048,IC_EF_HUMANTOX_CANCER,2.49E-7,
4d9a8790-3ddd-11dd-97d4-0050c2490048,IC_EF_ECOTOX_FRESHWATER,627.0,
4d9a8790-3ddd-11dd-97d4-0050c2490048,IC_EF_HUMANTOX_NONCANCER,6.93E-4,
4d9a8790-3ddd-11dd-9d21-0050c2490048,IC_EF_ECOTOX_FRESHWATER,42400.0,
c81bc0dc-91bc-4bf9-9c85-2d80630b4997,IC_EF_HUMANTOX_CANCER,2.06E-5,
c81bc0dc-91bc-4bf9-9c85-2d80630b4997,IC_EF_ECOTOX_FRESHWATER,391.0,
08a91e70-3ddc-11dd-95b9-0050c2490048,IC_EF_PHOTOCHEM_OZONE,1.84,
08a91e70-3ddc-11dd-95b9-0050c2490048,IC_EF_HUMANTOX_CANCER,6.81E-8,
08a91e70-3ddc-11dd-95b9-0050c2490048,IC_EF_ECOTOX_FRESHWATER,5.69E-5,
e8d69262-2e79-4122-9da8-fd9328da8d6b,IC_EF_WATER_USE,-6.98E+00,FR
e8d69262-2e79-4122-9da8-fd9328da8d6b,IC_EF_WATER_USE,-9.17E-01,SI
fe0acd60-3ddc-11dd-a66b-0050c2490048,IC_EF_ECOTOX_FRESHWATER,4540.0,
fe0acd60-3ddc-11dd-a66b-0050c2490048,IC_EF_HUMANTOX_NONCANCER,1.37E-6,
fe0acd60-3ddc-11dd-a5da-0050c2490048,IC_EF_ECOTOX_FRESHWATER,165.0,
fe0acd60-3ddc-11dd-ad9a-0050c2490048,IC_EF_HUMANTOX_CANCER,7.92E-11,
fe0acd60-3ddc-11dd-ad9a-0050c2490048,IC_EF_ECOTOX_FRESHWATER,9.06E-4,
fe0acd60-3ddc-11dd-ad9a-0050c2490048,IC_EF_HUMANTOX_NONCANCER,1.09E-9,
5648a1a0-ac6b-42f2-a2ef-d10aec10ed19,IC_EF_ECOTOX_FRESHWATER,92.5,
e8d69262-2e79-4122-9da8-fd9328da8d6b,IC_EF_WATER_USE,-4.41E+00,SE
08a91e70-3ddc-11dd-967b-0050c2490048,IC_EF_ECOTOX_FRESHWATER,9.12,
08a91e70-3ddc-11dd-967b-0050c2490048,IC_EF_HUMANTOX_NONCANCER,4.25E-7,
08a91e70-3ddc-11dd-961c-0050c2490048,IC_EF_HUMANTOX_CANCER,6.82E-8,
08a91e70-3ddc-11dd-961c-0050c2490048,IC_EF_ECOTOX_FRESHWATER,14.6,
08a91e70-3ddc-11dd-961c-0050c2490048,IC_EF_HUMANTOX_NONCANCER,7.0E-7,
e8d69262-2e79-4122-9da8-fd9328da8d6b,IC_EF_WATER_USE,-2.17E+00,BR
e2fb04d0-6555-11dd-ad8b-0800200c9a66,IC_EF_ECOTOX_FRESHWATER,15.3,
08a91e70-3ddc-11dd-98e2-0050c2490048,IC_EF_ECOTOX_FRESHWATER,12600.0,
08a91e70-3ddc-11dd-98e2-0050c2490048,IC_EF_HUMANTOX_NONCANCER,8.77E-6,
08a91e70-3ddc-11dd-95f8-0050c2490048,IC_EF_HUMANTOX_CANCER,0.02,
08a91e70-3ddc-11dd-95f8-0050c2490048,IC_EF_ECOTOX_FRESHWATER,15600.0,
08a91e70-3ddc-11dd-95f8-0050c2490048,IC_EF_HUMANTOX_NONCANCER,2.37,
08a91e70-3ddc-11dd-9610-0050c2490048,IC_EF_CLIMATE_FOSSIL,3.68E+01,
08a91e70-3ddc-11dd-9610-0050c2490048,IC_EF_CLIMATE_TOTAL,3.68E+01,
08a91e70-3ddc-11dd-9610-0050c2490048,IC_EF_PHOTOCHEM_OZONE,0.0101,
4d9a8790-3ddd-11dd-9a17-0050c2490048,IC_EF_ECOTOX_FRESHWATER,3510.0,
08a91e70-3ddc-11dd-a088-0050c2490048,IC_EF_ECOTOX_FRESHWATER,24900.0,
08a91e70-3ddc-11dd-a088-0050c2490048,IC_EF_HUMANTOX_NONCANCER,1.91E-5,
d4c1f455-acaf-4978-ab42-1d3e5a52ccc1,IC_EF_ECOTOX_FRESHWATER,466000.0,
4d9a8790-3ddd-11dd-8fb8-0050c2490048,IC_EF_ECOTOX_FRESHWATER,4550.0,
4d9a8790-3ddd-11dd-9134-0050c2490048,IC_EF_ECOTOX_FRESHWATER,1920.0,
08a91e70-3ddc-11dd-a07b-0050c2490048,IC_EF_ECOTOX_FRESHWATER,30.6,
08a91e70-3ddc-11dd-a07b-0050c2490048,IC_EF_HUMANTOX_NONCANCER,8.17E-9,
08a91e70-3ddc-11dd-a2a9-0050c2490048,IC_EF_PARTICULATE_MATTER,0.000021,
08a91e70-3ddc-11dd-a2a9-0050c2490048,IC_EF_ACIDIFICATION,3.02,
08a91e70-3ddc-11dd-a2a9-0050c2490048,IC_EF_EUTROPH_TERRESTRIAL,13.47,
08a91e70-3ddc-11dd-a2a9-0050c2490048,IC_EF_EUTROPH_MARINE,0.092,
fe0acd60-3ddc-11dd-a9f3-0050c2490048,IC_EF_ECOTOX_FRESHWATER,49.5,
fe0acd60-3ddc-11dd-a9f3-0050c2490048,IC_EF_HUMANTOX_NONCANCER,6.19E-7,
08a91e70-3ddc-11dd-9976-0050c2490048,IC_EF_IONISING_RADIATION,2.14,
7a845c58-e575-4729-b7f3-294013fd2172,IC_EF_WATER_USE,-3.42E+01,MK
09333058-7adb-4965-aa9f-7d7f7aa47de6,IC_EF_WATER_USE,-1.79E+00,CZ
e1716164-e906-48e4-ad77-8f2ec4a9a4c5,IC_EF_EUTROPH_MARINE,1.0,
fe0acd60-3ddc-11dd-a5eb-0050c2490048,IC_EF_ECOTOX_FRESHWATER,2920.0,
08a91e70-3ddc-11dd-9f76-0050c2490048,IC_EF_HUMANTOX_CANCER,0.00267,
08a91e70-3ddc-11dd-9f76-0050c2490048,IC_EF_ECOTOX_FRESHWATER,26600.0,
08a91e70-3ddc-11dd-9f76-0050c2490048,IC_EF_HUMANTOX_NONCANCER,6.02E-6,
08a91e70-3ddc-11dd-9c14-0050c2490048,IC_EF_CLIMATE_FOSSIL,1.00E+00,
08a91e70-3ddc-11dd-9c14-0050c2490048,IC_EF_CLIMATE_TOTAL,1.00E+00,
08a91e70-3ddc-11dd-a2a2-0050c2490048,IC_EF_PHOTOCHEM_OZONE,0.845,
08a91e70-3ddc-11dd-a2a2-0050c2490048,IC_EF_ECOTOX_FRESHWATER,0.0824,
08a91e70-3ddc-11dd-a2a2-0050c2490048,IC_EF_HUMANTOX_NONCANCER,1.11E-8,
4d9a8790-3ddd-11dd-978c-0050c2490048,IC_EF_ECOTOX_FRESHWATER,359.0,
4d9a8790-3ddd-11dd-978c-0050c2490048,IC_EF_HUMANTOX_NONCANCER,5.68E-9,
fe0acd60-3ddc-11dd-a82b-0050c2490048,IC_EF_ECOTOX_FRESHWATER,320.0,
fe0acd60-3ddc-11dd-a82b-0050c2490048,IC_EF_HUMANTOX_NONCANCER,5.63E-7,
08a91e70-3ddc-11dd-9b34-0050c2490048,IC_EF_HUMANTOX_CANCER,2.74E-6,
08a91e70-3ddc-11dd-9b34-0050c2490048,IC_EF_ECOTOX_FRESHWATER,107000.0,
08a91e70-3ddc-11dd-9b34-0050c2490048,IC_EF_HUMANTOX_NONCANCER,2.7E-5,
08a91e70-3ddc-11dd-947d-0050c2490048,IC_EF_PHOTOCHEM_OZONE,0.814,
08a91e70-3ddc-11dd-947d-0050c2490048,IC_EF_HUMANTOX_CANCER,9.93E-10,
08a91e70-3ddc-11dd-947d-0050c2490048,IC_EF_ECOTOX_FRESHWATER,1.35E-4,
08a91e70-3ddc-11dd-947d-0050c2490048,IC_EF_HUMANTOX_NONCANCER,1.35E-7,
fe0acd60-3ddc-11dd-a7f0-0050c2490048,IC_EF_IONISING_RADIATION,0.0236,
fe0acd60-3ddc-11dd-a79a-0050c2490048,IC_EF_IONISING_RADIATION,2.07,
08a91e70-3ddc-11dd-9275-0050c2490048,IC_EF_ECOTOX_FRESHWATER,21300.0,
08a91e70-3ddc-11dd-9275-0050c2490048,IC_EF_HUMANTOX_NONCANCER,8.71E-6,
e8d69262-2e79-4122-9da8-fd9328da8d6b,IC_EF_WATER_USE,-1.37E+01,RS
fe0acd60-3ddc-11dd-ab1f-0050c2490048,IC_EF_HUMANTOX_CANCER,1.67E-7,
fe0acd60-3ddc-11dd-ab1f-0050c2490048,IC_EF_ECOTOX_FRESHWATER,45.7,
fe0acd60-3ddc-11dd-ab1f-0050c2490048,IC_EF_HUMANTOX_NONCANCER,2.32E-5,
fe0acd60-3ddc-11dd-aa94-0050c2490048,IC_EF_IONISING_RADIATION,0.35,
7a845c58-e575-4729-b7f3-294013fd2172,IC_EF_WATER_USE,-2.56E+01,BG
08a91e70-3ddc-11dd-91a7-0050c2490048,IC_EF_ECOTOX_FRESHWATER,198.0,
08a91e70-3ddc-11dd-91a7-0050c2490048,IC_EF_HUMANTOX_NONCANCER,1.47E-7,
08a91e70-3ddc-11dd-993b-0050c2490048,IC_EF_HUMANTOX_CANCER,1.55E-9,
08a91e70-3ddc-11dd-993b-0050c2490048,IC_EF_ECOTOX_FRESHWATER,0.00241,
08a91e70-3ddc-11dd-993b-0050c2490048,IC_EF_HUMANTOX_NONCANCER,2.68E-10,
fe0acd60-3ddc-11dd-9eff-0050c2490048,IC_EF_ECOTOX_FRESHWATER,293.0,
08a91e70-3ddc-11dd-957a-0050c2490048,IC_EF_ECOTOX_FRESHWATER,1510.0,
4d9a8790-3ddd-11dd-910f-0050c2490048,IC_EF_ECOTOX_FRESHWATER,868.0,
08a91e70-3ddc-11dd-9c50-0050c2490048,IC_EF_ECOTOX_FRESHWATER,39700.0,
08a91e70-3ddc-11dd-9c50-0050c2490048,IC_EF_HUMANTOX_NONCANCER,1.31E-6,
08a91e70-3ddc-11dd-96c1-0050c2490048,IC_EF_PHOTOCHEM_OZONE,1.87,
08a91e70-3ddc-11dd-96c1-0050c2490048,IC_EF_ECOTOX_FRESHWATER,0.0185,
e8d69262-2e79-4122-9da8-fd9328da8d6b,IC_EF_WATER_USE,-1.64E+00,MY
4d9a8790-3ddd-11dd-9bc7-0050c2490048,IC_EF_ECOTOX_FRESHWATER,2.75,
4d9a8790-3ddd-11dd-9bc7-0050c2490048,IC_EF_HUMANTOX_NONCANCER,3.95E-8,
fe0acd60-3ddc-11dd-a644-0050c2490048,IC_EF_ECOTOX_FRESHWATER,104.0,
fe0acd60-3ddc-11dd-a644-0050c2490048,IC_EF_HUMANTOX_NONCANCER,7.63E-8,
08a91e70-3ddc-11dd-95eb-0050c2490048,IC_EF_ECOTOX_FRESHWATER,1750.0,
08a91e70-3ddc-11dd-95eb-0050c2490048,IC_EF_HUMANTOX_NONCANCER,1.14E-7,
08a91e70-3ddc-11dd-941b-0050c2490048,IC_EF_PHOTOCHEM_OZONE,0.877,
08a91e70-3ddc-11dd-941b-0050c2490048,IC_EF_HUMANTOX_CANCER,1.34E-5,
08a91e70-3ddc-11dd-941b-0050c2490048,IC_EF_ECOTOX_FRESHWATER,26.8,
08a91e70-3ddc-11dd-941b-0050c2490048,IC_EF_HUMANTOX_NONCANCER,1.71E-7,
09333058-7adb-4965-aa9f-7d7f7aa47de6,IC_EF_WATER_USE,-1.26E+00,HU
fe0acd60-3ddc-11dd-a31c-0050c2490048,IC_EF_ECOTOX_FRESHWATER,385000.0,
09333058-7adb-4965-aa9f-7d7f7aa47de6,IC_EF_WATER_USE,-4.24E+01,CN
7a845c58-e575-4729-b7f3-294013fd2172,IC_EF_WATER_USE,-1.23E+00,LT
09333058-7adb-4965-aa9f-7d7f7aa47de6,IC_EF_WATER_USE,-1.66E+00,KR
08a91e70-3ddc-11dd-9c44-0050c2490048,IC_EF_IONISING_RADIATION,0.386,
08a91e70-3ddc-11dd-93aa-0050c2490048,IC_EF_ECOTOX_FRESHWATER,237.0,
08a91e70-3ddc-11dd-93aa-0050c2490048,IC_EF_HUMANTOX_NONCANCER,2.44E-6,
09333058-7adb-4965-aa9f-7d7f7aa47de6,IC_EF_WATER_USE,-2.36E+01,ID
4d9a8790-3ddd-11dd-8fd4-0050c2490048,IC_EF_ECOTOX_FRESHWATER,1.7E-18,
4d9a8790-3ddd-11dd-8fd4-0050c2490048,IC_EF_HUMANTOX_NONCANCER,1.46E-9,
fe0acd60-3ddc-11dd-a940-0050c2490048,IC_EF_ECOTOX_FRESHWATER,3280.0,
fe0acd60-3ddc-11dd-a940-0050c2490048,IC_EF_HUMANTOX_NONCANCER,1.04E-5,
fe0acd60-3ddc-11dd-a290-0050c2490048,IC_EF_HUMANTOX_CANCER,1.59E-6,
fe0acd60-3ddc-11dd-a290-0050c2490048,IC_EF_ECOTOX_FRESHWATER,9710.0,
fe0acd60-3ddc-11dd-a290-0050c2490048,IC_EF_HUMANTOX_NONCANCER,4.27E-4,
08a91e70-3ddc-11dd-9412-0050c2490048,IC_EF_ECOTOX_FRESHWATER,27900.0,
091d05f6-f902-425a-a56f-cbc6392418d5,IC_EF_ECOTOX_FRESHWATER,554.0,
08a91e70-3ddc-11dd-9680-0050c2490048,IC_EF_CLIMATE_FOSSIL,7.35E+03,
08a91e70-3ddc-11dd-9680-0050c2490048,IC_EF_CLIMATE_TOTAL,7.35E+03,
08a91e70-3ddc-11dd-99a9-0050c2490048,IC_EF_ECOTOX_FRESHWATER,681.0,
08a91e70-3ddc-11dd-99a9-0050c2490048,IC_EF_HUMANTOX_NONCANCER,1.18E-5,
7a845c58-e575-4729-b7f3-294013fd2172,IC_EF_WATER_USE,-3.50E+00,GB
08a91e70-3ddc-11dd-95ca-0050c2490048,IC_EF_IONISING_RADIATION,6.64E-6,
fe0acd60-3ddc-11dd-aa10-0050c2490048,IC_EF_HUMANTOX_CANCER,1.05E-6,
fe0acd60-3ddc-11dd-aa10-0050c2490048,IC_EF_ECOTOX_FRESHWATER,10.9,
fe0acd60-3ddc-11dd-aa10-0050c2490048,IC_EF_HUMANTOX_NONCANCER,5.18E-6,
fe0acd60-3ddc-11dd-a308-0050c2490048,IC_EF_PHOTOCHEM_OZONE,1.3,
4d9a8790-3ddd-11dd-902f-0050c2490048,IC_EF_ECOTOX_FRESHWATER,5.52,
fe0acd60-3ddc-11dd-aa41-0050c2490048,IC_EF_ECOTOX_FRESHWATER,19.6,
fe0acd60-3ddc-11dd-aa41-0050c2490048,IC_EF_HUMANTOX_NONCANCER,4.86E-8,
87353ad1-06e8-47a1-91d1-c9df8f0ecfd6,IC_EF_ECOTOX_FRESHWATER,42.7,
87353ad1-06e8-47a1-91d1-c9df8f0ecfd6,IC_EF_HUMANTOX_NONCANCER,1.59E-7,
e8d69262-2e79-4122-9da8-fd9328da8d6b,IC_EF_WATER_USE,-3.50E+00,GB
fe0acd60-3ddc-11dd-abf6-0050c2490048,IC_EF_ECOTOX_FRESHWATER,80400.0,
fe0acd60-3ddc-11dd-abf6-0050c2490048,IC_EF_HUMANTOX_NONCANCER,0.0258,
08a91e70-3ddc-11dd-91f7-0050c2490048,IC_EF_PHOTOCHEM_OZONE,-0.155,
08a91e70-3ddc-11dd-91f7-0050c2490048,IC_EF_HUMANTOX_CANCER,1.81E-8,
08a91e70-3ddc-11dd-91f7-0050c2490048,IC_EF_ECOTOX_FRESHWATER,3.15,
08a91e70-3ddc-11dd-91f7-0050c2490048,IC_EF_HUMANTOX_NONCANCER,2.34E-8,
fe0acd60-3ddc-11dd-a30c-0050c2490048,IC_EF_PHOTOCHEM_OZONE,1.42,
475cd1a9-40d9-4033-acd6-7019d447c08b,IC_EF_ECOTOX_FRESHWATER,3650.0,
4d9a8790-3ddd-11dd-96ca-0050c2490048,IC_EF_ECOTOX_FRESHWATER,2.45E-17,
4d9a8790-3ddd-11dd-96ca-0050c2490048,IC_EF_HUMANTOX_NONCANCER,3.03E-6,
fe0c198c-9a8f-4ed5-baa4-d6233358d78c,IC_EF_ECOTOX_FRESHWATER,137.0,
fe0acd60-3ddc-11dd-aed3-0050c2490048,IC_EF_ECOTOX_FRESHWATER,863.0,
08a91e70-3ddc-11dd-9a90-0050c2490048,IC_EF_ECOTOX_FRESHWATER,73100.0,
9e51fc0f-7fc8-44b6-ac64-c11e7f7de4de,IC_EF_ECOTOX_FRESHWATER,1320.0,
08a91e70-3ddc-11dd-9961-0050c2490048,IC_EF_ECOTOX_FRESHWATER,17700.0,
08a91e70-3ddc-11dd-9961-0050c2490048,IC_EF_HUMANTOX_NONCANCER,8.94E-4,
fe0acd60-3ddc-11dd-aa5c-0050c2490048,IC_EF_HUMANTOX_CANCER,3.94E-7,
fe0acd60-3ddc-11dd-aa5c-0050c2490048,IC_EF_ECOTOX_FRESHWATER,1480.0,
fe0acd60-3ddc-11dd-aa5c-0050c2490048,IC_EF_HUMANTOX_NONCANCER,8.59E-7,
e8d69262-2e79-4122-9da8-fd9328da8d6b,IC_EF_WATER_USE,-4.295E+01,
fe0acd60-3ddc-11dd-a7e0-0050c2490048,IC_EF_PHOTOCHEM_OZONE,0.49,
fe0acd60-3ddc-11dd-a7e0-0050c2490048,IC_EF_ECOTOX_FRESHWATER,5.01E-4,
fe0acd60-3ddc-11dd-a7e0-0050c2490048,IC_EF_HUMANTOX_NONCANCER,1.16E-8,
08a91e70-3ddc-11dd-98c2-0050c2490048,IC_EF_IONISING_RADIATION,0.00607,
e8d69262-2e79-4122-9da8-fd9328da8d6b,IC_EF_WATER_USE,-2.94E+01,IN
7a845c58-e575-4729-b7f3-294013fd2172,IC_EF_WATER_USE,-4.71E+01,AR
08a91e70-3ddc-11dd-978a-0050c2490048,IC_EF_EUTROPH_FRESHWATER,0.0,
08a91e70-3ddc-11dd-927c-0050c2490048,IC_EF_ECOTOX_FRESHWATER,227.0,
4d9a8790-3ddd-11dd-9a62-0050c2490048,IC_EF_ECOTOX_FRESHWATER,153.0,
7a845c58-e575-4729-b7f3-294013fd2172,IC_EF_WATER_USE,-1.16E+00,BA
fe0acd60-3ddc-11dd-a26f-0050c2490048,IC_EF_ECOTOX_FRESHWATER,13.9,
fe0acd60-3ddc-11dd-a26f-0050c2490048,IC_EF_HUMANTOX_NONCANCER,5.12E-5,
e8d69262-2e79-4122-9da8-fd9328da8d6b,IC_EF_WATER_USE,-7.40E+00,CA
fe0acd60-3ddc-11dd-a6c4-0050c2490048,IC_EF_ECOTOX_FRESHWATER,11100.0,
fe0acd60-3ddc-11dd-a6c4-0050c2490048,IC_EF_HUMANTOX_NONCANCER,6.04E-6,
08a91e70-3ddc-11dd-97d5-0050c2490048,IC_EF_EUTROPH_MARINE,0.778,
fe0acd60-3ddc-11dd-a2e4-0050c2490048,IC_EF_HUMANTOX_CANCER,8.43E-8,
fe0acd60-3ddc-11dd-a2e4-0050c2490048,IC_EF_ECOTOX_FRESHWATER,393.0,
fe0acd60-3ddc-11dd-a2e4-0050c2490048,IC_EF_HUMANTOX_NONCANCER,8.73E-8,
08a91e70-3ddc-11dd-92f5-0050c2490048,IC_EF_HUMANTOX_CANCER,100.0,
08a91e70-3ddc-11dd-92f5-0050c2490048,IC_EF_ECOTOX_FRESHWATER,5920000.0,
4d9a8790-3ddd-11dd-98e7-0050c2490048,IC_EF_PHOTOCHEM_OZONE,1.44,
4d9a8790-3ddd-11dd-98e7-0050c2490048,IC_EF_HUMANTOX_CANCER,5.71E-7,
4d9a8790-3ddd-11dd-98e7-0050c2490048,IC_EF_HUMANTOX_NONCANCER,8.55E-7,
08a91e70-3ddc-11dd-98de-0050c2490048,IC_EF_IONISING_RADIATION,0.0236,
08a91e70-3ddc-11dd-99bb-0050c2490048,IC_EF_ECOTOX_FRESHWATER,1360.0,
08a91e70-3ddc-11dd-9283-0050c2490048,IC_EF_ECOTOX_FRESHWATER,1710.0,
08a91e70-3ddc-11dd-9bed-0050c2490048,IC_EF_ECOTOX_FRESHWATER,112000.0,
08a91e70-3ddc-11dd-9bed-0050c2490048,IC_EF_HUMANTOX_NONCANCER,3.74E-5,
4d9a8790-3ddd-11dd-99fb-0050c2490048,IC_EF_ECOTOX_FRESHWATER,439.0,
4d9a8790-3ddd-11dd-99fb-0050c2490048,IC_EF_HUMANTOX_NONCANCER,1.49E-6,
08a91e70-3ddc-11dd-954c-0050c2490048,IC_EF_EUTROPH_MARINE,0.824,
fe0acd60-3ddc-11dd-a847-0050c2490048,IC_EF_ECOTOX_FRESHWATER,2.46,
08a91e70-3ddc-11dd-95fd-0050c2490048,IC_EF_ECOTOX_FRESHWATER,23.2,
fe0acd60-3ddc-11dd-a8cc-0050c2490048,IC_EF_HUMANTOX_CANCER,9.56E-5,
fe0acd60-3ddc-11dd-a8cc-0050c2490048,IC_EF_ECOTOX_FRESHWATER,1.78E-17,
fe0acd60-3ddc-11dd-a8cc-0050c2490048,IC_EF_HUMANTOX_NONCANCER,0.0113,
4d9a8790-3ddd-11dd-91e0-0050c2490048,IC_EF_HUMANTOX_CANCER,3.42E-7,
4d9a8790-3ddd-11dd-91e0-0050c2490048,IC_EF_ECOTOX_FRESHWATER,375.0,
4d9a8790-3ddd-11dd-91e0-0050c2490048,IC_EF_HUMANTOX_NONCANCER,1.2E-4,
08a91e70-3ddc-11dd-972f-0050c2490048,IC_EF_ECOTOX_FRESHWATER,4.73,
08a91e70-3ddc-11dd-972f-0050c2490048,IC_EF_HUMANTOX_NONCANCER,6.15E-8,
5fb3229a-3f82-4bb9-b2cd-fccf9d7be7e5,IC_EF_ECOTOX_FRESHWATER,125.0,
4d9a8790-3ddd-11dd-9904-0050c2490048,IC_EF_HUMANTOX_CANCER,2.79E-5,
4d9a8790-3ddd-11dd-9904-0050c2490048,IC_EF_ECOTOX_FRESHWATER,589.0,
4d9a8790-3ddd-11dd-9904-0050c2490048,IC_EF_HUMANTOX_NONCANCER,8.82E-5,
7a845c58-e575-4729-b7f3-294013fd2172,IC_EF_WATER_USE,-4.24E+01,CN
fe0acd60-3ddc-11dd-afd6-0050c2490048,IC_EF_ECOTOX_FRESHWATER,695.0,
fe0acd60-3ddc-11dd-afd6-0050c2490048,IC_EF_HUMANTOX_NONCANCER,7.27E-7,
08a91e70-3ddc-11dd-938e-0050c2490048,IC_EF_HUMANTOX_CANCER,1.72E-6,
08a91e70-3ddc-11dd-938e-0050c2490048,IC_EF_ECOTOX_FRESHWATER,23.5,
7a845c58-e575-4729-b7f3-294013fd2172,IC_EF_WATER_USE,-7.77E+01,ES
08a91e70-3ddc-11dd-96b0-0050c2490048,IC_EF_EUTROPH_MARINE,0.824,
08a91e70-3ddc-11dd-9b47-0050c2490048,IC_EF_ECOTOX_FRESHWATER,164.0,
7a845c58-e575-4729-b7f3-294013fd2172,IC_EF_WATER_USE,-4.49E+01,IT
08a91e70-3ddc-11dd-9c15-0050c2490048,IC_EF_CLIMATE_BIOGENIC,0.00E+00,
08a91e70-3ddc-11dd-9c15-0050c2490048,IC_EF_CLIMATE_TOTAL,0.00E+00,
4d9a8790-3ddd-11dd-91dc-0050c2490048,IC_EF_HUMANTOX_CANCER,2.69E-5,
4d9a8790-3ddd-11dd-91dc-0050c2490048,IC_EF_ECOTOX_FRESHWATER,175.0,
4d9a8790-3ddd-11dd-91dc-0050c2490048,IC_EF_HUMANTOX_NONCANCER,0.00944,
d209b3b6-944f-482e-9a42-a818de873a58,IC_EF_ECOTOX_FRESHWATER,0.188,
e8d69262-2e79-4122-9da8-fd9328da8d6b,IC_EF_WATER_USE,-1.97E+00,EE
fe0acd60-3ddc-11dd-a7a9-0050c2490048,IC_EF_HUMANTOX_CANCER,8.83E-8,
fe0acd60-3ddc-11dd-a7a9-0050c2490048,IC_EF_ECOTOX_FRESHWATER,47.2,
fe0acd60-3ddc-11dd-a7a9-0050c2490048,IC_EF_HUMANTOX_NONCANCER,4.53E-7,
7a845c58-e575-4729-b7f3-294013fd2172,IC_EF_WATER_USE,-4.295E+01,
08a91e70-3ddc-11dd-94c3-0050c2490048,IC_EF_CLIMATE_FOSSIL,2.98E+02,
08a91e70-3ddc-11dd-94c3-0050c2490048,IC_EF_CLIMATE_TOTAL,2.98E+02,
f214fc33-6555-11dd-ad8b-0800200c9a66,IC_EF_ECOTOX_FRESHWATER,65.5,
08a91e70-3ddc-11dd-996d-0050c2490048,IC_EF_ECOTOX_FRESHWATER,41300.0,
08a91e70-3ddc-11dd-996d-0050c2490048,IC_EF_HUMANTOX_NONCANCER,6.56E-6,
fe0acd60-3ddc-11dd-a3cc-0050c2490048,IC_EF_HUMANTOX_CANCER,1.2E-6,
fe0acd60-3ddc-11dd-a3cc-0050c2490048,IC_EF_ECOTOX_FRESHWATER,3710.0,
fe0acd60-3ddc-11dd-a3cc-0050c2490048,IC_EF_HUMANTOX_NONCANCER,1.4E-6,
af198fd4-56b9-42d0-b3a8-7623cc56045c,IC_EF_ECOTOX_FRESHWATER,375.0,
4d9a8790-3ddd-11dd-8efe-0050c2490048,IC_EF_ECOTOX_FRESHWATER,3600.0,
e2fab6a8-6555-11dd-ad8b-0800200c9a66,IC_EF_ECOTOX_FRESHWATER,4190.0,
fe0acd60-3ddc-11dd-abdb-0050c2490048,IC_EF_IONISING_RADIATION,0.00679,
08a91e70-3ddc-11dd-9127-0050c2490048,IC_EF_HUMANTOX_CANCER,4.0E-6,
08a91e70-3ddc-11dd-9127-0050c2490048,IC_EF_ECOTOX_FRESHWATER,3980.0,
08a91e70-3ddc-11dd-9127-0050c2490048,IC_EF_HUMANTOX_NONCANCER,8.72E-6,
675f43c1-0d9b-4ce0-bc9d-45d6a0f404dc,IC_EF_EUTROPH_FRESHWATER,0.0,
4d9a8790-3ddd-11dd-9301-0050c2490048,IC_EF_ECOTOX_FRESHWATER,32200.0,
4d9a8790-3ddd-11dd-9301-0050c2490048,IC_EF_HUMANTOX_NONCANCER,1.16E-5,
fe0acd60-3ddc-11dd-a5e3-0050c2490048,IC_EF_ECOTOX_FRESHWATER,14.2,
fe0acd60-3ddc-11dd-a5e3-0050c2490048,IC_EF_HUMANTOX_NONCANCER,3.06E-7,
08a91e70-3ddc-11dd-958e-0050c2490048,IC_EF_ECOTOX_FRESHWATER,1040.0,
4d9a8790-3ddd-11dd-8dc1-0050c2490048,IC_EF_ECOTOX_FRESHWATER,58300.0,
4d9a8790-3ddd-11dd-8dc1-0050c2490048,IC_EF_HUMANTOX_NONCANCER,1.0E-4,
4d9a8790-3ddd-11dd-8e84-0050c2490048,IC_EF_ECOTOX_FRESHWATER,24.0,
4d9a8790-3ddd-11dd-8e84-0050c2490048,IC_EF_HUMANTOX_NONCANCER,7.8E-8,
08a91e70-3ddc-11dd-9910-0050c2490048,IC_EF_PHOTOCHEM_OZONE,0.24,
08a91e70-3ddc-11dd-9910-0050c2490048,IC_EF_HUMANTOX_CANCER,5.12E-7,
08a91e70-3ddc-11dd-9910-0050c2490048,IC_EF_ECOTOX_FRESHWATER,0.0155,
08a91e70-3ddc-11dd-9910-0050c2490048,IC_EF_HUMANTOX_NONCANCER,1.02E-7,
4d9a8790-3ddd-11dd-9035-0050c2490048,IC_EF_ECOTOX_FRESHWATER,1250.0,
09333058-7adb-4965-aa9f-7d7f7aa47de6,IC_EF_WATER_USE,-1.96E+00,PL
08a91e70-3ddc-11dd-9f77-0050c2490048,IC_EF_HUMANTOX_CANCER,3.14E-4,
08a91e70-3ddc-11dd-9f77-0050c2490048,IC_EF_ECOTOX_FRESHWATER,2.17E-16,
08a91e70-3ddc-11dd-9f77-0050c2490048,IC_EF_HUMANTOX_NONCANCER,7.07E-7,
08a91e70-3ddc-11dd-91e5-0050c2490048,IC_EF_ECOTOX_FRESHWATER,49.3,
08a91e70-3ddc-11dd-91e5-0050c2490048,IC_EF_HUMANTOX_NONCANCER,2.51E-7,
4d9a8790-3ddd-11dd-9d8b-0050c2490048,IC_EF_HUMANTOX_CANCER,6.35E-5,
4d9a8790-3ddd-11dd-9d8b-0050c2490048,IC_EF_ECOTOX_FRESHWATER,1620.0,
4d9a8790-3ddd-11dd-9d8b-0050c2490048,IC_EF_HUMANTOX_NONCANCER,0.0471,
09333058-7adb-4965-aa9f-7d7f7aa47de6,IC_EF_WATER_USE,-6.98E+00,FR
08a91e70-3ddc-11dd-9751-0050c2490048,IC_EF_ECOTOX_FRESHWATER,221.0,
fe0acd60-3ddc-11dd-a984-0050c2490048,IC_EF_ECOTOX_FRESHWATER,345.0,
fe0acd60-3ddc-11dd-a984-0050c2490048,IC_EF_HUMANTOX_NONCANCER,1.83E-6,
fe0acd60-3ddc-11dd-a207-0050c2490048,IC_EF_PARTICULATE_MATTER,0.000008,
fe0acd60-3ddc-11dd-a207-0050c2490048,IC_EF_PHOTOCHEM_OZONE,0.0811,
fe0acd60-3ddc-11dd-a207-0050c2490048,IC_EF_ACIDIFICATION,1.31,
09333058-7adb-4965-aa9f-7d7f7aa47de6,IC_EF_WATER_USE,-4.96E+01,PT
4d9a8790-3ddd-11dd-8f53-0050c2490048,IC_EF_ECOTOX_FRESHWATER,938.0,
09333058-7adb-4965-aa9f-7d7f7aa47de6,IC_EF_WATER_USE,-3.34E+01,MX
adcb79f3-89cf-45fb-b0b2-65558cb2af26,IC_EF_CLIMATE_LULUC,1.00E+00,
adcb79f3-89cf-45fb-b0b2-65558cb2af26,IC_EF_CLIMATE_TOTAL,1.00E+00,
08a91e70-3ddc-11dd-9343-0050c2490048,IC_EF_ECOTOX_FRESHWATER,1.16,
08a91e70-3ddc-11dd-983b-0050c2490048,IC_EF_PHOTOCHEM_OZONE,0.772,
08a91e70-3ddc-11dd-983b-0050c2490048,IC_EF_ECOTOX_FRESHWATER,0.0972,
08a91e70-3ddc-11dd-96e3-0050c2490048,IC_EF_EUTROPH_MARINE,0.304,
09333058-7adb-4965-aa9f-7d7f7aa47de6,IC_EF_WATER_USE,-3.38E+01,US
08a91e70-3ddc-11dd-94e3-0050c2490048,IC_EF_ECOTOX_FRESHWATER,16800.0,
08a91e70-3ddc-11dd-94e3-0050c2490048,IC_EF_HUMANTOX_NONCANCER,0.0156,
6b45dd11-4805-498d-9c73-b75fdfc613ca,IC_EF_ECOTOX_FRESHWATER,106.0,
09333058-7adb-4965-aa9f-7d7f7aa47de6,IC_EF_WATER_USE,-1.17E+00,NL
fe0acd60-3ddc-11dd-9e61-0050c2490048,IC_EF_IONISING_RADIATION,0.015,
fe0acd60-3ddc-11dd-a793-0050c2490048,IC_EF_HUMANTOX_CANCER,9.06E-26,
fe0acd60-3ddc-11dd-a793-0050c2490048,IC_EF_ECOTOX_FRESHWATER,1.7E-17,
fe0acd60-3ddc-11dd-a793-0050c2490048,IC_EF_HUMANTOX_NONCANCER,2.07E-7,
08a91e70-3ddc-11dd-965c-0050c2490048,IC_EF_CLIMATE_FOSSIL,1.79E+02,
08a91e70-3ddc-11dd-965c-0050c2490048,IC_EF_CLIMATE_TOTAL,1.79E+02,
7a845c58-e575-4729-b7f3-294013fd2172,IC_EF_WATER_USE,-1.96E+00,PL
e8d69262-2e79-4122-9da8-fd9328da8d6b,IC_EF_WATER_USE,-2.36E+01,ID
08a91e70-3ddc-11dd-91dd-0050c2490048,IC_EF_HUMANTOX_CANCER,3.92E-4,
08a91e70-3ddc-11dd-91dd-0050c2490048,IC_EF_ECOTOX_FRESHWATER,21400.0,
08a91e70-3ddc-11dd-91dd-0050c2490048,IC_EF_HUMANTOX_NONCANCER,0.029,
d86c88e9-6555-11dd-ad8b-0800200c9a66,IC_EF_ECOTOX_FRESHWATER,44.4,
a80a2e62-3aa3-4efd-8071-5ee9a75d6ccf,IC_EF_ECOTOX_FRESHWATER,8.48,
08a91e70-3ddc-11dd-92c3-0050c2490048,IC_EF_PHOTOCHEM_OZONE,0.164,
08a91e70-3ddc-11dd-92c3-0050c2490048,IC_EF_ECOTOX_FRESHWATER,10.4,
fe0acd60-3ddc-11dd-a3f1-0050c2490048,IC_EF_HUMANTOX_CANCER,2.54E-9,
fe0acd60-3ddc-11dd-a3f1-0050c2490048,IC_EF_ECOTOX_FRESHWATER,3.11,
fe0acd60-3ddc-11dd-a31a-0050c2490048,IC_EF_ECOTOX_FRESHWATER,112000.0,
09333058-7adb-4965-aa9f-7d7f7aa47de6,IC_EF_WATER_USE,-5.56E+01,TR
08a91e70-3ddc-11dd-a08c-0050c2490048,IC_EF_ECOTOX_FRESHWATER,2010000.0,
08a91e70-3ddc-11dd-a08c-0050c2490048,IC_EF_HUMANTOX_NONCANCER,3.27E-4,
4d9a8790-3ddd-11dd-9827-0050c2490048,IC_EF_ECOTOX_FRESHWATER,541.0,
4d9a8790-3ddd-11dd-9827-0050c2490048,IC_EF_HUMANTOX_NONCANCER,6.55E-6,
09333058-7adb-4965-aa9f-7d7f7aa47de6,IC_EF_WATER_USE,-1.94E+00,FI
7a845c58-e575-4729-b7f3-294013fd2172,IC_EF_WATER_USE,-1.79E+00,CZ
cff12f64-4450-4c71-a35c-1fb1ba3e2d87,IC_EF_ECOTOX_FRESHWATER,125.0,
e8d69262-2e79-4122-9da8-fd9328da8d6b,IC_EF_WATER_USE,-1.16E+00,BA
fe0acd60-3ddc-11dd-9fe7-0050c2490048,IC_EF_ECOTOX_FRESHWATER,781.0,
fe0acd60-3ddc-11dd-9fe7-0050c2490048,IC_EF_HUMANTOX_NONCANCER,4.03E-8,
01b3863d-e1f8-4396-b9e0-7b2fdf812735,IC_EF_EUTROPH_MARINE,1.0,
fe0acd60-3ddc-11dd-a2fa-0050c2490048,IC_EF_ECOTOX_FRESHWATER,60100.0,
fe0acd60-3ddc-11dd-a2fa-0050c2490048,IC_EF_HUMANTOX_NONCANCER,6.64E-6,
4d9a8790-3ddd-11dd-9bcb-0050c2490048,IC_EF_ECOTOX_FRESHWATER,587.0,
4d9a8790-3ddd-11dd-9bcb-0050c2490048,IC_EF_HUMANTOX_NONCANCER,7.18E-8,
fe0acd60-3ddc-11dd-aa8b-0050c2490048,IC_EF_ECOTOX_FRESHWATER,350.0,
fe0acd60-3ddc-11dd-aa8b-0050c2490048,IC_EF_HUMANTOX_NONCANCER,9.89E-7,
7a845c58-e575-4729-b7f3-294013fd2172,IC_EF_WATER_USE,-5.26E+01,KZ
08a91e70-3ddc-11dd-927a-0050c2490048,IC_EF_ECOTOX_FRESHWATER,270.0,
4d9a8790-3ddd-11dd-9d1d-0050c2490048,IC_EF_ECOTOX_FRESHWATER,1250.0,
4d9a8790-3ddd-11dd-8db8-0050c2490048,IC_EF_ECOTOX_FRESHWATER,58300.0,
4d9a8790-3ddd-11dd-8db8-0050c2490048,IC_EF_HUMANTOX_NONCANCER,1.4E-4,
fe0acd60-3ddc-11dd-a304-0050c2490048,IC_EF_ECOTOX_FRESHWATER,262000.0,
fe0acd60-3ddc-11dd-a304-0050c2490048,IC_EF_HUMANTOX_NONCANCER,1.48E-7,
fe0acd60-3ddc-11dd-a835-0050c2490048,IC_EF_ECOTOX_FRESHWATER,106.0,
fe0acd60-3ddc-11dd-a835-0050c2490048,IC_EF_HUMANTOX_NONCANCER,2.79E-6,
4d9a8790-3ddd-11dd-9355-0050c2490048,IC_EF_PHOTOCHEM_OZONE,0.519,
fe0acd60-3ddc-11dd-ad96-0050c2490048,IC_EF_HUMANTOX_CANCER,3.88E-9,
fe0acd60-3ddc-11dd-ad96-0050c2490048,IC_EF_ECOTOX_FRESHWATER,77.4,
fe0acd60-3ddc-11dd-ad96-0050c2490048,IC_EF_HUMANTOX_NONCANCER,1.57E-8,
4d9a8790-3ddd-11dd-8fd7-0050c2490048,IC_EF_HUMANTOX_CANCER,0.0106,
4d9a8790-3ddd-11dd-8fd7-0050c2490048,IC_EF_ECOTOX_FRESHWATER,105000.0,
4d9a8790-3ddd-11dd-8fd7-0050c2490048,IC_EF_HUMANTOX_NONCANCER,2.4E-5,
09333058-7adb-4965-aa9f-7d7f7aa47de6,IC_EF_WATER_USE,-8.91E+00,NG
4d9a8790-3ddd-11dd-9b2c-0050c2490048,IC_EF_IONISING_RADIATION,0.564,
e8d69262-2e79-4122-9da8-fd9328da8d6b,IC_EF_WATER_USE,-8.33E+00,RO
08a91e70-3ddc-11dd-99a6-0050c2490048,IC_EF_HUMANTOX_CANCER,2.11E-11,
08a91e70-3ddc-11dd-99a6-0050c2490048,IC_EF_ECOTOX_FRESHWATER,0.00116,
08a91e70-3ddc-11dd-99a6-0050c2490048,IC_EF_HUMANTOX_NONCANCER,9.85E-10,
09333058-7adb-4965-aa9f-7d7f7aa47de6,IC_EF_WATER_USE,-7.21E+01,AU
fe0acd60-3ddc-11dd-b09e-0050c2490048,IC_EF_ECOTOX_FRESHWATER,869.0,
fe0acd60-3ddc-11dd-b09e-0050c2490048,IC_EF_HUMANTOX_NONCANCER,6.03E-7,
2b3c5dac-4f82-423b-9d8d-678c79d0a1a4,IC_EF_ECOTOX_FRESHWATER,122.0,
2b3c5dac-4f82-423b-9d8d-678c79d0a1a4,IC_EF_HUMANTOX_NONCANCER,1.21E-6,
08a91e70-3ddc-11dd-9257-0050c2490048,IC_EF_IONISING_RADIATION,10.0,
fe0acd60-3ddc-11dd-ae3f-0050c2490048,IC_EF_IONISING_RADIATION,0.114,
09333058-7adb-4965-aa9f-7d7f7aa47de6,IC_EF_WATER_USE,-8.33E+00,RO
e2fab6a9-6555-11dd-ad8b-0800200c9a66,IC_EF_ECOTOX_FRESHWATER,60800.0,
fe0acd60-3ddc-11dd-ac48-0050c2490048,IC_EF_PARTICULATE_MATTER,0.000008,
fe0acd60-3ddc-11dd-ac48-0050c2490048,IC_EF_PHOTOCHEM_OZONE,0.0811,
fe0acd60-3ddc-11dd-ac48-0050c2490048,IC_EF_ACIDIFICATION,1.31,
4d9a8790-3ddd-11dd-9305-0050c2490048,IC_EF_ECOTOX_FRESHWATER,248000.0,
4d9a8790-3ddd-11dd-9305-0050c2490048,IC_EF_HUMANTOX_NONCANCER,1.75E-5,
08a91e70-3ddc-11dd-95ff-0050c2490048,IC_EF_ECOTOX_FRESHWATER,15.7,
fe0acd60-3ddc-11dd-aa14-0050c2490048,IC_EF_HUMANTOX_CANCER,1.14E-6,
fe0acd60-3ddc-11dd-aa14-0050c2490048,IC_EF_ECOTOX_FRESHWATER,179.0,
fe0acd60-3ddc-11dd-aa14-0050c2490048,IC_EF_HUMANTOX_NONCANCER,5.61E-6,
4d9a8790-3ddd-11dd-8fd0-0050c2490048,IC_EF_ECOTOX_FRESHWATER,1290.0,
4d9a8790-3ddd-11dd-8fd0-0050c2490048,IC_EF_HUMANTOX_NONCANCER,3.03E-9,
4d9a8790-3ddd-11dd-8f57-0050c2490048,IC_EF_ECOTOX_FRESHWATER,5.37,
4d9a8790-3ddd-11dd-8f57-0050c2490048,IC_EF_HUMANTOX_NONCANCER,5.65E-8,
fe0acd60-3ddc-11dd-aa69-0050c2490048,IC_EF_HUMANTOX_CANCER,2.01E-7,
fe0acd60-3ddc-11dd-aa69-0050c2490048,IC_EF_ECOTOX_FRESHWATER,85100.0,
fe0acd60-3ddc-11dd-aa69-0050c2490048,IC_EF_HUMANTOX_NONCANCER,2.12E-6,
09333058-7adb-4965-aa9f-7d7f7aa47de6,IC_EF_WATER_USE,-8.97E-01,JP
fe0acd60-3ddc-11dd-a6f1-0050c2490048,IC_EF_ECOTOX_FRESHWATER,2.43E-4,
fe0acd60-3ddc-11dd-a6f1-0050c2490048,IC_EF_HUMANTOX_NONCANCER,1.94E-8,
fe0acd60-3ddc-11dd-a93c-0050c2490048,IC_EF_ECOTOX_FRESHWATER,0.511,
fe0acd60-3ddc-11dd-a93c-0050c2490048,IC_EF_HUMANTOX_NONCANCER,2.93E-9,
e2fb04c7-6555-11dd-ad8b-0800200c9a66,IC_EF_ECOTOX_FRESHWATER,70.7,
fe0acd60-3ddc-11dd-a412-0050c2490048,IC_EF_PHOTOCHEM_OZONE,0.549,
fe0acd60-3ddc-11dd-a412-0050c2490048,IC_EF_HUMANTOX_CANCER,3.0E-8,
fe0acd60-3ddc-11dd-a412-0050c2490048,IC_EF_ECOTOX_FRESHWATER,0.0248,
fe0acd60-3ddc-11dd-9fed-0050c2490048,IC_EF_ECOTOX_FRESHWATER,11000.0,
fe0acd60-3ddc-11dd-9fed-0050c2490048,IC_EF_HUMANTOX_NONCANCER,5.89E-7,
09333058-7adb-4965-aa9f-7d7f7aa47de6,IC_EF_WATER_USE,-8.01E+01,CL
09333058-7adb-4965-aa9f-7d7f7aa47de6,IC_EF_WATER_USE,-7.77E+01,ES
09333058-7adb-4965-aa9f-7d7f7aa47de6,IC_EF_WATER_USE,-1.27E+00,AT
08a91e70-3ddc-11dd-9686-0050c2490048,IC_EF_ECOTOX_FRESHWATER,63.7,
08a91e70-3ddc-11dd-9686-0050c2490048,IC_EF_HUMANTOX_NONCANCER,1.8E-8,
4d9a8790-3ddd-11dd-97d0-0050c2490048,IC_EF_HUMANTOX_CANCER,1.63E-7,
4d9a8790-3ddd-11dd-97d0-0050c2490048,IC_EF_ECOTOX_FRESHWATER,106.0,
4d9a8790-3ddd-11dd-97d0-0050c2490048,IC_EF_HUMANTOX_NONCANCER,4.53E-4,
fe0acd60-3ddc-11dd-aa6e-0050c2490048,IC_EF_HUMANTOX_CANCER,1.02E-6,
fe0acd60-3ddc-11dd-aa6e-0050c2490048,IC_EF_ECOTOX_FRESHWATER,3070.0,
fe0acd60-3ddc-11dd-aa6e-0050c2490048,IC_EF_HUMANTOX_NONCANCER,7.57E-7,
4d9a8790-3ddd-11dd-8d10-0050c2490048,IC_EF_ECOTOX_FRESHWATER,237.0,
08a91e70-3ddc-11dd-a081-0050c2490048,IC_EF_ECOTOX_FRESHWATER,3.23E7,
08a91e70-3ddc-11dd-a081-0050c2490048,IC_EF_HUMANTOX_NONCANCER,3.05E-5,
e8d69262-2e79-4122-9da8-fd9328da8d6b,IC_EF_WATER_USE,-8.97E-01,JP
09333058-7adb-4965-aa9f-7d7f7aa47de6,IC_EF_WATER_USE,-1.97E+00,EE
fe0acd60-3ddc-11dd-a78f-0050c2490048,IC_EF_HUMANTOX_CANCER,1.93E-25,
fe0acd60-3ddc-11dd-a78f-0050c2490048,IC_EF_ECOTOX_FRESHWATER,3720.0,
fe0acd60-3ddc-11dd-a78f-0050c2490048,IC_EF_HUMANTOX_NONCANCER,4.44E-6,
e8d69262-2e79-4122-9da8-fd9328da8d6b,IC_EF_WATER_USE,-4.24E+01,CN
08a91e70-3ddc-11dd-9ea6-0050c2490048,IC_EF_ECOTOX_FRESHWATER,86.2,
fe0acd60-3ddc-11dd-ac51-0050c2490048,IC_EF_CLIMATE_FOSSIL,2.61E+04,
fe0acd60-3ddc-11dd-ac51-0050c2490048,IC_EF_CLIMATE_TOTAL,2.61E+04,
1997e873-51d5-40cf-a997-06620ca1cbf7,IC_EF_ECOTOX_FRESHWATER,7.03,
08a91e70-3ddc-11dd-98d8-0050c2490048,IC_EF_ECOTOX_FRESHWATER,3730.0,
08a91e70-3ddc-11dd-968d-0050c2490048,IC_EF_ECOTOX_FRESHWATER,190000.0,
08a91e70-3ddc-11dd-968d-0050c2490048,IC_EF_HUMANTOX_NONCANCER,3.64E-4,
fe0acd60-3ddc-11dd-acd4-0050c2490048,IC_EF_IONISING_RADIATION,1.5,
25d5cc35-2827-4541-9412-fa45c9313bbe,IC_EF_EUTROPH_FRESHWATER,1.0,
fe0acd60-3ddc-11dd-9f05-0050c2490048,IC_EF_PHOTOCHEM_OZONE,1.35,
fe0acd60-3ddc-11dd-9f05-0050c2490048,IC_EF_ECOTOX_FRESHWATER,0.382,
09333058-7adb-4965-aa9f-7d7f7aa47de6,IC_EF_WATER_USE,-5.26E+01,KZ
fe0acd60-3ddc-11dd-a0c1-0050c2490048,IC_EF_ECOTOX_FRESHWATER,588000.0,
fe0acd60-3ddc-11dd-a0c1-0050c2490048,IC_EF_HUMANTOX_NONCANCER,1.98E-6,
fe0acd60-3ddc-11dd-a4f7-0050c2490048,IC_EF_IONISING_RADIATION,0.02,
08a91e70-3ddc-11dd-97d1-0050c2490048,IC_EF_HUMANTOX_CANCER,1.14E-5,
08a91e70-3ddc-11dd-97d1-0050c2490048,IC_EF_ECOTOX_FRESHWATER,19200.0,
08a91e70-3ddc-11dd-97d1-0050c2490048,IC_EF_HUMANTOX_NONCANCER,2.12E-5,
fe0acd60-3ddc-11dd-a7a0-0050c2490048,IC_EF_ECOTOX_FRESHWATER,23200.0,
fe0acd60-3ddc-11dd-a7a0-0050c2490048,IC_EF_HUMANTOX_NONCANCER,1.34E-5,
08a91e70-3ddc-11dd-a02e-0050c2490048,IC_EF_PHOTOCHEM_OZONE,0.667,
08a91e70-3ddc-11dd-a02e-0050c2490048,IC_EF_ECOTOX_FRESHWATER,0.01,
e8d69262-2e79-4122-9da8-fd9328da8d6b,IC_EF_WATER_USE,-2.68E+01,UA
fe0acd60-3ddc-11dd-a843-0050c2490048,IC_EF_PHOTOCHEM_OZONE,0.318,
fe0acd60-3ddc-11dd-a843-0050c2490048,IC_EF_ECOTOX_FRESHWATER,0.08,
08a91e70-3ddc-11dd-9293-0050c2490048,IC_EF_PARTICULATE_MATTER,0.000238497,
7a845c58-e575-4729-b7f3-294013fd2172,IC_EF_WATER_USE,-4.41E+00,SE
4d9a8790-3ddd-11dd-8dc4-0050c2490048,IC_EF_HUMANTOX_CANCER,1.21E-8,
4d9a8790-3ddd-11dd-8dc4-0050c2490048,IC_EF_ECOTOX_FRESHWATER,0.0687,
4d9a8790-3ddd-11dd-8dc4-0050c2490048,IC_EF_HUMANTOX_NONCANCER,3.98E-7,
08a91e70-3ddc-11dd-951c-0050c2490048,IC_EF_ECOTOX_FRESHWATER,12.6,
09333058-7adb-4965-aa9f-7d7f7aa47de6,IC_EF_WATER_USE,-4.41E+00,SE
08a91e70-3ddc-11dd-91be-0050c2490048,IC_EF_PARTICULATE_MATTER,5.48544E-05,
fe0acd60-3ddc-11dd-ac8d-0050c2490048,IC_EF_ECOTOX_FRESHWATER,0.188,
fe0acd60-3ddc-11dd-ac8d-0050c2490048,IC_EF_HUMANTOX_NONCANCER,2.37E-7,
09333058-7adb-4965-aa9f-7d7f7aa47de6,IC_EF_WATER_USE,-9.17E-01,SI
08a91e70-3ddc-11dd-93ac-0050c2490048,IC_EF_ECOTOX_FRESHWATER,70.5,
08a91e70-3ddc-11dd-93ac-0050c2490048,IC_EF_HUMANTOX_NONCANCER,1.99E-6,
08a91e70-3ddc-11dd-9245-0050c2490048,IC_EF_ECOTOX_FRESHWATER,2.31,
08a91e70-3ddc-11dd-9245-0050c2490048,IC_EF_HUMANTOX_NONCANCER,4.99E-5,
09333058-7adb-4965-aa9f-7d7f7aa47de6,IC_EF_WATER_USE,-7.82E+00,PH
08a91e70-3ddc-11dd-969e-0050c2490048,IC_EF_IONISING_RADIATION,0.786,
4d9a8790-3ddd-11dd-8daa-0050c2490048,IC_EF_PHOTOCHEM_OZONE,0.649,
4d9a8790-3ddd-11dd-9b37-0050c2490048,IC_EF_IONISING_RADIATION,0.636,
fe0acd60-3ddc-11dd-a453-0050c2490048,IC_EF_ECOTOX_FRESHWATER,2990.0,
fe0acd60-3ddc-11dd-a453-0050c2490048,IC_EF_HUMANTOX_NONCANCER,4.75E-5,
4d9a8790-3ddd-11dd-8dc2-0050c2490048,IC_EF_ECOTOX_FRESHWATER,1.15E-15,
4d9a8790-3ddd-11dd-8dc2-0050c2490048,IC_EF_HUMANTOX_NONCANCER,1.2E-5,
4d9a8790-3ddd-11dd-8e08-0050c2490048,IC_EF_ECOTOX_FRESHWATER,93.9,
4d9a8790-3ddd-11dd-8e08-0050c2490048,IC_EF_HUMANTOX_NONCANCER,6.16E-8,
7a845c58-e575-4729-b7f3-294013fd2172,IC_EF_WATER_USE,-1.94E+00,FI
08a91e70-3ddc-11dd-a302-0050c2490048,IC_EF_PHOTOCHEM_OZONE,1.0,
fe0acd60-3ddc-11dd-a457-0050c2490048,IC_EF_ECOTOX_FRESHWATER,212000.0,
fe0acd60-3ddc-11dd-a457-0050c2490048,IC_EF_HUMANTOX_NONCANCER,1.86E-4,
08a91e70-3ddc-11dd-95c2-0050c2490048,IC_EF_ECOTOX_FRESHWATER,90.1,
08a91e70-3ddc-11dd-95c2-0050c2490048,IC_EF_HUMANTOX_NONCANCER,1.06E-9,
08a91e70-3ddc-11dd-976d-0050c2490048,IC_EF_ECOTOX_FRESHWATER,1160.0,
08a91e70-3ddc-11dd-976d-0050c2490048,IC_EF_HUMANTOX_NONCANCER,2.22E-5,
fe0acd60-3ddc-11dd-afcf-0050c2490048,IC_EF_CLIMATE_FOSSIL,7.12E+02,
fe0acd60-3ddc-11dd-afcf-0050c2490048,IC_EF_CLIMATE_TOTAL,7.12E+02,
fe0acd60-3ddc-11dd-afcf-0050c2490048,IC_EF_PHOTOCHEM_OZONE,0.0456,
fe0acd60-3ddc-11dd-afcf-0050c2490048,IC_EF_ECOTOX_FRESHWATER,0.529,
4d9a8790-3ddd-11dd-9214-0050c2490048,IC_EF_HUMANTOX_CANCER,1.18E-7,
4d9a8790-3ddd-11dd-9214-0050c2490048,IC_EF_ECOTOX_FRESHWATER,1150000.0,
4d9a8790-3ddd-11dd-9214-0050c2490048,IC_EF_HUMANTOX_NONCANCER,3.56E-6,
08a91e70-3ddc-11dd-930f-0050c2490048,IC_EF_HUMANTOX_CANCER,1.96E-5,
08a91e70-3ddc-11dd-930f-0050c2490048,IC_EF_ECOTOX_FRESHWATER,3.48,
08a91e70-3ddc-11dd-930f-0050c2490048,IC_EF_HUMANTOX_NONCANCER,1.27E-7,
08a91e70-3ddc-11dd-9112-0050c2490048,IC_EF_ECOTOX_FRESHWATER,0.0348,
08a91e70-3ddc-11dd-9112-0050c2490048,IC_EF_HUMANTOX_NONCANCER,1.63E-12,
fe0acd60-3ddc-11dd-ae39-0050c2490048,IC_EF_ECOTOX_FRESHWATER,2930.0,
fe0acd60-3ddc-11dd-ae39-0050c2490048,IC_EF_HUMANTOX_NONCANCER,1.07E-7,
fe0acd60-3ddc-11dd-a4f1-0050c2490048,IC_EF_ECOTOX_FRESHWATER,2150.0,
08a91e70-3ddc-11dd-9a04-0050c2490048,IC_EF_ECOTOX_FRESHWATER,3.03,
08a91e70-3ddc-11dd-9a04-0050c2490048,IC_EF_HUMANTOX_NONCANCER,2.8E-8,
fe0acd60-3ddc-11dd-ac7b-0050c2490048,IC_EF_ECOTOX_FRESHWATER,3490.0,
fe0acd60-3ddc-11dd-ac7b-0050c2490048,IC_EF_HUMANTOX_NONCANCER,3.32E-7,
08a91e70-3ddc-11dd-9524-0050c2490048,IC_EF_ECOTOX_FRESHWATER,1.21,
08a91e70-3ddc-11dd-9524-0050c2490048,IC_EF_HUMANTOX_NONCANCER,5.86E-9,
fe0acd60-3ddc-11dd-a0bd-0050c2490048,IC_EF_ECOTOX_FRESHWATER,11900.0,
fe0acd60-3ddc-11dd-a0bd-0050c2490048,IC_EF_HUMANTOX_NONCANCER,3.79E-7,
e8d69262-2e79-4122-9da8-fd9328da8d6b,IC_EF_WATER_USE,-3.38E+01,US
fe0acd60-3ddc-11dd-ad82-0050c2490048,IC_EF_ECOTOX_FRESHWATER,9.86,
fe0acd60-3ddc-11dd-ad82-0050c2490048,IC_EF_HUMANTOX_NONCANCER,5.72E-8,
08a91e70-3ddc-11dd-92ac-0050c2490048,IC_EF_ECOTOX_FRESHWATER,1430.0,
e8d69262-2e79-4122-9da8-fd9328da8d6b,IC_EF_WATER_USE,-1.37E+00,BE
fe0acd60-3ddc-11dd-a75b-0050c2490048,IC_EF_ECOTOX_FRESHWATER,148.0,
fe0acd60-3ddc-11dd-a75b-0050c2490048,IC_EF_HUMANTOX_NONCANCER,0.00466,
fe0acd60-3ddc-11dd-ad24-0050c2490048,IC_EF_ECOTOX_FRESHWATER,5.14E-4,
08a91e70-3ddc-11dd-94b9-0050c2490048,IC_EF_IONISING_RADIATION,3.29E-6,
08a91e70-3ddc-11dd-94b6-0050c2490048,IC_EF_IONISING_RADIATION,2.14E-5,
09333058-7adb-4965-aa9f-7d7f7aa47de6,IC_EF_WATER_USE,-1.34E+00,CH
5b31de49-56f1-4b52-ab9f-3b811e091eb2,IC_EF_HUMANTOX_CANCER,1.86E-6,
5b31de49-56f1-4b52-ab9f-3b811e091eb2,IC_EF_ECOTOX_FRESHWATER,21.6,
fe0acd60-3ddc-11dd-a2ef-0050c2490048,IC_EF_HUMANTOX_CANCER,4.73E-8,
fe0acd60-3ddc-11dd-a2ef-0050c2490048,IC_EF_ECOTOX_FRESHWATER,175.0,
fe0acd60-3ddc-11dd-a2ef-0050c2490048,IC_EF_HUMANTOX_NONCANCER,3.73E-8,
4d9a8790-3ddd-11dd-92e2-0050c2490048,IC_EF_ECOTOX_FRESHWATER,1040.0,
fe0acd60-3ddc-11dd-abfe-0050c2490048,IC_EF_ECOTOX_FRESHWATER,2.4E-16,
fe0acd60-3ddc-11dd-abfe-0050c2490048,IC_EF_HUMANTOX_NONCANCER,8.72E-5,
08a91e70-3ddc-11dd-a03e-0050c2490048,IC_EF_ECOTOX_FRESHWATER,678000.0,
08a91e70-3ddc-11dd-a03e-0050c2490048,IC_EF_HUMANTOX_NONCANCER,3.93E-7,
08a91e70-3ddc-11dd-9195-0050c2490048,IC_EF_ECOTOX_FRESHWATER,4120.0,
08a91e70-3ddc-11dd-9195-0050c2490048,IC_EF_HUMANTOX_NONCANCER,2.58E-7,
e8d69262-2e79-4122-9da8-fd9328da8d6b,IC_EF_WATER_USE,-1.30E+00,SK
fe0acd60-3ddc-11dd-a40f-0050c2490048,IC_EF_ECOTOX_FRESHWATER,0.116,
2e075748-5774-4744-b515-ec7723b8abe5,IC_EF_ECOTOX_FRESHWATER,127.0,
2e075748-5774-4744-b515-ec7723b8abe5,IC_EF_HUMANTOX_NONCANCER,3.01E-8,
e8d69262-2e79-4122-9da8-fd9328da8d6b,IC_EF_WATER_USE,-1.66E+00,KR
08a91e70-3ddc-11dd-975f-0050c2490048,IC_EF_ECOTOX_FRESHWATER,0.00989,
08a91e70-3ddc-11dd-975f-0050c2490048,IC_EF_HUMANTOX_NONCANCER,4.3E-10,
3e4d9ec3-6556-11dd-ad8b-0800200c9a66,IC_EF_ECOTOX_FRESHWATER,383.0,
4d9a8790-3ddd-11dd-8fd3-0050c2490048,IC_EF_ECOTOX_FRESHWATER,650.0,
4d9a8790-3ddd-11dd-8fd3-0050c2490048,IC_EF_HUMANTOX_NONCANCER,1.52E-9,
08a91e70-3ddc-11dd-9603-0050c2490048,IC_EF_ECOTOX_FRESHWATER,498.0,
e8d69262-2e79-4122-9da8-fd9328da8d6b,IC_EF_WATER_USE,-1.79E+00,CZ
7a845c58-e575-4729-b7f3-294013fd2172,IC_EF_WATER_USE,-2.36E+01,ID
fe0acd60-3ddc-11dd-b127-0050c2490048,IC_EF_ECOTOX_FRESHWATER,368.0,
fe0acd60-3ddc-11dd-b127-0050c2490048,IC_EF_HUMANTOX_NONCANCER,1.98E-5,
08a91e70-3ddc-11dd-94dd-0050c2490048,IC_EF_IONISING_RADIATION,6.71E-6,
fe0acd60-3ddc-11dd-ab36-0050c2490048,IC_EF_PHOTOCHEM_OZONE,0.948,
fe0acd60-3ddc-11dd-ab36-0050c2490048,IC_EF_ECOTOX_FRESHWATER,0.0925,
a561f3ba-df5c-4160-9776-431d6c39bced,IC_EF_ECOTOX_FRESHWATER,5390.0,
08a91e70-3ddc-11dd-98bf-0050c2490048,IC_EF_IONISING_RADIATION,0.00607,
08a91e70-3ddc-11dd-91df-0050c2490048,IC_EF_HUMANTOX_CANCER,3.69E-4,
08a91e70-3ddc-11dd-91df-0050c2490048,IC_EF_ECOTOX_FRESHWATER,40400.0,
08a91e70-3ddc-11dd-91df-0050c2490048,IC_EF_HUMANTOX_NONCANCER,0.0273,
76b44f80-eb4d-41ce-9b65-910f9c111aee,IC_EF_HUMANTOX_CANCER,3.03E-5,
76b44f80-eb4d-41ce-9b65-910f9c111aee,IC_EF_ECOTOX_FRESHWATER,2.54E-16,
76b44f80-eb4d-41ce-9b65-910f9c111aee,IC_EF_HUMANTOX_NONCANCER,0.00224,
4d9a8790-3ddd-11dd-9b3e-0050c2490048,IC_EF_IONISING_RADIATION,0.00371,
7a845c58-e575-4729-b7f3-294013fd2172,IC_EF_WATER_USE,-1.45E+00,LV
fe0acd60-3ddc-11dd-b0a0-0050c2490048,IC_EF_ECOTOX_FRESHWATER,1260.0,
fe0acd60-3ddc-11dd-b0a0-0050c2490048,IC_EF_HUMANTOX_NONCANCER,1.86E-6,
08a91e70-3ddc-11dd-96ee-0050c2490048,IC_EF_PARTICULATE_MATTER,0.0000016,
08a91e70-3ddc-11dd-96ee-0050c2490048,IC_EF_PHOTOCHEM_OZONE,1.0,
08a91e70-3ddc-11dd-96ee-0050c2490048,IC_EF_ACIDIFICATION,1.134666667,
08a91e70-3ddc-11dd-96ee-0050c2490048,IC_EF_EUTROPH_TERRESTRIAL,6.532,
08a91e70-3ddc-11dd-96ee-0050c2490048,IC_EF_EUTROPH_MARINE,0.596,
4d9a8790-3ddd-11dd-9272-0050c2490048,IC_EF_HUMANTOX_CANCER,2.39E-7,
fe0acd60-3ddc-11dd-a745-0050c2490048,IC_EF_CLIMATE_FOSSIL,1.00E+00,
fe0acd60-3ddc-11dd-a745-0050c2490048,IC_EF_CLIMATE_TOTAL,1.00E+00,
fe0acd60-3ddc-11dd-a745-0050c2490048,IC_EF_HUMANTOX_CANCER,4.15E-7,
fe0acd60-3ddc-11dd-a745-0050c2490048,IC_EF_ECOTOX_FRESHWATER,0.152,
4d9a8790-3ddd-11dd-8db4-0050c2490048,IC_EF_IONISING_RADIATION,0.107,
09333058-7adb-4965-aa9f-7d7f7aa47de6,IC_EF_WATER_USE,-3.64E+01,ZA
fe0acd60-3ddc-11dd-aa90-0050c2490048,IC_EF_IONISING_RADIATION,3.93,
fe0acd60-3ddc-11dd-aff0-0050c2490048,IC_EF_ECOTOX_FRESHWATER,67300.0,
fe0acd60-3ddc-11dd-aff0-0050c2490048,IC_EF_HUMANTOX_NONCANCER,1.27E-6,
fe0acd60-3ddc-11dd-a2b4-0050c2490048,IC_EF_ECOTOX_FRESHWATER,794000.0,
fd1c8318-2bdf-4f69-88d2-f0dd1df90192,IC_EF_ECOTOX_FRESHWATER,0.41,
fe0acd60-3ddc-11dd-a7a5-0050c2490048,IC_EF_PHOTOCHEM_OZONE,1.08,
fe0acd60-3ddc-11dd-a7a5-0050c2490048,IC_EF_HUMANTOX_CANCER,9.51E-8,
fe0acd60-3ddc-11dd-a7a5-0050c2490048,IC_EF_ECOTOX_FRESHWATER,0.292,
fe0acd60-3ddc-11dd-a7a5-0050c2490048,IC_EF_HUMANTOX_NONCANCER,4.88E-7,
d5f43560-3adf-4fc3-96a4-0d4b2fb803e9,IC_EF_HUMANTOX_CANCER,3.69E-4,
d5f43560-3adf-4fc3-96a4-0d4b2fb803e9,IC_EF_ECOTOX_FRESHWATER,40400.0,
d5f43560-3adf-4fc3-96a4-0d4b2fb803e9,IC_EF_HUMANTOX_NONCANCER,0.0273,
09333058-7adb-4965-aa9f-7d7f7aa47de6,IC_EF_WATER_USE,-7.40E+00,CA
09333058-7adb-4965-aa9f-7d7f7aa47de6,IC_EF_WATER_USE,-6.84E+01,GR
08a91e70-3ddc-11dd-9948-0050c2490048,IC_EF_ECOTOX_FRESHWATER,41300.0,
08a91e70-3ddc-11dd-9948-0050c2490048,IC_EF_HUMANTOX_NONCANCER,4.97E-5,
fe0acd60-3ddc-11dd-a3ea-0050c2490048,IC_EF_CLIMATE_FOSSIL,3.69E+03,
fe0acd60-3ddc-11dd-a3ea-0050c2490048,IC_EF_CLIMATE_TOTAL,3.69E+03,
09333058-7adb-4965-aa9f-7d7f7aa47de6,IC_EF_WATER_USE,-1.37E+01,RS
fe0acd60-3ddc-11dd-a839-0050c2490048,IC_EF_ECOTOX_FRESHWATER,860.0,
fe0acd60-3ddc-11dd-a839-0050c2490048,IC_EF_HUMANTOX_NONCANCER,3.8E-6,
08a91e70-3ddc-11dd-9b43-0050c2490048,IC_EF_ECOTOX_FRESHWATER,0.023,
4d9a8790-3ddd-11dd-9af4-0050c2490048,IC_EF_HUMANTOX_CANCER,6.91E-8,
4d9a8790-3ddd-11dd-9af4-0050c2490048,IC_EF_ECOTOX_FRESHWATER,631.0,
4d9a8790-3ddd-11dd-9af4-0050c2490048,IC_EF_HUMANTOX_NONCANCER,3.41E-6,
08a91e70-3ddc-11dd-94ea-0050c2490048,IC_EF_ECOTOX_FRESHWATER,21100.0,
08a91e70-3ddc-11dd-94ea-0050c2490048,IC_EF_HUMANTOX_NONCANCER,7.02E-4,
fe0acd60-3ddc-11dd-a646-0050c2490048,IC_EF_ECOTOX_FRESHWATER,14.1,
fe0acd60-3ddc-11dd-a646-0050c2490048,IC_EF_HUMANTOX_NONCANCER,5.79E-8,
08a91e70-3ddc-11dd-989f-0050c2490048,IC_EF_HUMANTOX_CANCER,2.65E-7,
08a91e70-3ddc-11dd-989f-0050c2490048,IC_EF_ECOTOX_FRESHWATER,1.3,
08a91e70-3ddc-11dd-989f-0050c2490048,IC_EF_HUMANTOX_NONCANCER,4.89E-6,
fe0acd60-3ddc-11dd-a7a4-0050c2490048,IC_EF_ECOTOX_FRESHWATER,55200.0,
fe0acd60-3ddc-11dd-a7a4-0050c2490048,IC_EF_HUMANTOX_NONCANCER,8.63E-7,
4d9a8790-3ddd-11dd-8daf-0050c2490048,IC_EF_IONISING_RADIATION,4.57,
f1c87a63-e96f-4837-9579-c0f8cae0b5a8,IC_EF_ECOTOX_FRESHWATER,23.9,
4d9a8790-3ddd-11dd-91e5-0050c2490048,IC_EF_IONISING_RADIATION,0.0714,
fe0acd60-3ddc-11dd-a9a5-0050c2490048,IC_EF_ECOTOX_FRESHWATER,0.0138,
fe0acd60-3ddc-11dd-a9a5-0050c2490048,IC_EF_HUMANTOX_NONCANCER,9.62E-7,
deeb7d56-80f6-475a-8d80-925ab0704687,IC_EF_ECOTOX_FRESHWATER,49.0,
fe0acd60-3ddc-11dd-9fcf-0050c2490048,IC_EF_ECOTOX_FRESHWATER,1.24,
fe0acd60-3ddc-11dd-9fcf-0050c2490048,IC_EF_HUMANTOX_NONCANCER,6.16E-8,
08a91e70-3ddc-11dd-918a-0050c2490048,IC_EF_ECOTOX_FRESHWATER,182.0,
08a91e70-3ddc-11dd-918a-0050c2490048,IC_EF_HUMANTOX_NONCANCER,2.22E-6,
fe0acd60-3ddc-11dd-a865-0050c2490048,IC_EF_ECOTOX_FRESHWATER,1970.0,
fe0acd60-3ddc-11dd-a865-0050c2490048,IC_EF_HUMANTOX_NONCANCER,1.82E-8,
08a91e70-3ddc-11dd-96e0-0050c2490048,IC_EF_EUTROPH_MARINE,0.304,
08a91e70-3ddc-11dd-91f3-0050c2490048,IC_EF_ECOTOX_FRESHWATER,201.0,
08a91e70-3ddc-11dd-91f3-0050c2490048,IC_EF_HUMANTOX_NONCANCER,1.24E-6,
08a91e70-3ddc-11dd-9202-0050c2490048,IC_EF_PHOTOCHEM_OZONE,0.368,
08a91e70-3ddc-11dd-9202-0050c2490048,IC_EF_HUMANTOX_CANCER,2.97E-7,
08a91e70-3ddc-11dd-9202-0050c2490048,IC_EF_ECOTOX_FRESHWATER,0.064,
08a91e70-3ddc-11dd-9202-0050c2490048,IC_EF_HUMANTOX_NONCANCER,7.52E-8,
08a91e70-3ddc-11dd-9894-0050c2490048,IC_EF_PHOTOCHEM_OZONE,0.6,
08a91e70-3ddc-11dd-9894-0050c2490048,IC_EF_ECOTOX_FRESHWATER,0.138,
08a91e70-3ddc-11dd-9894-0050c2490048,IC_EF_HUMANTOX_NONCANCER,7.26E-9,
e8d69262-2e79-4122-9da8-fd9328da8d6b,IC_EF_WATER_USE,-4.96E+01,PT
fe0acd60-3ddc-11dd-a4e9-0050c2490048,IC_EF_ECOTOX_FRESHWATER,47.2,
fe0acd60-3ddc-11dd-a4e9-0050c2490048,IC_EF_HUMANTOX_NONCANCER,4.37E-8,
08a91e70-3ddc-11dd-96e5-0050c2490048,IC_EF_PARTICULATE_MATTER,0.0000016,
08a91e70-3ddc-11dd-96e5-0050c2490048,IC_EF_PHOTOCHEM_OZONE,1.0,
08a91e70-3ddc-11dd-96e5-0050c2490048,IC_EF_ACIDIFICATION,0.74,
08a91e70-3ddc-11dd-96e5-0050c2490048,IC_EF_EUTROPH_TERRESTRIAL,4.26,
08a91e70-3ddc-11dd-96e5-0050c2490048,IC_EF_EUTROPH_MARINE,0.389,
fe0acd60-3ddc-11dd-a3fc-0050c2490048,IC_EF_PHOTOCHEM_OZONE,0.049,
fe0acd60-3ddc-11dd-a3fc-0050c2490048,IC_EF_HUMANTOX_CANCER,3.26E-7,
fe0acd60-3ddc-11dd-a3fc-0050c2490048,IC_EF_ECOTOX_FRESHWATER,0.723,
fe0acd60-3ddc-11dd-a3fc-0050c2490048,IC_EF_HUMANTOX_NONCANCER,1.23E-6,
08a91e70-3ddc-11dd-96cc-0050c2490048,IC_EF_HUMANTOX_CANCER,3.83E-5,
08a91e70-3ddc-11dd-96cc-0050c2490048,IC_EF_ECOTOX_FRESHWATER,14900.0,
08a91e70-3ddc-11dd-96cc-0050c2490048,IC_EF_HUMANTOX_NONCANCER,2.15E-6,
08a91e70-3ddc-11dd-925b-0050c2490048,IC_EF_IONISING_RADIATION,0.0557,
09333058-7adb-4965-aa9f-7d7f7aa47de6,IC_EF_WATER_USE,-5.98E-01,IS
09333058-7adb-4965-aa9f-7d7f7aa47de6,IC_EF_WATER_USE,-1.30E+00,SK
09333058-7adb-4965-aa9f-7d7f7aa47de6,IC_EF_WATER_USE,-1.37E+00,BE
e8d69262-2e79-4122-9da8-fd9328da8d6b,IC_EF_WATER_USE,-1.26E+00,HU
7a845c58-e575-4729-b7f3-294013fd2172,IC_EF_WATER_USE,-3.38E+01,US
fe0acd60-3ddc-11dd-ad91-0050c2490048,IC_EF_HUMANTOX_CANCER,4.75E-9,
fe0acd60-3ddc-11dd-ad91-0050c2490048,IC_EF_ECOTOX_FRESHWATER,0.0106,
fe0acd60-3ddc-11dd-ad91-0050c2490048,IC_EF_HUMANTOX_NONCANCER,1.1E-7,
9abf6aa9-c299-47ae-b9d7-539d65107fd8,IC_EF_ECOTOX_FRESHWATER,10.2,
08a91e70-3ddc-11dd-9280-0050c2490048,IC_EF_ECOTOX_FRESHWATER,912.0,
fe0acd60-3ddc-11dd-a553-0050c2490048,IC_EF_HUMANTOX_CANCER,9.34E-9,
fe0acd60-3ddc-11dd-a553-0050c2490048,IC_EF_ECOTOX_FRESHWATER,0.264,
fe0acd60-3ddc-11dd-a553-0050c2490048,IC_EF_HUMANTOX_NONCANCER,6.0E-9,
6b2c9448-1b25-4293-be7a-9897e4841e85,IC_EF_ECOTOX_FRESHWATER,0.528,
4d9a8790-3ddd-11dd-9c92-0050c2490048,IC_EF_ECOTOX_FRESHWATER,4350.0,
4d9a8790-3ddd-11dd-9c92-0050c2490048,IC_EF_HUMANTOX_NONCANCER,2.43E-7,
f1266d9a-a062-4c3c-80cf-191c61912911,IC_EF_ECOTOX_FRESHWATER,96.7,
f1266d9a-a062-4c3c-80cf-191c61912911,IC_EF_HUMANTOX_NONCANCER,1.14E-7,
08a91e70-3ddc-11dd-95a4-0050c2490048,IC_EF_PHOTOCHEM_OZONE,0.608,
08a91e70-3ddc-11dd-95a4-0050c2490048,IC_EF_ECOTOX_FRESHWATER,0.2,
08a91e70-3ddc-11dd-95a4-0050c2490048,IC_EF_HUMANTOX_NONCANCER,1.19E-8,
08a91e70-3ddc-11dd-9221-0050c2490048,IC_EF_HUMANTOX_CANCER,3.49E-5,
08a91e70-3ddc-11dd-9221-0050c2490048,IC_EF_ECOTOX_FRESHWATER,107.0,
fe0acd60-3ddc-11dd-a749-0050c2490048,IC_EF_HUMANTOX_CANCER,1.63E-6,
fe0acd60-3ddc-11dd-a749-0050c2490048,IC_EF_ECOTOX_FRESHWATER,15.1,
fe0acd60-3ddc-11dd-a43e-0050c2490048,IC_EF_ECOTOX_FRESHWATER,1360.0,
fe0acd60-3ddc-11dd-a43e-0050c2490048,IC_EF_HUMANTOX_NONCANCER,5.19E-6,
fe0acd60-3ddc-11dd-a9e6-0050c2490048,IC_EF_ECOTOX_FRESHWATER,126.0,
fe0acd60-3ddc-11dd-a9e6-0050c2490048,IC_EF_HUMANTOX_NONCANCER,6.44E-8,
08a91e70-3ddc-11dd-96d7-0050c2490048,IC_EF_EUTROPH_TERRESTRIAL,3.160645161,
08a91e70-3ddc-11dd-96d7-0050c2490048,IC_EF_EUTROPH_MARINE,0.028,
fe0acd60-3ddc-11dd-a197-0050c2490048,IC_EF_ECOTOX_FRESHWATER,90.7,
fe0acd60-3ddc-11dd-a197-0050c2490048,IC_EF_HUMANTOX_NONCANCER,3.5E-8,
0a51e24a-6201-47bb-b8f2-eb52bca60c83,IC_EF_ECOTOX_FRESHWATER,216.0,
08a91e70-3ddc-11dd-952a-0050c2490048,IC_EF_ECOTOX_FRESHWATER,0.417,
fe0acd60-3ddc-11dd-a434-0050c2490048,IC_EF_ECOTOX_FRESHWATER,8.54,
fe0acd60-3ddc-11dd-a434-0050c2490048,IC_EF_HUMANTOX_NONCANCER,2.04E-8,
08a91e70-3ddc-11dd-9583-0050c2490048,IC_EF_ECOTOX_FRESHWATER,16200.0,
08a91e70-3ddc-11dd-9583-0050c2490048,IC_EF_HUMANTOX_NONCANCER,3.49E-6,
08a91e70-3ddc-11dd-9737-0050c2490048,IC_EF_ECOTOX_FRESHWATER,129.0,
4d9a8790-3ddd-11dd-9d1b-0050c2490048,IC_EF_ECOTOX_FRESHWATER,161.0,
4d9a8790-3ddd-11dd-98a2-0050c2490048,IC_EF_ECOTOX_FRESHWATER,243.0,
09333058-7adb-4965-aa9f-7d7f7aa47de6,IC_EF_WATER_USE,-7.82E+00,TH
e8d69262-2e79-4122-9da8-fd9328da8d6b,IC_EF_WATER_USE,-7.16E-01,IE
fe0acd60-3ddc-11dd-ac33-0050c2490048,IC_EF_ECOTOX_FRESHWATER,7.4E-19,
fe0acd60-3ddc-11dd-ac33-0050c2490048,IC_EF_HUMANTOX_NONCANCER,2.94E-6,
08a91e70-3ddc-11dd-9d8f-0050c2490048,IC_EF_ECOTOX_FRESHWATER,2280.0,
08a91e70-3ddc-11dd-9d8f-0050c2490048,IC_EF_HUMANTOX_NONCANCER,7.14E-4,
4d9a8790-3ddd-11dd-9beb-0050c2490048,IC_EF_ECOTOX_FRESHWATER,2.45,
4d9a8790-3ddd-11dd-9beb-0050c2490048,IC_EF_HUMANTOX_NONCANCER,1.06E-8,
4d9a8790-3ddd-11dd-907b-0050c2490048,IC_EF_PHOTOCHEM_OZONE,0.709,
7a845c58-e575-4729-b7f3-294013fd2172,IC_EF_WATER_USE,-8.01E+01,CL
08a91e70-3ddc-11dd-91d3-0050c2490048,IC_EF_ECOTOX_FRESHWATER,95800.0,
08a91e70-3ddc-11dd-91d3-0050c2490048,IC_EF_HUMANTOX_NONCANCER,1.83E-4,
4d9a8790-3ddd-11dd-96e4-0050c2490048,IC_EF_ECOTOX_FRESHWATER,10.7,
4d9a8790-3ddd-11dd-9b82-0050c2490048,IC_EF_ECOTOX_FRESHWATER,17900.0,
4d9a8790-3ddd-11dd-9b82-0050c2490048,IC_EF_HUMANTOX_NONCANCER,4.17E-6,
fe0acd60-3ddc-11dd-a488-0050c2490048,IC_EF_HUMANTOX_CANCER,8.3E-7,
fe0acd60-3ddc-11dd-a488-0050c2490048,IC_EF_ECOTOX_FRESHWATER,1.01,
fe0acd60-3ddc-11dd-a2b0-0050c2490048,IC_EF_ECOTOX_FRESHWATER,3940.0,
08a91e70-3ddc-11dd-91d1-0050c2490048,IC_EF_PHOTOCHEM_OZONE,1.89,
fe0acd60-3ddc-11dd-ae3b-0050c2490048,IC_EF_ECOTOX_FRESHWATER,458000.0,
fe0acd60-3ddc-11dd-ae3b-0050c2490048,IC_EF_HUMANTOX_NONCANCER,6.13E-7,
7a845c58-e575-4729-b7f3-294013fd2172,IC_EF_WATER_USE,-7.21E+01,AU
904ce552-a7dd-4a9f-8770-dbe0f587051f,IC_EF_ECOTOX_FRESHWATER,366.0,
904ce552-a7dd-4a9f-8770-dbe0f587051f,IC_EF_HUMANTOX_NONCANCER,1.07E-7,
08a91e70-3ddc-11dd-9319-0050c2490048,IC_EF_HUMANTOX_CANCER,2.89E-7,
08a91e70-3ddc-11dd-9319-0050c2490048,IC_EF_ECOTOX_FRESHWATER,1.19,
08a91e70-3ddc-11dd-9359-0050c2490048,IC_EF_ECOTOX_FRESHWATER,203.0,
fe0acd60-3ddc-11dd-9fd8-0050c2490048,IC_EF_ECOTOX_FRESHWATER,16500.0,
08a91e70-3ddc-11dd-91bc-0050c2490048,IC_EF_ECOTOX_FRESHWATER,11900.0,
08a91e70-3ddc-11dd-91bc-0050c2490048,IC_EF_HUMANTOX_NONCANCER,4.44E-5,
09333058-7adb-4965-aa9f-7d7f7aa47de6,IC_EF_WATER_USE,-2.17E+00,BR
7a845c58-e575-4729-b7f3-294013fd2172,IC_EF_WATER_USE,-5.98E-01,IS
fe0acd60-3ddc-11dd-ab3d-0050c2490048,IC_EF_PHOTOCHEM_OZONE,1.9,
fe0acd60-3ddc-11dd-a04b-0050c2490048,IC_EF_ECOTOX_FRESHWATER,422000.0,
fe0acd60-3ddc-11dd-a04b-0050c2490048,IC_EF_HUMANTOX_NONCANCER,7.76E-5,
7a845c58-e575-4729-b7f3-294013fd2172,IC_EF_WATER_USE,-9.17E-01,SI
4d9a8790-3ddd-11dd-8f02-0050c2490048,IC_EF_ECOTOX_FRESHWATER,141000.0,
4d9a8790-3ddd-11dd-9248-0050c2490048,IC_EF_ECOTOX_FRESHWATER,1700.0,
fe0acd60-3ddc-11dd-a0bb-0050c2490048,IC_EF_ECOTOX_FRESHWATER,24100.0,
fe0acd60-3ddc-11dd-a0bb-0050c2490048,IC_EF_HUMANTOX_NONCANCER,2.7E-7,
fe0acd60-3ddc-11dd-a761-0050c2490048,IC_EF_ECOTOX_FRESHWATER,294.0,
fe0acd60-3ddc-11dd-a761-0050c2490048,IC_EF_HUMANTOX_NONCANCER,7.66E-5,
e8d69262-2e79-4122-9da8-fd9328da8d6b,IC_EF_WATER_USE,-1.96E+00,PL
fe0acd60-3ddc-11dd-ab4f-0050c2490048,IC_EF_PHOTOCHEM_OZONE,0.253,
fe0acd60-3ddc-11dd-ab4f-0050c2490048,IC_EF_ECOTOX_FRESHWATER,10.5,
08a91e70-3ddc-11dd-98d9-0050c2490048,IC_EF_ECOTOX_FRESHWATER,2.0E-17,
e8d69262-2e79-4122-9da8-fd9328da8d6b,IC_EF_WATER_USE,-3.34E+01,MX
b22ed050-c0ad-4d53-bc0e-24b669ebc93d,IC_EF_ECOTOX_FRESHWATER,300.0,
9b3eb5cd-1799-420f-a3e5-3a81bd2fb579,IC_EF_ECOTOX_FRESHWATER,2.3,
08a91e70-3ddc-11dd-9938-0050c2490048,IC_EF_HUMANTOX_CANCER,1.84E-8,
08a91e70-3ddc-11dd-9938-0050c2490048,IC_EF_ECOTOX_FRESHWATER,6.63,
08a91e70-3ddc-11dd-9938-0050c2490048,IC_EF_HUMANTOX_NONCANCER,7.97E-9,
4d9a8790-3ddd-11dd-8e0a-0050c2490048,IC_EF_ECOTOX_FRESHWATER,84.4,
4d9a8790-3ddd-11dd-8e0a-0050c2490048,IC_EF_HUMANTOX_NONCANCER,1.09E-7,
08a91e70-3ddc-11dd-9677-0050c2490048,IC_EF_CLIMATE_FOSSIL,1.50E+01,
08a91e70-3ddc-11dd-9677-0050c2490048,IC_EF_CLIMATE_TOTAL,1.50E+01,
08a91e70-3ddc-11dd-9677-0050c2490048,IC_EF_PHOTOCHEM_OZONE,0.00845,
08a91e70-3ddc-11dd-9677-0050c2490048,IC_EF_ECOTOX_FRESHWATER,0.0632,
08a91e70-3ddc-11dd-9677-0050c2490048,IC_EF_OZONE_DEPLETION,0.015,
08a91e70-3ddc-11dd-9677-0050c2490048,IC_EF_HUMANTOX_NONCANCER,5.48E-7,
7a845c58-e575-4729-b7f3-294013fd2172,IC_EF_WATER_USE,-1.97E+00,EE
4d9a8790-3ddd-11dd-9b33-0050c2490048,IC_EF_IONISING_RADIATION,0.00371,
08a91e70-3ddc-11dd-9225-0050c2490048,IC_EF_HUMANTOX_CANCER,3.42E-5,
08a91e70-3ddc-11dd-9225-0050c2490048,IC_EF_ECOTOX_FRESHWATER,11700.0,
fe0acd60-3ddc-11dd-a954-0050c2490048,IC_EF_ECOTOX_FRESHWATER,0.463,
08a91e70-3ddc-11dd-92a1-0050c2490048,IC_EF_ECOTOX_FRESHWATER,1410.0,
08a91e70-3ddc-11dd-92a1-0050c2490048,IC_EF_HUMANTOX_NONCANCER,1.41E-7,
08a91e70-3ddc-11dd-92c7-0050c2490048,IC_EF_ECOTOX_FRESHWATER,49.8,
08a91e70-3ddc-11dd-9305-0050c2490048,IC_EF_CLIMATE_FOSSIL,3.97E+02,
08a91e70-3ddc-11dd-9305-0050c2490048,IC_EF_CLIMATE_TOTAL,3.97E+02,
fe0acd60-3ddc-11dd-afc7-0050c2490048,IC_EF_PHOTOCHEM_OZONE,0.63,
fe0acd60-3ddc-11dd-afc7-0050c2490048,IC_EF_ECOTOX_FRESHWATER,0.0577,
fe0acd60-3ddc-11dd-afc7-0050c2490048,IC_EF_HUMANTOX_NONCANCER,9.03E-10,
08a91e70-3ddc-11dd-9424-0050c2490048,IC_EF_PHOTOCHEM_OZONE,0.0541,
08a91e70-3ddc-11dd-9424-0050c2490048,IC_EF_ECOTOX_FRESHWATER,9.08,
fe0acd60-3ddc-11dd-9f8f-0050c2490048,IC_EF_ECOTOX_FRESHWATER,1280.0,
fe0acd60-3ddc-11dd-9f8f-0050c2490048,IC_EF_HUMANTOX_NONCANCER,3.66E-7,
fe0acd60-3ddc-11dd-a5e4-0050c2490048,IC_EF_ECOTOX_FRESHWATER,12.3,
fe0acd60-3ddc-11dd-a5e4-0050c2490048,IC_EF_HUMANTOX_NONCANCER,6.34E-8,
fe0acd60-3ddc-11dd-a804-0050c2490048,IC_EF_ECOTOX_FRESHWATER,1530.0,
fe0acd60-3ddc-11dd-a804-0050c2490048,IC_EF_HUMANTOX_NONCANCER,9.82E-5,
fe0acd60-3ddc-11dd-a274-0050c2490048,IC_EF_ECOTOX_FRESHWATER,6270.0,
fe0acd60-3ddc-11dd-a274-0050c2490048,IC_EF_HUMANTOX_NONCANCER,2.16E-6,
52cdd6f7-7397-4c5f-a6c5-e801baed4a6c,IC_EF_ECOTOX_FRESHWATER,754.0,
09333058-7adb-4965-aa9f-7d7f7aa47de6,IC_EF_WATER_USE,-1.25E+01,RU
fe0acd60-3ddc-11dd-aae9-0050c2490048,IC_EF_PHOTOCHEM_OZONE,0.297,
fe0acd60-3ddc-11dd-a812-0050c2490048,IC_EF_ECOTOX_FRESHWATER,54600.0,
fe0acd60-3ddc-11dd-a812-0050c2490048,IC_EF_HUMANTOX_NONCANCER,2.07E-7,
fe0acd60-3ddc-11dd-a79e-0050c2490048,IC_EF_ECOTOX_FRESHWATER,29200.0,
fe0acd60-3ddc-11dd-a79e-0050c2490048,IC_EF_HUMANTOX_NONCANCER,3.74E-5,
fe0acd60-3ddc-11dd-a293-0050c2490048,IC_EF_HUMANTOX_CANCER,8.08E-7,
fe0acd60-3ddc-11dd-a293-0050c2490048,IC_EF_ECOTOX_FRESHWATER,4940.0,
fe0acd60-3ddc-11dd-a293-0050c2490048,IC_EF_HUMANTOX_NONCANCER,2.17E-4,
a19bff06-e251-11e6-bf01-fe55135034f3,IC_EF_CLIMATE_FOSSIL,9.88E+03,
a19bff06-e251-11e6-bf01-fe55135034f3,IC_EF_CLIMATE_TOTAL,9.88E+03,
fe0acd60-3ddc-11dd-a255-0050c2490048,IC_EF_ECOTOX_FRESHWATER,1080.0,
fe0acd60-3ddc-11dd-a255-0050c2490048,IC_EF_HUMANTOX_NONCANCER,6.17E-5,
4d9a8790-3ddd-11dd-9c72-0050c2490048,IC_EF_PHOTOCHEM_OZONE,0.0422,
fe0acd60-3ddc-11dd-a996-0050c2490048,IC_EF_ECOTOX_FRESHWATER,6.03,
fe0acd60-3ddc-11dd-a996-0050c2490048,IC_EF_HUMANTOX_NONCANCER,1.92E-9,
4d9a8790-3ddd-11dd-9627-0050c2490048,IC_EF_ECOTOX_FRESHWATER,4490.0,
4d9a8790-3ddd-11dd-9627-0050c2490048,IC_EF_HUMANTOX_NONCANCER,1.37E-7,
fe0acd60-3ddc-11dd-a4ee-0050c2490048,IC_EF_ECOTOX_FRESHWATER,4100.0,
fe0acd60-3ddc-11dd-a590-0050c2490048,IC_EF_ECOTOX_FRESHWATER,0.248,
08a91e70-3ddc-11dd-9734-0050c2490048,IC_EF_PHOTOCHEM_OZONE,0.765,
08a91e70-3ddc-11dd-9734-0050c2490048,IC_EF_ECOTOX_FRESHWATER,0.5,
08a91e70-3ddc-11dd-9520-0050c2490048,IC_EF_PHOTOCHEM_OZONE,0.159,
08a91e70-3ddc-11dd-9520-0050c2490048,IC_EF_ECOTOX_FRESHWATER,0.0792,
08a91e70-3ddc-11dd-9520-0050c2490048,IC_EF_HUMANTOX_NONCANCER,6.25E-9,
08a91e70-3ddc-11dd-9360-0050c2490048,IC_EF_ECOTOX_FRESHWATER,17300.0,
08a91e70-3ddc-11dd-9360-0050c2490048,IC_EF_HUMANTOX_NONCANCER,1.24E-4,
f11f68ad-906b-493b-9213-2e9309cd6269,IC_EF_ECOTOX_FRESHWATER,85.4,
08a91e70-3ddc-11dd-96cf-0050c2490048,IC_EF_HUMANTOX_CANCER,1.97E-5,
08a91e70-3ddc-11dd-96cf-0050c2490048,IC_EF_ECOTOX_FRESHWATER,7660.0,
08a91e70-3ddc-11dd-96cf-0050c2490048,IC_EF_HUMANTOX_NONCANCER,1.11E-6,
08a91e70-3ddc-11dd-993c-0050c2490048,IC_EF_ECOTOX_FRESHWATER,1370.0,
08a91e70-3ddc-11dd-993c-0050c2490048,IC_EF_HUMANTOX_NONCANCER,3.18E-7,
fe0acd60-3ddc-11dd-a2eb-0050c2490048,IC_EF_PHOTOCHEM_OZONE,1.23,
fe0acd60-3ddc-11dd-a2eb-0050c2490048,IC_EF_HUMANTOX_CANCER,3.34E-7,
fe0acd60-3ddc-11dd-a2eb-0050c2490048,IC_EF_ECOTOX_FRESHWATER,0.0284,
fe0acd60-3ddc-11dd-a2eb-0050c2490048,IC_EF_HUMANTOX_NONCANCER,5.5E-9,
e8d69262-2e79-4122-9da8-fd9328da8d6b,IC_EF_WATER_USE,-7.82E+00,PH
fe0acd60-3ddc-11dd-a429-0050c2490048,IC_EF_ECOTOX_FRESHWATER,53700.0,
fe0acd60-3ddc-11dd-a429-0050c2490048,IC_EF_HUMANTOX_NONCANCER,4.12E-4,
08a91e70-3ddc-11dd-93b4-0050c2490048,IC_EF_ECOTOX_FRESHWATER,384.0,
e8d69262-2e79-4122-9da8-fd9328da8d6b,IC_EF_WATER_USE,-1.36E+00,DE
4d9a8790-3ddd-11dd-91e3-0050c2490048,IC_EF_HUMANTOX_CANCER,2.02E-7,
4d9a8790-3ddd-11dd-91e3-0050c2490048,IC_EF_ECOTOX_FRESHWATER,221.0,
4d9a8790-3ddd-11dd-91e3-0050c2490048,IC_EF_HUMANTOX_NONCANCER,7.08E-5,
fe0acd60-3ddc-11dd-a982-0050c2490048,IC_EF_ECOTOX_FRESHWATER,476.0,
fe0acd60-3ddc-11dd-a982-0050c2490048,IC_EF_HUMANTOX_NONCANCER,1.12E-6,
fe0acd60-3ddc-11dd-abfa-0050c2490048,IC_EF_ECOTOX_FRESHWATER,194000.0,
fe0acd60-3ddc-11dd-abfa-0050c2490048,IC_EF_HUMANTOX_NONCANCER,3.55E-4,
08a91e70-3ddc-11dd-9648-0050c2490048,IC_EF_ECOTOX_FRESHWATER,42.8,
fe0acd60-3ddc-11dd-a485-0050c2490048,IC_EF_ECOTOX_FRESHWATER,1.39E-5,
fe0acd60-3ddc-11dd-a485-0050c2490048,IC_EF_HUMANTOX_NONCANCER,3.06E-12,
08a91e70-3ddc-11dd-936c-0050c2490048,IC_EF_ECOTOX_FRESHWATER,0.23,
08a91e70-3ddc-11dd-9238-0050c2490048,IC_EF_ECOTOX_FRESHWATER,21600.0,
08a91e70-3ddc-11dd-9238-0050c2490048,IC_EF_HUMANTOX_NONCANCER,1.5E-5,
fe0acd60-3ddc-11dd-ab4a-0050c2490048,IC_EF_ECOTOX_FRESHWATER,22300.0,
fe0acd60-3ddc-11dd-ab4a-0050c2490048,IC_EF_HUMANTOX_NONCANCER,1.68E-5,
09333058-7adb-4965-aa9f-7d7f7aa47de6,IC_EF_WATER_USE,-3.42E+01,MK
a59c2637-c8f6-421e-9e18-caaafce31960,IC_EF_ECOTOX_FRESHWATER,155.0,
08a91e70-3ddc-11dd-97e4-0050c2490048,IC_EF_HUMANTOX_CANCER,9.05E-5,
08a91e70-3ddc-11dd-97e4-0050c2490048,IC_EF_ECOTOX_FRESHWATER,224.0,
08a91e70-3ddc-11dd-9313-0050c2490048,IC_EF_HUMANTOX_CANCER,1.71E-5,
08a91e70-3ddc-11dd-9313-0050c2490048,IC_EF_ECOTOX_FRESHWATER,269.0,
08a91e70-3ddc-11dd-9313-0050c2490048,IC_EF_HUMANTOX_NONCANCER,1.05E-7,
2f044334-11c9-47a2-a440-678c2da52113,IC_EF_ECOTOX_FRESHWATER,17.4,
e8d69262-2e79-4122-9da8-fd9328da8d6b,IC_EF_WATER_USE,-2.56E+01,BG
08a91e70-3ddc-11dd-a28e-0050c2490048,IC_EF_ECOTOX_FRESHWATER,2150.0,
fe0acd60-3ddc-11dd-a686-0050c2490048,IC_EF_HUMANTOX_CANCER,1.04E-6,
fe0acd60-3ddc-11dd-a686-0050c2490048,IC_EF_ECOTOX_FRESHWATER,1870.0,
fe0acd60-3ddc-11dd-a686-0050c2490048,IC_EF_HUMANTOX_NONCANCER,3.02E-7,
fe0acd60-3ddc-11dd-9fdc-0050c2490048,IC_EF_ECOTOX_FRESHWATER,115.0,
fe0acd60-3ddc-11dd-abb0-0050c2490048,IC_EF_IONISING_RADIATION,0.00114,
fe0acd60-3ddc-11dd-aba6-0050c2490048,IC_EF_IONISING_RADIATION,0.0429,
5e3f96e4-6aad-480d-a732-60bfe8950410,IC_EF_HUMANTOX_CANCER,6.03E-6,
5e3f96e4-6aad-480d-a732-60bfe8950410,IC_EF_ECOTOX_FRESHWATER,27.2,
fe0acd60-3ddc-11dd-a300-0050c2490048,IC_EF_ECOTOX_FRESHWATER,689.0,
fe0acd60-3ddc-11dd-a300-0050c2490048,IC_EF_HUMANTOX_NONCANCER,7.54E-9,
4d9a8790-3ddd-11dd-98fb-0050c2490048,IC_EF_ECOTOX_FRESHWATER,5930.0,
4d9a8790-3ddd-11dd-98fb-0050c2490048,IC_EF_HUMANTOX_NONCANCER,6.6E-5,
08a91e70-3ddc-11dd-922b-0050c2490048,IC_EF_HUMANTOX_CANCER,5.54E-7,
08a91e70-3ddc-11dd-922b-0050c2490048,IC_EF_ECOTOX_FRESHWATER,4.18,
08a91e70-3ddc-11dd-9c80-0050c2490048,IC_EF_ECOTOX_FRESHWATER,2780.0,
08a91e70-3ddc-11dd-93cd-0050c2490048,IC_EF_HUMANTOX_CANCER,4.26E-11,
08a91e70-3ddc-11dd-93cd-0050c2490048,IC_EF_ECOTOX_FRESHWATER,1.81E-6,
4d9a8790-3ddd-11dd-9b8b-0050c2490048,IC_EF_ECOTOX_FRESHWATER,4560.0,
fe0acd60-3ddc-11dd-b12b-0050c2490048,IC_EF_ECOTOX_FRESHWATER,13300.0,
fe0acd60-3ddc-11dd-b12b-0050c2490048,IC_EF_HUMANTOX_NONCANCER,4.97E-5,
7a845c58-e575-4729-b7f3-294013fd2172,IC_EF_WATER_USE,-8.33E+00,RO
fe0acd60-3ddc-11dd-a935-0050c2490048,IC_EF_PHOTOCHEM_OZONE,0.236,
fe0acd60-3ddc-11dd-a935-0050c2490048,IC_EF_ECOTOX_FRESHWATER,0.224,
fe0acd60-3ddc-11dd-a935-0050c2490048,IC_EF_HUMANTOX_NONCANCER,1.02E-8,
08a91e70-3ddc-11dd-928e-0050c2490048,IC_EF_ECOTOX_FRESHWATER,665.0,
08a91e70-3ddc-11dd-928e-0050c2490048,IC_EF_HUMANTOX_NONCANCER,2.77E-8,
7a845c58-e575-4729-b7f3-294013fd2172,IC_EF_WATER_USE,-6.98E+00,FR
7a845c58-e575-4729-b7f3-294013fd2172,IC_EF_WATER_USE,-1.17E+00,NL
fe0acd60-3ddc-11dd-9f0a-0050c2490048,IC_EF_HUMANTOX_CANCER,6.72E-5,
fe0acd60-3ddc-11dd-9f0a-0050c2490048,IC_EF_ECOTOX_FRESHWATER,4230.0,
08a91e70-3ddc-11dd-95b1-0050c2490048,IC_EF_PHOTOCHEM_OZONE,0.684,
4d9a8790-3ddd-11dd-9a3c-0050c2490048,IC_EF_ECOTOX_FRESHWATER,4290.0,
4d9a8790-3ddd-11dd-9a3c-0050c2490048,IC_EF_HUMANTOX_NONCANCER,1.49E-7,
08a91e70-3ddc-11dd-9b9c-0050c2490048,IC_EF_ECOTOX_FRESHWATER,177.0,
7a845c58-e575-4729-b7f3-294013fd2172,IC_EF_WATER_USE,-8.91E+00,NG
fe0acd60-3ddc-11dd-a8c4-0050c2490048,IC_EF_HUMANTOX_CANCER,0.00706,
fe0acd60-3ddc-11dd-a8c4-0050c2490048,IC_EF_ECOTOX_FRESHWATER,12200.0,
fe0acd60-3ddc-11dd-a8c4-0050c2490048,IC_EF_HUMANTOX_NONCANCER,0.835,
5a0ebfe5-b556-41f1-8997-3380aa09b1ef,IC_EF_ECOTOX_FRESHWATER,1750.0,
09333058-7adb-4965-aa9f-7d7f7aa47de6,IC_EF_WATER_USE,-1.45E+00,LV
fe0acd60-3ddc-11dd-abbd-0050c2490048,IC_EF_ECOTOX_FRESHWATER,3700.0,
fe0acd60-3ddc-11dd-ae42-0050c2490048,IC_EF_IONISING_RADIATION,0.00107,
4d9a8790-3ddd-11dd-9a87-0050c2490048,IC_EF_ECOTOX_FRESHWATER,462.0,
4d9a8790-3ddd-11dd-9a87-0050c2490048,IC_EF_HUMANTOX_NONCANCER,8.77E-7,
fe0acd60-3ddc-11dd-a8ab-0050c2490048,IC_EF_ECOTOX_FRESHWATER,7.31,
08a91e70-3ddc-11dd-94eb-0050c2490048,IC_EF_ECOTOX_FRESHWATER,3.27E-15,
08a91e70-3ddc-11dd-94eb-0050c2490048,IC_EF_HUMANTOX_NONCANCER,3.02E-4,
7a845c58-e575-4729-b7f3-294013fd2172,IC_EF_WATER_USE,-1.30E+00,SK
fe0acd60-3ddc-11dd-ac79-0050c2490048,IC_EF_ECOTOX_FRESHWATER,15800.0,
fe0acd60-3ddc-11dd-ac79-0050c2490048,IC_EF_HUMANTOX_NONCANCER,1.89E-7,
e8d69262-2e79-4122-9da8-fd9328da8d6b,IC_EF_WATER_USE,-7.82E+00,TH
4d9a8790-3ddd-11dd-9a89-0050c2490048,IC_EF_ECOTOX_FRESHWATER,1740.0,
4d9a8790-3ddd-11dd-9a89-0050c2490048,IC_EF_HUMANTOX_NONCANCER,4.89E-6,
fe0acd60-3ddc-11dd-a2f6-0050c2490048,IC_EF_ECOTOX_FRESHWATER,2890.0,
fe0acd60-3ddc-11dd-a2f6-0050c2490048,IC_EF_HUMANTOX_NONCANCER,3.26E-6,
343c6bab-3b25-4d43-ba73-e2b3cd413fc4,IC_EF_ECOTOX_FRESHWATER,134.0,
4d9a8790-3ddd-11dd-9b7c-0050c2490048,IC_EF_ECOTOX_FRESHWATER,3620.0,
4d9a8790-3ddd-11dd-9b7c-0050c2490048,IC_EF_HUMANTOX_NONCANCER,1.59E-6,
fe0acd60-3ddc-11dd-ab67-0050c2490048,IC_EF_HUMANTOX_CANCER,29.1,
fe0acd60-3ddc-11dd-ab67-0050c2490048,IC_EF_ECOTOX_FRESHWATER,125000.0,
4d9a8790-3ddd-11dd-9bd1-0050c2490048,IC_EF_ECOTOX_FRESHWATER,6.66,
4d9a8790-3ddd-11dd-9bd1-0050c2490048,IC_EF_HUMANTOX_NONCANCER,8.14E-8,
fe0acd60-3ddc-11dd-afd4-0050c2490048,IC_EF_ECOTOX_FRESHWATER,1920.0,
fe0acd60-3ddc-11dd-afd4-0050c2490048,IC_EF_HUMANTOX_NONCANCER,5.93E-7,
09333058-7adb-4965-aa9f-7d7f7aa47de6,IC_EF_WATER_USE,-6.34E-01,NO
fe0acd60-3ddc-11dd-a496-0050c2490048,IC_EF_HUMANTOX_CANCER,1.57E-6,
fe0acd60-3ddc-11dd-a496-0050c2490048,IC_EF_HUMANTOX_NONCANCER,6.43E-6,
4d9a8790-3ddd-11dd-920e-0050c2490048,IC_EF_HUMANTOX_CANCER,1.53E-8,
4d9a8790-3ddd-11dd-920e-0050c2490048,IC_EF_ECOTOX_FRESHWATER,57800.0,
4d9a8790-3ddd-11dd-920e-0050c2490048,IC_EF_HUMANTOX_NONCANCER,4.61E-7,
8d17358d-676e-43c9-9ed6-83e189bb7cde,IC_EF_ECOTOX_FRESHWATER,10100.0,
fe0acd60-3ddc-11dd-afdf-0050c2490048,IC_EF_ECOTOX_FRESHWATER,6440.0,
fe0acd60-3ddc-11dd-afdf-0050c2490048,IC_EF_HUMANTOX_NONCANCER,3.4E-7,
fe0acd60-3ddc-11dd-9f07-0050c2490048,IC_EF_IONISING_RADIATION,1.93E-4,
08a91e70-3ddc-11dd-9778-0050c2490048,IC_EF_ECOTOX_FRESHWATER,12.9,
08a91e70-3ddc-11dd-9778-0050c2490048,IC_EF_HUMANTOX_NONCANCER,7.3E-7,
09333058-7adb-4965-aa9f-7d7f7aa47de6,IC_EF_WATER_USE,-1.23E+00,LT
68835ece-e71a-45cf-94c4-4cce0c3c97fb,IC_EF_ECOTOX_FRESHWATER,29.9,
4d9a8790-3ddd-11dd-94cf-0050c2490048,IC_EF_PHOTOCHEM_OZONE,1.05,
4d9a8790-3ddd-11dd-94cf-0050c2490048,IC_EF_ECOTOX_FRESHWATER,0.109,
4d9a8790-3ddd-11dd-94cf-0050c2490048,IC_EF_HUMANTOX_NONCANCER,2.89E-8,
7a845c58-e575-4729-b7f3-294013fd2172,IC_EF_WATER_USE,-1.37E+01,RS
4d9a8790-3ddd-11dd-9031-0050c2490048,IC_EF_ECOTOX_FRESHWATER,38.6,
fe0acd60-3ddc-11dd-a682-0050c2490048,IC_EF_HUMANTOX_CANCER,6.35E-7,
fe0acd60-3ddc-11dd-a682-0050c2490048,IC_EF_ECOTOX_FRESHWATER,1.61,
fe0acd60-3ddc-11dd-a682-0050c2490048,IC_EF_HUMANTOX_NONCANCER,8.74E-7,
08a91e70-3ddc-11dd-998f-0050c2490048,IC_EF_ECOTOX_FRESHWATER,2980.0,
4d9a8790-3ddd-11dd-9782-0050c2490048,IC_EF_HUMANTOX_CANCER,2.36E-7,
4d9a8790-3ddd-11dd-9782-0050c2490048,IC_EF_ECOTOX_FRESHWATER,220.0,
4d9a8790-3ddd-11dd-9782-0050c2490048,IC_EF_HUMANTOX_NONCANCER,2.32E-6,
08a91e70-3ddc-11dd-9674-0050c2490048,IC_EF_HUMANTOX_CANCER,2.17E-4,
08a91e70-3ddc-11dd-9674-0050c2490048,IC_EF_ECOTOX_FRESHWATER,3940.0,
08a91e70-3ddc-11dd-9674-0050c2490048,IC_EF_HUMANTOX_NONCANCER,0.0455,
fe0acd60-3ddc-11dd-a492-0050c2490048,IC_EF_HUMANTOX_CANCER,2.75E-6,
fe0acd60-3ddc-11dd-a492-0050c2490048,IC_EF_HUMANTOX_NONCANCER,9.52E-7,
08a91e70-3ddc-11dd-94b2-0050c2490048,IC_EF_IONISING_RADIATION,6.79E-4,
4d9a8790-3ddd-11dd-8f52-0050c2490048,IC_EF_ECOTOX_FRESHWATER,88.1,
4d9a8790-3ddd-11dd-8f52-0050c2490048,IC_EF_HUMANTOX_NONCANCER,4.2E-6,
09333058-7adb-4965-aa9f-7d7f7aa47de6,IC_EF_WATER_USE,-8.51E-01,LU
4d9a8790-3ddd-11dd-9389-0050c2490048,IC_EF_ECOTOX_FRESHWATER,18300.0,
4d9a8790-3ddd-11dd-9389-0050c2490048,IC_EF_HUMANTOX_NONCANCER,2.43E-6,
4d9a8790-3ddd-11dd-97df-0050c2490048,IC_EF_PHOTOCHEM_OZONE,0.454,
4d9a8790-3ddd-11dd-97df-0050c2490048,IC_EF_ECOTOX_FRESHWATER,0.136,
4c2c923e-656f-425a-a314-4b56a96f2edc,IC_EF_ECOTOX_FRESHWATER,8230.0,
08a91e70-3ddc-11dd-9ded-0050c2490048,IC_EF_IONISING_RADIATION,0.0557,
09333058-7adb-4965-aa9f-7d7f7aa47de6,IC_EF_WATER_USE,-4.295E+01,
08a91e70-3ddc-11dd-96c6-0050c2490048,IC_EF_HUMANTOX_CANCER,1.06E-4,
08a91e70-3ddc-11dd-96c6-0050c2490048,IC_EF_ECOTOX_FRESHWATER,7660.0,
08a91e70-3ddc-11dd-96c6-0050c2490048,IC_EF_HUMANTOX_NONCANCER,5.95E-6,
4d9a8790-3ddd-11dd-9c94-0050c2490048,IC_EF_ECOTOX_FRESHWATER,1590.0,
4d9a8790-3ddd-11dd-9c94-0050c2490048,IC_EF_HUMANTOX_NONCANCER,7.05E-7,
4d9a8790-3ddd-11dd-97e3-0050c2490048,IC_EF_ECOTOX_FRESHWATER,28.4,
10ce72de-a532-4b67-a894-8746ba4ef9b1,IC_EF_ECOTOX_FRESHWATER,94.8,
10ce72de-a532-4b67-a894-8746ba4ef9b1,IC_EF_HUMANTOX_NONCANCER,3.01E-7,
08a91e70-3ddc-11dd-950b-0050c2490048,IC_EF_HUMANTOX_CANCER,0.00445,
08a91e70-3ddc-11dd-950b-0050c2490048,IC_EF_ECOTOX_FRESHWATER,42000.0,
08a91e70-3ddc-11dd-950b-0050c2490048,IC_EF_HUMANTOX_NONCANCER,4.16E-4,
7a845c58-e575-4729-b7f3-294013fd2172,IC_EF_WATER_USE,-5.56E+01,TR
fe0acd60-3ddc-11dd-aa1b-0050c2490048,IC_EF_PHOTOCHEM_OZONE,0.699,
08a91e70-3ddc-11dd-a0c8-0050c2490048,IC_EF_ECOTOX_FRESHWATER,10200.0,
fe0acd60-3ddc-11dd-a9b8-0050c2490048,IC_EF_ECOTOX_FRESHWATER,65100.0,
fe0acd60-3ddc-11dd-a9b8-0050c2490048,IC_EF_HUMANTOX_NONCANCER,7.07E-5,
e2fb79ef-6555-11dd-ad8b-0800200c9a66,IC_EF_ECOTOX_FRESHWATER,673.0,
fe0acd60-3ddc-11dd-abf3-0050c2490048,IC_EF_ECOTOX_FRESHWATER,2980.0,
e8d69262-2e79-4122-9da8-fd9328da8d6b,IC_EF_WATER_USE,-1.87E+01,SA
55ca061b-b98b-46c9-84b8-2aaf009506dd,IC_EF_ECOTOX_FRESHWATER,14500.0,
55ca061b-b98b-46c9-84b8-2aaf009506dd,IC_EF_HUMANTOX_NONCANCER,5.29E-7,
08a91e70-3ddc-11dd-9967-0050c2490048,IC_EF_ECOTOX_FRESHWATER,35400.0,
08a91e70-3ddc-11dd-9967-0050c2490048,IC_EF_HUMANTOX_NONCANCER,0.00178,
08a91e70-3ddc-11dd-9587-0050c2490048,IC_EF_IONISING_RADIATION,4.43E-4,
4d9a8790-3ddd-11dd-96ec-0050c2490048,IC_EF_PARTICULATE_MATTER,0.000008,
4d9a8790-3ddd-11dd-96ec-0050c2490048,IC_EF_PHOTOCHEM_OZONE,0.0811,
4d9a8790-3ddd-11dd-96ec-0050c2490048,IC_EF_ACIDIFICATION,1.048212702,
d86cafd6-6555-11dd-ad8b-0800200c9a66,IC_EF_ECOTOX_FRESHWATER,2.97,
fe0acd60-3ddc-11dd-a7c3-0050c2490048,IC_EF_IONISING_RADIATION,44.3,
08a91e70-3ddc-11dd-9083-0050c2490048,IC_EF_ECOTOX_FRESHWATER,1060.0,
08a91e70-3ddc-11dd-9083-0050c2490048,IC_EF_HUMANTOX_NONCANCER,2.16E-6,
4d9a8790-3ddd-11dd-93da-0050c2490048,IC_EF_ECOTOX_FRESHWATER,267.0,
4d9a8790-3ddd-11dd-93da-0050c2490048,IC_EF_HUMANTOX_NONCANCER,4.68E-7,
fe0acd60-3ddc-11dd-a63f-0050c2490048,IC_EF_ECOTOX_FRESHWATER,0.0836,
fe0acd60-3ddc-11dd-a792-0050c2490048,IC_EF_HUMANTOX_CANCER,2.13E-24,
fe0acd60-3ddc-11dd-a792-0050c2490048,IC_EF_ECOTOX_FRESHWATER,2040.0,
fe0acd60-3ddc-11dd-a792-0050c2490048,IC_EF_HUMANTOX_NONCANCER,2.44E-6,
7a845c58-e575-4729-b7f3-294013fd2172,IC_EF_WATER_USE,-7.82E+00,PH
478f031d-d257-4036-ad59-9b5eaefc244a,IC_EF_ECOTOX_FRESHWATER,63.9,
4d9a8790-3ddd-11dd-9098-0050c2490048,IC_EF_ECOTOX_FRESHWATER,8.78,
08a91e70-3ddc-11dd-9787-0050c2490048,IC_EF_EUTROPH_FRESHWATER,0.33,
7a845c58-e575-4729-b7f3-294013fd2172,IC_EF_WATER_USE,-1.25E+01,RU
08a91e70-3ddc-11dd-9618-0050c2490048,IC_EF_PHOTOCHEM_OZONE,0.115,
08a91e70-3ddc-11dd-9618-0050c2490048,IC_EF_HUMANTOX_CANCER,6.67E-8,
08a91e70-3ddc-11dd-9618-0050c2490048,IC_EF_ECOTOX_FRESHWATER,0.097,
08a91e70-3ddc-11dd-9618-0050c2490048,IC_EF_HUMANTOX_NONCANCER,7.8E-7,
fe0acd60-3ddc-11dd-ab48-0050c2490048,IC_EF_ECOTOX_FRESHWATER,285.0,
fe0acd60-3ddc-11dd-ab48-0050c2490048,IC_EF_HUMANTOX_NONCANCER,4.27E-7,
08a91e70-3ddc-11dd-94c0-0050c2490048,IC_EF_PHOTOCHEM_OZONE,2.14,
4d9a8790-3ddd-11dd-99f3-0050c2490048,IC_EF_ECOTOX_FRESHWATER,150.0,
4d9a8790-3ddd-11dd-99f3-0050c2490048,IC_EF_HUMANTOX_NONCANCER,8.43E-7,
4d9a8790-3ddd-11dd-9107-0050c2490048,IC_EF_ECOTOX_FRESHWATER,4810.0,
08a91e70-3ddc-11dd-98d5-0050c2490048,IC_EF_ECOTOX_FRESHWATER,7320.0,
08a91e70-3ddc-11dd-98a3-0050c2490048,IC_EF_HUMANTOX_CANCER,4.16E-7,
08a91e70-3ddc-11dd-98a3-0050c2490048,IC_EF_ECOTOX_FRESHWATER,29.0,
08a91e70-3ddc-11dd-98a3-0050c2490048,IC_EF_HUMANTOX_NONCANCER,4.12E-6,
08a91e70-3ddc-11dd-a249-0050c2490048,IC_EF_ECOTOX_FRESHWATER,1.57,
08a91e70-3ddc-11dd-a249-0050c2490048,IC_EF_HUMANTOX_NONCANCER,7.57E-9,
e8d69262-2e79-4122-9da8-fd9328da8d6b,IC_EF_WATER_USE,-5.26E+01,KZ
08a91e70-3ddc-11dd-957e-0050c2490048,IC_EF_ECOTOX_FRESHWATER,19700.0,
08a91e70-3ddc-11dd-9c40-0050c2490048,IC_EF_IONISING_RADIATION,0.107,
fe0acd60-3ddc-11dd-a578-0050c2490048,IC_EF_PHOTOCHEM_OZONE,1.91,
480adafc-57e5-4bcf-b8c4-4d95f82664c3,IC_EF_ECOTOX_FRESHWATER,0.0945,
08a91e70-3ddc-11dd-a2f8-0050c2490048,IC_EF_HUMANTOX_CANCER,5.14E-9,
08a91e70-3ddc-11dd-a2f8-0050c2490048,IC_EF_ECOTOX_FRESHWATER,0.00246,
08a91e70-3ddc-11dd-a2f8-0050c2490048,IC_EF_HUMANTOX_NONCANCER,1.38E-9,
fe0acd60-3ddc-11dd-a75d-0050c2490048,IC_EF_ECOTOX_FRESHWATER,118.0,
fe0acd60-3ddc-11dd-a75d-0050c2490048,IC_EF_HUMANTOX_NONCANCER,0.00166,
7a845c58-e575-4729-b7f3-294013fd2172,IC_EF_WATER_USE,-1.36E+00,DE
fe0acd60-3ddc-11dd-a93d-0050c2490048,IC_EF_ECOTOX_FRESHWATER,0.00149,
fe0acd60-3ddc-11dd-a93d-0050c2490048,IC_EF_HUMANTOX_NONCANCER,2.96E-11,
09333058-7adb-4965-aa9f-7d7f7aa47de6,IC_EF_WATER_USE,-9.53E+00,NZ
fe0acd60-3ddc-11dd-af16-0050c2490048,IC_EF_ECOTOX_FRESHWATER,108.0,
fe0acd60-3ddc-11dd-af16-0050c2490048,IC_EF_HUMANTOX_NONCANCER,9.22E-6,
fe0acd60-3ddc-11dd-9ee1-0050c2490048,IC_EF_ECOTOX_FRESHWATER,653.0,
fe0acd60-3ddc-11dd-9ee1-0050c2490048,IC_EF_HUMANTOX_NONCANCER,1.57E-7,
4d9a8790-3ddd-11dd-8db7-0050c2490048,IC_EF_IONISING_RADIATION,0.00107,
e8d69262-2e79-4122-9da8-fd9328da8d6b,IC_EF_WATER_USE,-1.34E+00,CH
fe0acd60-3ddc-11dd-b0a4-0050c2490048,IC_EF_ECOTOX_FRESHWATER,16400.0,
fe0acd60-3ddc-11dd-b0a4-0050c2490048,IC_EF_HUMANTOX_NONCANCER,3.53E-6,
fe0acd60-3ddc-11dd-abfd-0050c2490048,IC_EF_ECOTOX_FRESHWATER,101000.0,
fe0acd60-3ddc-11dd-abfd-0050c2490048,IC_EF_HUMANTOX_NONCANCER,1.85E-4,
fe0acd60-3ddc-11dd-afec-0050c2490048,IC_EF_ECOTOX_FRESHWATER,1530.0,
fe0acd60-3ddc-11dd-afec-0050c2490048,IC_EF_HUMANTOX_NONCANCER,2.19E-7,
fe0acd60-3ddc-11dd-af00-0050c2490048,IC_EF_CLIMATE_FOSSIL,2.00E+01,
fe0acd60-3ddc-11dd-af00-0050c2490048,IC_EF_CLIMATE_TOTAL,2.00E+01,
fe0acd60-3ddc-11dd-af00-0050c2490048,IC_EF_PHOTOCHEM_OZONE,0.0389,
fe0acd60-3ddc-11dd-af00-0050c2490048,IC_EF_HUMANTOX_CANCER,2.31E-7,
fe0acd60-3ddc-11dd-af00-0050c2490048,IC_EF_ECOTOX_FRESHWATER,0.282,
fe0acd60-3ddc-11dd-af00-0050c2490048,IC_EF_HUMANTOX_NONCANCER,1.32E-6,
fe0acd60-3ddc-11dd-a066-0050c2490048,IC_EF_ECOTOX_FRESHWATER,38.4,
fe0acd60-3ddc-11dd-a066-0050c2490048,IC_EF_HUMANTOX_NONCANCER,6.72E-6,
09333058-7adb-4965-aa9f-7d7f7aa47de6,IC_EF_WATER_USE,-1.16E+00,BA
4d9a8790-3ddd-11dd-977f-0050c2490048,IC_EF_IONISING_RADIATION,0.0386,
4d9a8790-3ddd-11dd-91a5-0050c2490048,IC_EF_ECOTOX_FRESHWATER,76400.0,
08a91e70-3ddc-11dd-a2fb-0050c2490048,IC_EF_HUMANTOX_CANCER,7.17E-5,
08a91e70-3ddc-11dd-a2fb-0050c2490048,IC_EF_ECOTOX_FRESHWATER,624.0,
08a91e70-3ddc-11dd-a2fb-0050c2490048,IC_EF_HUMANTOX_NONCANCER,2.46E-5,
fe0acd60-3ddc-11dd-a294-0050c2490048,IC_EF_HUMANTOX_CANCER,5.9E-7,
fe0acd60-3ddc-11dd-a294-0050c2490048,IC_EF_ECOTOX_FRESHWATER,1.27E-17,
fe0acd60-3ddc-11dd-a294-0050c2490048,IC_EF_HUMANTOX_NONCANCER,1.58E-4,
f214600d-6555-11dd-ad8b-0800200c9a66,IC_EF_ECOTOX_FRESHWATER,17.7,
fe0acd60-3ddc-11dd-a64d-0050c2490048,IC_EF_ECOTOX_FRESHWATER,104.0,
fe0acd60-3ddc-11dd-a64d-0050c2490048,IC_EF_HUMANTOX_NONCANCER,5.19E-8,
fe0acd60-3ddc-11dd-aba0-0050c2490048,IC_EF_CLIMATE_FOSSIL,9.38E+02,
fe0acd60-3ddc-11dd-aba0-0050c2490048,IC_EF_CLIMATE_TOTAL,9.38E+02,
fe0acd60-3ddc-11dd-aba0-0050c2490048,IC_EF_HUMANTOX_CANCER,4.56E-8,
fe0acd60-3ddc-11dd-aba0-0050c2490048,IC_EF_OZONE_DEPLETION,0.102,
d86cd6e1-6555-11dd-ad8b-0800200c9a66,IC_EF_ECOTOX_FRESHWATER,44.6,
08a91e70-3ddc-11dd-9f73-0050c2490048,IC_EF_HUMANTOX_CANCER,0.00532,
08a91e70-3ddc-11dd-9f73-0050c2490048,IC_EF_ECOTOX_FRESHWATER,53000.0,
08a91e70-3ddc-11dd-9f73-0050c2490048,IC_EF_HUMANTOX_NONCANCER,1.2E-5,
fe0acd60-3ddc-11dd-ad72-0050c2490048,IC_EF_ECOTOX_FRESHWATER,70100.0,
fe0acd60-3ddc-11dd-ad72-0050c2490048,IC_EF_HUMANTOX_NONCANCER,2.6E-7,
08a91e70-3ddc-11dd-9aca-0050c2490048,IC_EF_HUMANTOX_CANCER,0.00271,
08a91e70-3ddc-11dd-9aca-0050c2490048,IC_EF_ECOTOX_FRESHWATER,26600.0,
08a91e70-3ddc-11dd-9aca-0050c2490048,IC_EF_HUMANTOX_NONCANCER,6.09E-6,
e8d69262-2e79-4122-9da8-fd9328da8d6b,IC_EF_WATER_USE,-1.25E+01,RU
fe0acd60-3ddc-11dd-a694-0050c2490048,IC_EF_HUMANTOX_CANCER,1.93E-9,
fe0acd60-3ddc-11dd-a694-0050c2490048,IC_EF_ECOTOX_FRESHWATER,64.8,
fe0acd60-3ddc-11dd-a694-0050c2490048,IC_EF_HUMANTOX_NONCANCER,2.63E-7,
4d9a8790-3ddd-11dd-924c-0050c2490048,IC_EF_ECOTOX_FRESHWATER,67800.0,
08a91e70-3ddc-11dd-94e7-0050c2490048,IC_EF_ECOTOX_FRESHWATER,38600.0,
08a91e70-3ddc-11dd-94e7-0050c2490048,IC_EF_HUMANTOX_NONCANCER,0.00128,
fe0acd60-3ddc-11dd-a8e8-0050c2490048,IC_EF_CLIMATE_BIOGENIC,3.40E+01,
fe0acd60-3ddc-11dd-a8e8-0050c2490048,IC_EF_CLIMATE_TOTAL,3.40E+01,
fe0acd60-3ddc-11dd-a8e8-0050c2490048,IC_EF_PHOTOCHEM_OZONE,0.0101,
08a91e70-3ddc-11dd-969a-0050c2490048,IC_EF_IONISING_RADIATION,0.00193,
08a91e70-3ddc-11dd-924e-0050c2490048,IC_EF_CLIMATE_FOSSIL,1.57E+00,
08a91e70-3ddc-11dd-924e-0050c2490048,IC_EF_CLIMATE_TOTAL,1.57E+00,
08a91e70-3ddc-11dd-924e-0050c2490048,IC_EF_PHOTOCHEM_OZONE,0.0456,
fe0acd60-3ddc-11dd-ad7e-0050c2490048,IC_EF_ECOTOX_FRESHWATER,0.742,
fe0acd60-3ddc-11dd-ad7e-0050c2490048,IC_EF_HUMANTOX_NONCANCER,6.34E-8,
fe0acd60-3ddc-11dd-a79d-0050c2490048,IC_EF_IONISING_RADIATION,0.0186,
4d9a8790-3ddd-11dd-94c7-0050c2490048,IC_EF_PHOTOCHEM_OZONE,0.407,
fe0acd60-3ddc-11dd-a2e0-0050c2490048,IC_EF_HUMANTOX_CANCER,1.05E-7,
fe0acd60-3ddc-11dd-a2e0-0050c2490048,IC_EF_ECOTOX_FRESHWATER,0.846,
fe0acd60-3ddc-11dd-a2e0-0050c2490048,IC_EF_HUMANTOX_NONCANCER,1.09E-7,
08a91e70-3ddc-11dd-9380-0050c2490048,IC_EF_ECOTOX_FRESHWATER,6210000.0,
08a91e70-3ddc-11dd-9380-0050c2490048,IC_EF_HUMANTOX_NONCANCER,5.06E-4,
4d9a8790-3ddd-11dd-9b30-0050c2490048,IC_EF_IONISING_RADIATION,6.79,
09333058-7adb-4965-aa9f-7d7f7aa47de6,IC_EF_WATER_USE,-4.71E+01,AR
08a91e70-3ddc-11dd-9c9c-0050c2490048,IC_EF_ECOTOX_FRESHWATER,282000.0,
08a91e70-3ddc-11dd-9c9c-0050c2490048,IC_EF_HUMANTOX_NONCANCER,1.69E-6,
fe0acd60-3ddc-11dd-a944-0050c2490048,IC_EF_ECOTOX_FRESHWATER,29000.0,
fe0acd60-3ddc-11dd-a944-0050c2490048,IC_EF_HUMANTOX_NONCANCER,1.22E-5,
fe0acd60-3ddc-11dd-a9ee-0050c2490048,IC_EF_ECOTOX_FRESHWATER,24000.0,
fe0acd60-3ddc-11dd-a9ee-0050c2490048,IC_EF_HUMANTOX_NONCANCER,1.44E-7,
fe0acd60-3ddc-11dd-a988-0050c2490048,IC_EF_ECOTOX_FRESHWATER,1890.0,
fe0acd60-3ddc-11dd-a988-0050c2490048,IC_EF_HUMANTOX_NONCANCER,2.1E-6,
4d9a8790-3ddd-11dd-97be-0050c2490048,IC_EF_ECOTOX_FRESHWATER,5.87,
4d9a8790-3ddd-11dd-97be-0050c2490048,IC_EF_HUMANTOX_NONCANCER,4.3E-9,
4d9a8790-3ddd-11dd-9246-0050c2490048,IC_EF_ECOTOX_FRESHWATER,7610.0,
fe0acd60-3ddc-11dd-ad78-0050c2490048,IC_EF_ECOTOX_FRESHWATER,5.04E7,
fe0acd60-3ddc-11dd-ad78-0050c2490048,IC_EF_HUMANTOX_NONCANCER,4.41E-6,
fe0acd60-3ddc-11dd-a9b2-0050c2490048,IC_EF_ECOTOX_FRESHWATER,1240.0,
fe0acd60-3ddc-11dd-a9b2-0050c2490048,IC_EF_HUMANTOX_NONCANCER,2.82E-6,
fe0acd60-3ddc-11dd-a8cb-0050c2490048,IC_EF_HUMANTOX_CANCER,8.48E-5,
fe0acd60-3ddc-11dd-a8cb-0050c2490048,IC_EF_ECOTOX_FRESHWATER,15600.0,
fe0acd60-3ddc-11dd-a8cb-0050c2490048,IC_EF_HUMANTOX_NONCANCER,0.01,
fe0acd60-3ddc-11dd-afea-0050c2490048,IC_EF_ECOTOX_FRESHWATER,5960.0,
fe0acd60-3ddc-11dd-afea-0050c2490048,IC_EF_HUMANTOX_NONCANCER,2.78E-7,
4d6b199c-dbe6-46a8-969c-e7e36d6175b4,IC_EF_ECOTOX_FRESHWATER,34.4,
fe0acd60-3ddc-11dd-a5df-0050c2490048,IC_EF_ECOTOX_FRESHWATER,95800.0,
fe0acd60-3ddc-11dd-a5df-0050c2490048,IC_EF_HUMANTOX_NONCANCER,3.91E-6,
e8d69262-2e79-4122-9da8-fd9328da8d6b,IC_EF_WATER_USE,-6.34E-01,NO
4d9a8790-3ddd-11dd-98ff-0050c2490048,IC_EF_ECOTOX_FRESHWATER,47100.0,
4d9a8790-3ddd-11dd-98ff-0050c2490048,IC_EF_HUMANTOX_NONCANCER,1.02E-4,
29f91915-f685-4315-9f01-5a86385d5a73,IC_EF_ECOTOX_FRESHWATER,2120.0,
29f91915-f685-4315-9f01-5a86385d5a73,IC_EF_HUMANTOX_NONCANCER,2.44E-6,
fe0acd60-3ddc-11dd-a506-0050c2490048,IC_EF_ECOTOX_FRESHWATER,7640.0,
fe0acd60-3ddc-11dd-a506-0050c2490048,IC_EF_HUMANTOX_NONCANCER,9.92E-7,
4d9a8790-3ddd-11dd-96d0-0050c2490048,IC_EF_ECOTOX_FRESHWATER,29200.0,
4d9a8790-3ddd-11dd-96d0-0050c2490048,IC_EF_HUMANTOX_NONCANCER,4.55E-7,
08a91e70-3ddc-11dd-99b9-0050c2490048,IC_EF_ECOTOX_FRESHWATER,1710.0,
08a91e70-3ddc-11dd-9c4c-0050c2490048,IC_EF_ECOTOX_FRESHWATER,4740.0,
08a91e70-3ddc-11dd-9c4c-0050c2490048,IC_EF_HUMANTOX_NONCANCER,7.61E-7,
08a91e70-3ddc-11dd-96d0-0050c2490048,IC_EF_HUMANTOX_CANCER,3.93E-6,
08a91e70-3ddc-11dd-96d0-0050c2490048,IC_EF_ECOTOX_FRESHWATER,4.52E-17,
08a91e70-3ddc-11dd-96d0-0050c2490048,IC_EF_HUMANTOX_NONCANCER,2.21E-7,
fe0acd60-3ddc-11dd-a1b3-0050c2490048,IC_EF_ECOTOX_FRESHWATER,23.9,
4d9a8790-3ddd-11dd-9825-0050c2490048,IC_EF_ECOTOX_FRESHWATER,6040.0,
4d9a8790-3ddd-11dd-9825-0050c2490048,IC_EF_HUMANTOX_NONCANCER,6.3E-6,
08a91e70-3ddc-11dd-9690-0050c2490048,IC_EF_CLIMATE_FOSSIL,3.00E+00,
08a91e70-3ddc-11dd-9690-0050c2490048,IC_EF_CLIMATE_TOTAL,3.00E+00,
08a91e70-3ddc-11dd-9690-0050c2490048,IC_EF_PHOTOCHEM_OZONE,0.0997,
08a91e70-3ddc-11dd-9690-0050c2490048,IC_EF_ECOTOX_FRESHWATER,0.576,
4d9a8790-3ddd-11dd-98d4-0050c2490048,IC_EF_ECOTOX_FRESHWATER,9280.0,
08a91e70-3ddc-11dd-a0ca-0050c2490048,IC_EF_ECOTOX_FRESHWATER,8710.0,
08a91e70-3ddc-11dd-9409-0050c2490048,IC_EF_ECOTOX_FRESHWATER,1120.0,
08a91e70-3ddc-11dd-9ac8-0050c2490048,IC_EF_ECOTOX_FRESHWATER,353.0,
e8d69262-2e79-4122-9da8-fd9328da8d6b,IC_EF_WATER_USE,-9.53E+00,NZ
8e813e5a-151b-481d-95b1-07874b005438,IC_EF_ECOTOX_FRESHWATER,453000.0,
8e813e5a-151b-481d-95b1-07874b005438,IC_EF_HUMANTOX_NONCANCER,1.16E-5,
7a845c58-e575-4729-b7f3-294013fd2172,IC_EF_WATER_USE,-3.54E+00,DK
08a91e70-3ddc-11dd-9586-0050c2490048,IC_EF_IONISING_RADIATION,0.0236,
e2fa6871-6555-11dd-ad8b-0800200c9a66,IC_EF_ECOTOX_FRESHWATER,31.3,
09333058-7adb-4965-aa9f-7d7f7aa47de6,IC_EF_WATER_USE,-1.64E+00,MY
d9f290a2-b6c7-4b5a-a6ce-472d31b8c7d4,IC_EF_ECOTOX_FRESHWATER,18.3,
08a91e70-3ddc-11dd-98e8-0050c2490048,IC_EF_ECOTOX_FRESHWATER,78100.0,
08a91e70-3ddc-11dd-98e8-0050c2490048,IC_EF_HUMANTOX_NONCANCER,2.81E-5,
fe0acd60-3ddc-11dd-a698-0050c2490048,IC_EF_HUMANTOX_CANCER,9.63E-11,
fe0acd60-3ddc-11dd-a698-0050c2490048,IC_EF_ECOTOX_FRESHWATER,3.38E-6,
fe0acd60-3ddc-11dd-a698-0050c2490048,IC_EF_HUMANTOX_NONCANCER,1.31E-8,
08a91e70-3ddc-11dd-9663-0050c2490048,IC_EF_ECOTOX_FRESHWATER,528.0,
4d9a8790-3ddd-11dd-9890-0050c2490048,IC_EF_IONISING_RADIATION,2.71,
08a91e70-3ddc-11dd-9b1c-0050c2490048,IC_EF_ECOTOX_FRESHWATER,0.387,
08a91e70-3ddc-11dd-a309-0050c2490048,IC_EF_ECOTOX_FRESHWATER,6340.0,
08a91e70-3ddc-11dd-a309-0050c2490048,IC_EF_HUMANTOX_NONCANCER,1.4E-5,
08a91e70-3ddc-11dd-93c3-0050c2490048,IC_EF_HUMANTOX_CANCER,1.11E-7,
08a91e70-3ddc-11dd-93c3-0050c2490048,IC_EF_ECOTOX_FRESHWATER,0.79,
685f0af6-4a95-4d7a-8a95-1e378e451c56,IC_EF_ECOTOX_FRESHWATER,3380.0,
fe0acd60-3ddc-11dd-9e55-0050c2490048,IC_EF_CLIMATE_FOSSIL,1.39E+04,
fe0acd60-3ddc-11dd-9e55-0050c2490048,IC_EF_CLIMATE_TOTAL,1.39E+04,
fe0acd60-3ddc-11dd-a8bc-0050c2490048,IC_EF_ECOTOX_FRESHWATER,865.0,
fe0acd60-3ddc-11dd-a8bc-0050c2490048,IC_EF_HUMANTOX_NONCANCER,7.06E-6,
fe0acd60-3ddc-11dd-9e65-0050c2490048,IC_EF_ECOTOX_FRESHWATER,194.0,
fe0acd60-3ddc-11dd-9e65-0050c2490048,IC_EF_HUMANTOX_NONCANCER,8.86E-6,
08a91e70-3ddc-11dd-974c-0050c2490048,IC_EF_PHOTOCHEM_OZONE,1.78,
08a91e70-3ddc-11dd-974c-0050c2490048,IC_EF_ECOTOX_FRESHWATER,0.0304,
08a91e70-3ddc-11dd-a040-0050c2490048,IC_EF_ECOTOX_FRESHWATER,1.12E7,
08a91e70-3ddc-11dd-a040-0050c2490048,IC_EF_HUMANTOX_NONCANCER,6.13E-6,
08a91e70-3ddc-11dd-9672-0050c2490048,IC_EF_HUMANTOX_CANCER,4.82E-4,
08a91e70-3ddc-11dd-9672-0050c2490048,IC_EF_ECOTOX_FRESHWATER,4940.0,
08a91e70-3ddc-11dd-9672-0050c2490048,IC_EF_HUMANTOX_NONCANCER,0.129,
fe0acd60-3ddc-11dd-acdb-0050c2490048,IC_EF_ECOTOX_FRESHWATER,0.296,
fe0acd60-3ddc-11dd-acdb-0050c2490048,IC_EF_HUMANTOX_NONCANCER,1.81E-6,
34fecb71-9f94-482b-90d0-67fc9708f0c7,IC_EF_HUMANTOX_CANCER,1.95E-4,
34fecb71-9f94-482b-90d0-67fc9708f0c7,IC_EF_ECOTOX_FRESHWATER,21400.0,
34fecb71-9f94-482b-90d0-67fc9708f0c7,IC_EF_HUMANTOX_NONCANCER,0.0145,
fe0acd60-3ddc-11dd-a3a4-0050c2490048,IC_EF_HUMANTOX_CANCER,3.05E-8,
fe0acd60-3ddc-11dd-a3a4-0050c2490048,IC_EF_HUMANTOX_NONCANCER,1.13E-9,
08a91e70-3ddc-11dd-a021-0050c2490048,IC_EF_PHOTOCHEM_OZONE,0.809,
4d9a8790-3ddd-11dd-9105-0050c2490048,IC_EF_ECOTOX_FRESHWATER,6140.0,
09333058-7adb-4965-aa9f-7d7f7aa47de6,IC_EF_WATER_USE,-2.94E+01,IN
fe0acd60-3ddc-11dd-ae91-0050c2490048,IC_EF_HUMANTOX_CANCER,4.12E-8,
fe0acd60-3ddc-11dd-ae91-0050c2490048,IC_EF_ECOTOX_FRESHWATER,10000.0,
fe0acd60-3ddc-11dd-ae91-0050c2490048,IC_EF_HUMANTOX_NONCANCER,4.33E-7,
7a845c58-e575-4729-b7f3-294013fd2172,IC_EF_WATER_USE,-9.53E+00,NZ
08a91e70-3ddc-11dd-9c3c-0050c2490048,IC_EF_IONISING_RADIATION,1.0,
fe0acd60-3ddc-11dd-a3d5-0050c2490048,IC_EF_ECOTOX_FRESHWATER,9460.0,
09333058-7adb-4965-aa9f-7d7f7aa47de6,IC_EF_WATER_USE,-1.36E+00,DE
08a91e70-3ddc-11dd-91e3-0050c2490048,IC_EF_HUMANTOX_CANCER,3.03E-5,
08a91e70-3ddc-11dd-91e3-0050c2490048,IC_EF_ECOTOX_FRESHWATER,2.54E-16,
08a91e70-3ddc-11dd-91e3-0050c2490048,IC_EF_HUMANTOX_NONCANCER,0.00224,
fe0acd60-3ddc-11dd-a7e8-0050c2490048,IC_EF_IONISING_RADIATION,4.71,
4d9a8790-3ddd-11dd-926c-0050c2490048,IC_EF_IONISING_RADIATION,1.93E-4,
e8d69262-2e79-4122-9da8-fd9328da8d6b,IC_EF_WATER_USE,-1.27E+00,AT
077451fa-8646-4bb7-aa3c-1aa0c3fcce70,IC_EF_ECOTOX_FRESHWATER,289.0,
077451fa-8646-4bb7-aa3c-1aa0c3fcce70,IC_EF_HUMANTOX_NONCANCER,2.82E-7,
e2fa8f80-6555-11dd-ad8b-0800200c9a66,IC_EF_ECOTOX_FRESHWATER,19.9,
08a91e70-3ddc-11dd-975b-0050c2490048,IC_EF_ECOTOX_FRESHWATER,933.0,
08a91e70-3ddc-11dd-975b-0050c2490048,IC_EF_HUMANTOX_NONCANCER,1.45E-7,
08a91e70-3ddc-11dd-9c4a-0050c2490048,IC_EF_ECOTOX_FRESHWATER,8390.0,
08a91e70-3ddc-11dd-9c4a-0050c2490048,IC_EF_HUMANTOX_NONCANCER,5.32E-7,
4d9a8790-3ddd-11dd-9ccb-0050c2490048,IC_EF_HUMANTOX_CANCER,2.49E-8,
4d9a8790-3ddd-11dd-9ccb-0050c2490048,IC_EF_ECOTOX_FRESHWATER,0.013,
4d9a8790-3ddd-11dd-9ccb-0050c2490048,IC_EF_HUMANTOX_NONCANCER,6.29E-9,
11851a5e-7169-4d44-8a0e-886796fc9b57,IC_EF_ECOTOX_FRESHWATER,0.212,
fe0acd60-3ddc-11dd-a29a-0050c2490048,IC_EF_ECOTOX_FRESHWATER,342.0,
fe0acd60-3ddc-11dd-a29a-0050c2490048,IC_EF_HUMANTOX_NONCANCER,2.31E-5,
7a845c58-e575-4729-b7f3-294013fd2172,IC_EF_WATER_USE,-6.34E-01,NO
08a91e70-3ddc-11dd-9273-0050c2490048,IC_EF_ECOTOX_FRESHWATER,106000.0,
08a91e70-3ddc-11dd-9273-0050c2490048,IC_EF_HUMANTOX_NONCANCER,3.21E-5,
09333058-7adb-4965-aa9f-7d7f7aa47de6,IC_EF_WATER_USE,-4.55E+00,VE
08a91e70-3ddc-11dd-923d-0050c2490048,IC_EF_CLIMATE_FOSSIL,1.00E+00,
08a91e70-3ddc-11dd-923d-0050c2490048,IC_EF_CLIMATE_TOTAL,1.00E+00,
4d9a8790-3ddd-11dd-961a-0050c2490048,IC_EF_ECOTOX_FRESHWATER,6.93,
4d9a8790-3ddd-11dd-961a-0050c2490048,IC_EF_HUMANTOX_NONCANCER,1.09E-8,
f79d0f8f-2b0e-49cb-bed0-b1ea0fbd8625,IC_EF_PARTICULATE_MATTER,0.0000016,
f79d0f8f-2b0e-49cb-bed0-b1ea0fbd8625,IC_EF_PHOTOCHEM_OZONE,1,
f79d0f8f-2b0e-49cb-bed0-b1ea0fbd8625,IC_EF_ACIDIFICATION,0.74,
f79d0f8f-2b0e-49cb-bed0-b1ea0fbd8625,IC_EF_EUTROPH_TERRESTRIAL,4.26,
f79d0f8f-2b0e-49cb-bed0-b1ea0fbd8625,IC_EF_EUTROPH_MARINE,0.389,
08a91e70-3ddc-11dd-96c8-0050c2490048,IC_EF_HUMANTOX_CANCER,5.18E-5,
08a91e70-3ddc-11dd-96c8-0050c2490048,IC_EF_ECOTOX_FRESHWATER,6110.0,
08a91e70-3ddc-11dd-96c8-0050c2490048,IC_EF_HUMANTOX_NONCANCER,2.91E-6,
4d9a8790-3ddd-11dd-9210-0050c2490048,IC_EF_HUMANTOX_CANCER,5.79E-8,
4d9a8790-3ddd-11dd-9210-0050c2490048,IC_EF_ECOTOX_FRESHWATER,79000.0,
4d9a8790-3ddd-11dd-9210-0050c2490048,IC_EF_HUMANTOX_NONCANCER,1.75E-6,
08a91e70-3ddc-11dd-9207-0050c2490048,IC_EF_HUMANTOX_CANCER,2.42E-7,
08a91e70-3ddc-11dd-9207-0050c2490048,IC_EF_ECOTOX_FRESHWATER,66.0,
08a91e70-3ddc-11dd-9207-0050c2490048,IC_EF_HUMANTOX_NONCANCER,6.14E-8,
08a91e70-3ddc-11dd-9249-0050c2490048,IC_EF_ECOTOX_FRESHWATER,153.0,
08a91e70-3ddc-11dd-9249-0050c2490048,IC_EF_HUMANTOX_NONCANCER,3.75E-5,
e8d69262-2e79-4122-9da8-fd9328da8d6b,IC_EF_WATER_USE,-5.56E+01,TR
fe0acd60-3ddc-11dd-a939-0050c2490048,IC_EF_ECOTOX_FRESHWATER,2.65,
fe0acd60-3ddc-11dd-a939-0050c2490048,IC_EF_HUMANTOX_NONCANCER,1.05E-8,
7a845c58-e575-4729-b7f3-294013fd2172,IC_EF_WATER_USE,-6.84E+01,GR
7a845c58-e575-4729-b7f3-294013fd2172,IC_EF_WATER_USE,-2.94E+01,IN
e8d69262-2e79-4122-9da8-fd9328da8d6b,IC_EF_WATER_USE,-7.21E+01,AU
4d9a8790-3ddd-11dd-8dba-0050c2490048,IC_EF_ECOTOX_FRESHWATER,46400.0,
4d9a8790-3ddd-11dd-8dba-0050c2490048,IC_EF_HUMANTOX_NONCANCER,9.46E-5,
08a91e70-3ddc-11dd-929d-0050c2490048,IC_EF_PHOTOCHEM_OZONE,0.649,
08a91e70-3ddc-11dd-929d-0050c2490048,IC_EF_ECOTOX_FRESHWATER,0.00196,
08a91e70-3ddc-11dd-966b-0050c2490048,IC_EF_ECOTOX_FRESHWATER,424.0,
fe0acd60-3ddc-11dd-a8c8-0050c2490048,IC_EF_HUMANTOX_CANCER,1.2E-4,
fe0acd60-3ddc-11dd-a8c8-0050c2490048,IC_EF_ECOTOX_FRESHWATER,22100.0,
fe0acd60-3ddc-11dd-a8c8-0050c2490048,IC_EF_HUMANTOX_NONCANCER,0.0142,
08a91e70-3ddc-11dd-9410-0050c2490048,IC_EF_ECOTOX_FRESHWATER,280.0,
08a91e70-3ddc-11dd-920c-0050c2490048,IC_EF_ECOTOX_FRESHWATER,18500.0,
08a91e70-3ddc-11dd-920c-0050c2490048,IC_EF_HUMANTOX_NONCANCER,1.61E-5,
4d9a8790-3ddd-11dd-938d-0050c2490048,IC_EF_ECOTOX_FRESHWATER,2480000.0,
4d9a8790-3ddd-11dd-938d-0050c2490048,IC_EF_HUMANTOX_NONCANCER,5.98E-6,
4d9a8790-3ddd-11dd-8e28-0050c2490048,IC_EF_HUMANTOX_CANCER,1.8E-8,
4d9a8790-3ddd-11dd-8e28-0050c2490048,IC_EF_ECOTOX_FRESHWATER,2.29,
4d9a8790-3ddd-11dd-8e28-0050c2490048,IC_EF_HUMANTOX_NONCANCER,8.91E-7,
63bdc31c-8ddf-4b10-bbe1-e27b57b9858b,IC_EF_EUTROPH_FRESHWATER,0.05,
08a91e70-3ddc-11dd-9934-0050c2490048,IC_EF_PHOTOCHEM_OZONE,0.296,
08a91e70-3ddc-11dd-9934-0050c2490048,IC_EF_HUMANTOX_CANCER,6.4E-8,
08a91e70-3ddc-11dd-9934-0050c2490048,IC_EF_ECOTOX_FRESHWATER,0.0273,
08a91e70-3ddc-11dd-9934-0050c2490048,IC_EF_HUMANTOX_NONCANCER,1.07E-8,
7a845c58-e575-4729-b7f3-294013fd2172,IC_EF_WATER_USE,-4.55E+00,VE
d739e50f-6681-4a5b-979d-0a17bdd6f067,IC_EF_ECOTOX_FRESHWATER,147.0,
fe0acd60-3ddc-11dd-a1b1-0050c2490048,IC_EF_ECOTOX_FRESHWATER,177.0,
4d9a8790-3ddd-11dd-96d1-0050c2490048,IC_EF_ECOTOX_FRESHWATER,1.03E-16,
4d9a8790-3ddd-11dd-96d1-0050c2490048,IC_EF_HUMANTOX_NONCANCER,2.22E-7,
32cc855e-6556-11dd-ad8b-0800200c9a66,IC_EF_IONISING_RADIATION,7.0E-4,
4d9a8790-3ddd-11dd-96a9-0050c2490048,IC_EF_ECOTOX_FRESHWATER,21100.0,
4d9a8790-3ddd-11dd-96a9-0050c2490048,IC_EF_HUMANTOX_NONCANCER,0.0435,
08a91e70-3ddc-11dd-9309-0050c2490048,IC_EF_CLIMATE_FOSSIL,1.67E+02,
08a91e70-3ddc-11dd-9309-0050c2490048,IC_EF_CLIMATE_TOTAL,1.67E+02,
4d9a8790-3ddd-11dd-97eb-0050c2490048,IC_EF_ECOTOX_FRESHWATER,393.0,
08a91e70-3ddc-11dd-98a9-0050c2490048,IC_EF_HUMANTOX_CANCER,1.83E-6,
08a91e70-3ddc-11dd-98a9-0050c2490048,IC_EF_ECOTOX_FRESHWATER,3.97,
08a91e70-3ddc-11dd-98a9-0050c2490048,IC_EF_HUMANTOX_NONCANCER,5.55E-6,
08a91e70-3ddc-11dd-9105-0050c2490048,IC_EF_ECOTOX_FRESHWATER,4660.0,
fe0acd60-3ddc-11dd-ac7f-0050c2490048,IC_EF_ECOTOX_FRESHWATER,581000.0,
fe0acd60-3ddc-11dd-ac7f-0050c2490048,IC_EF_HUMANTOX_NONCANCER,4.4E-6,
08a91e70-3ddc-11dd-92b1-0050c2490048,IC_EF_HUMANTOX_CANCER,1.43E-5,
08a91e70-3ddc-11dd-92b1-0050c2490048,IC_EF_ECOTOX_FRESHWATER,34.7,
08a91e70-3ddc-11dd-9687-0050c2490048,IC_EF_ECOTOX_FRESHWATER,95800.0,
08a91e70-3ddc-11dd-9687-0050c2490048,IC_EF_HUMANTOX_NONCANCER,2.09E-4,
4d9a8790-3ddd-11dd-8efc-0050c2490048,IC_EF_ECOTOX_FRESHWATER,20500.0,
fe0acd60-3ddc-11dd-a632-0050c2490048,IC_EF_HUMANTOX_CANCER,3.21E-5,
fe0acd60-3ddc-11dd-a632-0050c2490048,IC_EF_ECOTOX_FRESHWATER,0.00256,
fe0acd60-3ddc-11dd-a632-0050c2490048,IC_EF_HUMANTOX_NONCANCER,3.58E-6,
fe0acd60-3ddc-11dd-9f60-0050c2490048,IC_EF_ECOTOX_FRESHWATER,101000.0,
fe0acd60-3ddc-11dd-9f60-0050c2490048,IC_EF_HUMANTOX_NONCANCER,0.0732,
08a91e70-3ddc-11dd-9643-0050c2490048,IC_EF_HUMANTOX_CANCER,3.9E-7,
08a91e70-3ddc-11dd-9643-0050c2490048,IC_EF_ECOTOX_FRESHWATER,41.2,
08a91e70-3ddc-11dd-9643-0050c2490048,IC_EF_HUMANTOX_NONCANCER,1.17E-6,
ca40df09-f9a7-410f-b878-3e549667d1c9,IC_EF_ECOTOX_FRESHWATER,1270.0,
ca40df09-f9a7-410f-b878-3e549667d1c9,IC_EF_HUMANTOX_NONCANCER,6.27E-5,
fe0acd60-3ddc-11dd-ab9c-0050c2490048,IC_EF_CLIMATE_FOSSIL,6.35E+02,
fe0acd60-3ddc-11dd-ab9c-0050c2490048,IC_EF_CLIMATE_TOTAL,6.35E+02,
fe0acd60-3ddc-11dd-ab9c-0050c2490048,IC_EF_OZONE_DEPLETION,0.022,
08a91e70-3ddc-11dd-91d7-0050c2490048,IC_EF_HUMANTOX_CANCER,3.33E-4,
08a91e70-3ddc-11dd-91d7-0050c2490048,IC_EF_ECOTOX_FRESHWATER,17000.0,
08a91e70-3ddc-11dd-91d7-0050c2490048,IC_EF_HUMANTOX_NONCANCER,0.0168,
7a845c58-e575-4729-b7f3-294013fd2172,IC_EF_WATER_USE,-3.34E+01,MX
09183939-8fb4-4c8a-835f-85026db3cd78,IC_EF_ECOTOX_FRESHWATER,15.6,
4d9a8790-3ddd-11dd-9b89-0050c2490048,IC_EF_ECOTOX_FRESHWATER,5260.0,
09333058-7adb-4965-aa9f-7d7f7aa47de6,IC_EF_WATER_USE,-9.26E-01,SG
4d9a8790-3ddd-11dd-97a3-0050c2490048,IC_EF_PHOTOCHEM_OZONE,1.89,
4d9a8790-3ddd-11dd-8dbe-0050c2490048,IC_EF_ECOTOX_FRESHWATER,113000.0,
4d9a8790-3ddd-11dd-8dbe-0050c2490048,IC_EF_HUMANTOX_NONCANCER,1.94E-4,
4d9a8790-3ddd-11dd-9947-0050c2490048,IC_EF_CLIMATE_FOSSIL,1.03E+03,
4d9a8790-3ddd-11dd-9947-0050c2490048,IC_EF_CLIMATE_TOTAL,1.03E+03,
e8d69262-2e79-4122-9da8-fd9328da8d6b,IC_EF_WATER_USE,-1.17E+00,NL
08a91e70-3ddc-11dd-95ed-0050c2490048,IC_EF_ECOTOX_FRESHWATER,52200.0,
08a91e70-3ddc-11dd-95ed-0050c2490048,IC_EF_HUMANTOX_NONCANCER,2.18E-6,
08a91e70-3ddc-11dd-940e-0050c2490048,IC_EF_ECOTOX_FRESHWATER,115.0,
7a845c58-e575-4729-b7f3-294013fd2172,IC_EF_WATER_USE,-1.66E+00,KR
fe0acd60-3ddc-11dd-a400-0050c2490048,IC_EF_HUMANTOX_CANCER,5.49E-7,
fe0acd60-3ddc-11dd-a400-0050c2490048,IC_EF_ECOTOX_FRESHWATER,607.0,
fe0acd60-3ddc-11dd-a400-0050c2490048,IC_EF_HUMANTOX_NONCANCER,1.28E-6,
09333058-7adb-4965-aa9f-7d7f7aa47de6,IC_EF_WATER_USE,-3.50E+00,GB
7a845c58-e575-4729-b7f3-294013fd2172,IC_EF_WATER_USE,-8.97E-01,JP
e8d69262-2e79-4122-9da8-fd9328da8d6b,IC_EF_WATER_USE,-8.01E+01,CL
09333058-7adb-4965-aa9f-7d7f7aa47de6,IC_EF_WATER_USE,-3.54E+00,DK
fe0acd60-3ddc-11dd-a4f2-0050c2490048,IC_EF_ECOTOX_FRESHWATER,9.29E-18,
7a845c58-e575-4729-b7f3-294013fd2172,IC_EF_WATER_USE,-1.64E+00,MY
08a91e70-3ddc-11dd-996b-0050c2490048,IC_EF_ECOTOX_FRESHWATER,1.08E-16,
08a91e70-3ddc-11dd-996b-0050c2490048,IC_EF_HUMANTOX_NONCANCER,1.05E-4,
08a91e70-3ddc-11dd-9acc-0050c2490048,IC_EF_HUMANTOX_CANCER,0.00223,
08a91e70-3ddc-11dd-9acc-0050c2490048,IC_EF_ECOTOX_FRESHWATER,21200.0,
08a91e70-3ddc-11dd-9acc-0050c2490048,IC_EF_HUMANTOX_NONCANCER,2.08E-4,
4d9a8790-3ddd-11dd-97e7-0050c2490048,IC_EF_ECOTOX_FRESHWATER,14.3,
ec215c53-d17a-4682-b805-4eee5e6d7db7,IC_EF_ECOTOX_FRESHWATER,2.2,
d15192f8-a3d1-4ce2-ae43-fcc10c4e9d2d,IC_EF_ECOTOX_FRESHWATER,3140.0,
d15192f8-a3d1-4ce2-ae43-fcc10c4e9d2d,IC_EF_HUMANTOX_NONCANCER,2.5E-6,
fe0acd60-3ddc-11dd-a3d7-0050c2490048,IC_EF_ECOTOX_FRESHWATER,6120.0,
a19bf542-e251-11e6-bf01-fe55135034f3,IC_EF_CLIMATE_FOSSIL,8.53E-02,
a19bf542-e251-11e6-bf01-fe55135034f3,IC_EF_CLIMATE_TOTAL,8.53E-02,
fe0acd60-3ddc-11dd-a41b-0050c2490048,IC_EF_ECOTOX_FRESHWATER,560.0,
fe0acd60-3ddc-11dd-a41b-0050c2490048,IC_EF_HUMANTOX_NONCANCER,2.83E-6,
fe0acd60-3ddc-11dd-a807-0050c2490048,IC_EF_ECOTOX_FRESHWATER,763.0,
fe0acd60-3ddc-11dd-a807-0050c2490048,IC_EF_HUMANTOX_NONCANCER,4.91E-5,
7a845c58-e575-4729-b7f3-294013fd2172,IC_EF_WATER_USE,-2.17E+00,BR
91d7d456-4c1f-4251-8cb9-05ead4596546,IC_EF_EUTROPH_FRESHWATER,0.05,
08a91e70-3ddc-11dd-9963-0050c2490048,IC_EF_ECOTOX_FRESHWATER,14100.0,
08a91e70-3ddc-11dd-9963-0050c2490048,IC_EF_HUMANTOX_NONCANCER,7.06E-4,
4d9a8790-3ddd-11dd-911f-0050c2490048,IC_EF_PHOTOCHEM_OZONE,0.144,
fe0acd60-3ddc-11dd-9f59-0050c2490048,IC_EF_ECOTOX_FRESHWATER,644.0,
fe0acd60-3ddc-11dd-9f59-0050c2490048,IC_EF_HUMANTOX_NONCANCER,2.91E-7,
fe0acd60-3ddc-11dd-a282-0050c2490048,IC_EF_PHOTOCHEM_OZONE,2.33,
fe0acd60-3ddc-11dd-a282-0050c2490048,IC_EF_ECOTOX_FRESHWATER,0.00766,
fe0acd60-3ddc-11dd-ab44-0050c2490048,IC_EF_PHOTOCHEM_OZONE,1.06,
fe0acd60-3ddc-11dd-ab44-0050c2490048,IC_EF_HUMANTOX_CANCER,3.44E-9,
08a91e70-3ddc-11dd-9a8e-0050c2490048,IC_EF_ECOTOX_FRESHWATER,820.0,
fe0acd60-3ddc-11dd-abde-0050c2490048,IC_EF_IONISING_RADIATION,0.00679,
fe0acd60-3ddc-11dd-a9e5-0050c2490048,IC_EF_HUMANTOX_CANCER,7.08E-8,
fe0acd60-3ddc-11dd-a9e5-0050c2490048,IC_EF_ECOTOX_FRESHWATER,0.261,
fe0acd60-3ddc-11dd-a9e5-0050c2490048,IC_EF_HUMANTOX_NONCANCER,2.6E-8,
fe0acd60-3ddc-11dd-a9d1-0050c2490048,IC_EF_ECOTOX_FRESHWATER,4.0,
4d9a8790-3ddd-11dd-92e4-0050c2490048,IC_EF_ECOTOX_FRESHWATER,928.0,
4d9a8790-3ddd-11dd-98d6-0050c2490048,IC_EF_ECOTOX_FRESHWATER,2290.0,
08a91e70-3ddc-11dd-934d-0050c2490048,IC_EF_ECOTOX_FRESHWATER,445.0,
08a91e70-3ddc-11dd-934d-0050c2490048,IC_EF_HUMANTOX_NONCANCER,5.23E-6,
7a845c58-e575-4729-b7f3-294013fd2172,IC_EF_WATER_USE,-1.34E+00,CH
fe0acd60-3ddc-11dd-a2f4-0050c2490048,IC_EF_ECOTOX_FRESHWATER,4020.0,
fe0acd60-3ddc-11dd-a2f4-0050c2490048,IC_EF_HUMANTOX_NONCANCER,1.07E-6,
08a91e70-3ddc-11dd-9b20-0050c2490048,IC_EF_HUMANTOX_CANCER,1.83E-7,
08a91e70-3ddc-11dd-9b20-0050c2490048,IC_EF_ECOTOX_FRESHWATER,593.0,
08a91e70-3ddc-11dd-9b20-0050c2490048,IC_EF_HUMANTOX_NONCANCER,1.8E-6,
fe0acd60-3ddc-11dd-a6d2-0050c2490048,IC_EF_CLIMATE_FOSSIL,1.55E+03,
fe0acd60-3ddc-11dd-a6d2-0050c2490048,IC_EF_CLIMATE_TOTAL,1.55E+03,
fe0acd60-3ddc-11dd-a6d2-0050c2490048,IC_EF_HUMANTOX_CANCER,1.26E-8,
fe0acd60-3ddc-11dd-a6d2-0050c2490048,IC_EF_HUMANTOX_NONCANCER,4.59E-9,
08a91e70-3ddc-11dd-9b1f-0050c2490048,IC_EF_ECOTOX_FRESHWATER,8.46E-9,
7a845c58-e575-4729-b7f3-294013fd2172,IC_EF_WATER_USE,-4.96E+01,PT
08a91e70-3ddc-11dd-a086-0050c2490048,IC_EF_ECOTOX_FRESHWATER,32300.0,
08a91e70-3ddc-11dd-a086-0050c2490048,IC_EF_HUMANTOX_NONCANCER,1.41E-5,
08a91e70-3ddc-11dd-9277-0050c2490048,IC_EF_ECOTOX_FRESHWATER,480.0,
fe0acd60-3ddc-11dd-a9d5-0050c2490048,IC_EF_ECOTOX_FRESHWATER,63.3,
e8d69262-2e79-4122-9da8-fd9328da8d6b,IC_EF_WATER_USE,-1.94E+00,FI
fa2e1801-45ae-4be4-a7ea-2ecad5597faa,IC_EF_ECOTOX_FRESHWATER,7290.0,
fa2e1801-45ae-4be4-a7ea-2ecad5597faa,IC_EF_HUMANTOX_NONCANCER,1.73E-6,
d1e249b9-59b4-45c4-b1cb-ad89a2dd167b,IC_EF_ECOTOX_FRESHWATER,78.5,
fe0acd60-3ddc-11dd-a3ca-0050c2490048,IC_EF_HUMANTOX_CANCER,1.03E-6,
fe0acd60-3ddc-11dd-a3ca-0050c2490048,IC_EF_ECOTOX_FRESHWATER,11400.0,
fe0acd60-3ddc-11dd-a3ca-0050c2490048,IC_EF_HUMANTOX_NONCANCER,1.19E-6,
08a91e70-3ddc-11dd-9689-0050c2490048,IC_EF_ECOTOX_FRESHWATER,76500.0,
08a91e70-3ddc-11dd-9689-0050c2490048,IC_EF_HUMANTOX_NONCANCER,1.71E-4,
4d9a8790-3ddd-11dd-9b3b-0050c2490048,IC_EF_IONISING_RADIATION,7.86,
08a91e70-3ddc-11dd-9f7b-0050c2490048,IC_EF_ECOTOX_FRESHWATER,519.0,
08a91e70-3ddc-11dd-9f7b-0050c2490048,IC_EF_HUMANTOX_NONCANCER,2.58E-9,
08a91e70-3ddc-11dd-9f79-0050c2490048,IC_EF_ECOTOX_FRESHWATER,650.0,
08a91e70-3ddc-11dd-9f79-0050c2490048,IC_EF_HUMANTOX_NONCANCER,1.78E-9,
fe0acd60-3ddc-11dd-a4eb-0050c2490048,IC_EF_ECOTOX_FRESHWATER,109.0,
fe0acd60-3ddc-11dd-a4eb-0050c2490048,IC_EF_HUMANTOX_NONCANCER,7.45E-8,
fe0acd60-3ddc-11dd-af1a-0050c2490048,IC_EF_ECOTOX_FRESHWATER,1880.0,
fe0acd60-3ddc-11dd-af1a-0050c2490048,IC_EF_HUMANTOX_NONCANCER,1.21E-5,
7a845c58-e575-4729-b7f3-294013fd2172,IC_EF_WATER_USE,-7.82E+00,TH
08a91e70-3ddc-11dd-91ae-0050c2490048,IC_EF_HUMANTOX_CANCER,2.02E-6,
08a91e70-3ddc-11dd-91ae-0050c2490048,IC_EF_ECOTOX_FRESHWATER,4.1,
08a91e70-3ddc-11dd-91ae-0050c2490048,IC_EF_HUMANTOX_NONCANCER,5.48E-6,
23bfd19e-9751-4b06-81f4-93b069a3fd56,IC_EF_CLIMATE_FOSSIL,1.79E+04,
23bfd19e-9751-4b06-81f4-93b069a3fd56,IC_EF_CLIMATE_TOTAL,1.79E+04,
a5582986-7f28-49ea-a279-5e443c09f713,IC_EF_ECOTOX_FRESHWATER,17.5,
4d9a8790-3ddd-11dd-9b7e-0050c2490048,IC_EF_ECOTOX_FRESHWATER,565.0,
4d9a8790-3ddd-11dd-9b7e-0050c2490048,IC_EF_HUMANTOX_NONCANCER,1.45E-6,
4d9a8790-3ddd-11dd-90e8-0050c2490048,IC_EF_ECOTOX_FRESHWATER,651000.0,
4d9a8790-3ddd-11dd-90e8-0050c2490048,IC_EF_HUMANTOX_NONCANCER,3.6E-6,
fe0acd60-3ddc-11dd-a9b4-0050c2490048,IC_EF_ECOTOX_FRESHWATER,798.0,
fe0acd60-3ddc-11dd-a9b4-0050c2490048,IC_EF_HUMANTOX_NONCANCER,9.6E-6,
08a91e70-3ddc-11dd-9c9a-0050c2490048,IC_EF_ECOTOX_FRESHWATER,170000.0,
08a91e70-3ddc-11dd-9c9a-0050c2490048,IC_EF_HUMANTOX_NONCANCER,3.5E-7,
7a845c58-e575-4729-b7f3-294013fd2172,IC_EF_WATER_USE,-8.51E-01,LU
09333058-7adb-4965-aa9f-7d7f7aa47de6,IC_EF_WATER_USE,-4.49E+01,IT
14a853b7-7127-438e-86bf-23c7e8a3f4d5,IC_EF_HUMANTOX_CANCER,3.92E-4,
14a853b7-7127-438e-86bf-23c7e8a3f4d5,IC_EF_ECOTOX_FRESHWATER,21400.0,
14a853b7-7127-438e-86bf-23c7e8a3f4d5,IC_EF_HUMANTOX_NONCANCER,0.029,
08a91e70-3ddc-11dd-919d-0050c2490048,IC_EF_HUMANTOX_CANCER,1.26E-7,
08a91e70-3ddc-11dd-919d-0050c2490048,IC_EF_ECOTOX_FRESHWATER,252.0,
08a91e70-3ddc-11dd-919d-0050c2490048,IC_EF_HUMANTOX_NONCANCER,3.51E-4,
4d9a8790-3ddd-11dd-9111-0050c2490048,IC_EF_ECOTOX_FRESHWATER,1670.0,
e8d69262-2e79-4122-9da8-fd9328da8d6b,IC_EF_WATER_USE,-4.55E+00,VE
19828f06-534b-4eac-8944-d5cc6bea8da1,IC_EF_HUMANTOX_CANCER,9.04E-6,
19828f06-534b-4eac-8944-d5cc6bea8da1,IC_EF_ECOTOX_FRESHWATER,27.8,
08a91e70-3ddc-11dd-91e2-0050c2490048,IC_EF_HUMANTOX_CANCER,1.95E-4,
08a91e70-3ddc-11dd-91e2-0050c2490048,IC_EF_ECOTOX_FRESHWATER,21400.0,
08a91e70-3ddc-11dd-91e2-0050c2490048,IC_EF_HUMANTOX_NONCANCER,0.0145,
fe0acd60-3ddc-11dd-ac32-0050c2490048,IC_EF_ECOTOX_FRESHWATER,148.0,
fe0acd60-3ddc-11dd-ac32-0050c2490048,IC_EF_HUMANTOX_NONCANCER,3.85E-5,
1729c88f-6556-11dd-ad8b-0800200c9a66,IC_EF_ECOTOX_FRESHWATER,11.1,
d00f228e-f157-4c8d-87fe-f785723f6128,IC_EF_ECOTOX_FRESHWATER,2930.0,
fe0acd60-3ddc-11dd-aaa5-0050c2490048,IC_EF_EUTROPH_MARINE,0.778,
4e7931fe-e497-4354-91fc-2dbe4a958825,IC_EF_ECOTOX_FRESHWATER,1.18,
7a845c58-e575-4729-b7f3-294013fd2172,IC_EF_WATER_USE,-7.16E-01,IE
4d9a8790-3ddd-11dd-97ba-0050c2490048,IC_EF_PHOTOCHEM_OZONE,0.353,
4d9a8790-3ddd-11dd-97ba-0050c2490048,IC_EF_ECOTOX_FRESHWATER,0.113,
4d9a8790-3ddd-11dd-97ba-0050c2490048,IC_EF_HUMANTOX_NONCANCER,5.23E-9,
4d9a8790-3ddd-11dd-909d-0050c2490048,IC_EF_ECOTOX_FRESHWATER,83100.0,
4d9a8790-3ddd-11dd-909d-0050c2490048,IC_EF_HUMANTOX_NONCANCER,2.93E-6,
fe0acd60-3ddc-11dd-a7ec-0050c2490048,IC_EF_IONISING_RADIATION,0.00714,
7a845c58-e575-4729-b7f3-294013fd2172,IC_EF_WATER_USE,-1.27E+00,AT
256c7700-d975-4e38-b8cf-baa4cd9a2a9b,IC_EF_HUMANTOX_CANCER,3.33E-4,
256c7700-d975-4e38-b8cf-baa4cd9a2a9b,IC_EF_ECOTOX_FRESHWATER,17000.0,
256c7700-d975-4e38-b8cf-baa4cd9a2a9b,IC_EF_HUMANTOX_NONCANCER,0.0168,
08a91e70-3ddc-11dd-9de7-0050c2490048,IC_EF_ECOTOX_FRESHWATER,134000.0,
fe0acd60-3ddc-11dd-a663-0050c2490048,IC_EF_PHOTOCHEM_OZONE,0.834,
fe0acd60-3ddc-11dd-a663-0050c2490048,IC_EF_ECOTOX_FRESHWATER,1.01E-5,
fe0acd60-3ddc-11dd-a404-0050c2490048,IC_EF_HUMANTOX_CANCER,7.71E-8,
fe0acd60-3ddc-11dd-a404-0050c2490048,IC_EF_ECOTOX_FRESHWATER,0.182,
fe0acd60-3ddc-11dd-a404-0050c2490048,IC_EF_HUMANTOX_NONCANCER,2.4E-7,
e8d69262-2e79-4122-9da8-fd9328da8d6b,IC_EF_WATER_USE,-7.77E+01,ES
08a91e70-3ddc-11dd-951d-0050c2490048,IC_EF_ECOTOX_FRESHWATER,0.00135,
fe0acd60-3ddc-11dd-a2b8-0050c2490048,IC_EF_ECOTOX_FRESHWATER,71.4,
08a91e70-3ddc-11dd-9988-0050c2490048,IC_EF_HUMANTOX_CANCER,3.29E-9,
08a91e70-3ddc-11dd-9988-0050c2490048,IC_EF_ECOTOX_FRESHWATER,55.9,
08a91e70-3ddc-11dd-9988-0050c2490048,IC_EF_HUMANTOX_NONCANCER,1.78E-8,
4d9a8790-3ddd-11dd-978e-0050c2490048,IC_EF_ECOTOX_FRESHWATER,267.0,
4d9a8790-3ddd-11dd-978e-0050c2490048,IC_EF_HUMANTOX_NONCANCER,3.24E-8,
08a91e70-3ddc-11dd-9473-0050c2490048,IC_EF_ECOTOX_FRESHWATER,3.58,
08a91e70-3ddc-11dd-98e4-0050c2490048,IC_EF_ECOTOX_FRESHWATER,6450.0,
08a91e70-3ddc-11dd-98e4-0050c2490048,IC_EF_HUMANTOX_NONCANCER,1.48E-5,
7a845c58-e575-4729-b7f3-294013fd2172,IC_EF_WATER_USE,-1.26E+00,HU
08a91e70-3ddc-11dd-9993-0050c2490048,IC_EF_ECOTOX_FRESHWATER,4.31E-18,
fe0acd60-3ddc-11dd-a8d7-0050c2490048,IC_EF_ECOTOX_FRESHWATER,2.65,
fe0acd60-3ddc-11dd-aa59-0050c2490048,IC_EF_HUMANTOX_CANCER,2.07E-5,
fe0acd60-3ddc-11dd-aa59-0050c2490048,IC_EF_ECOTOX_FRESHWATER,78700.0,
fe0acd60-3ddc-11dd-aa59-0050c2490048,IC_EF_HUMANTOX_NONCANCER,4.5E-5,
fe0acd60-3ddc-11dd-9ee6-0050c2490048,IC_EF_HUMANTOX_CANCER,1.24E-7,
fe0acd60-3ddc-11dd-9ee6-0050c2490048,IC_EF_ECOTOX_FRESHWATER,297.0,
fe0acd60-3ddc-11dd-9ee6-0050c2490048,IC_EF_HUMANTOX_NONCANCER,3.24E-7,
fe0acd60-3ddc-11dd-aa65-0050c2490048,IC_EF_HUMANTOX_CANCER,2.09E-8,
fe0acd60-3ddc-11dd-aa65-0050c2490048,IC_EF_ECOTOX_FRESHWATER,1830.0,
fe0acd60-3ddc-11dd-aa65-0050c2490048,IC_EF_HUMANTOX_NONCANCER,2.2E-7,
d217e3a3-24b6-4214-8ca1-8c2f3ac4fedf,IC_EF_CLIMATE_FOSSIL,2.35E+03,
d217e3a3-24b6-4214-8ca1-8c2f3ac4fedf,IC_EF_CLIMATE_TOTAL,2.35E+03,
d217e3a3-24b6-4214-8ca1-8c2f3ac4fedf,IC_EF_OZONE_DEPLETION,0.057,
08a91e70-3ddc-11dd-a191-0050c2490048,IC_EF_HUMANTOX_CANCER,2.76E-5,
08a91e70-3ddc-11dd-a191-0050c2490048,IC_EF_ECOTOX_FRESHWATER,26700.0,
4d9a8790-3ddd-11dd-94d3-0050c2490048,IC_EF_ECOTOX_FRESHWATER,5.52,
4d9a8790-3ddd-11dd-94d3-0050c2490048,IC_EF_HUMANTOX_NONCANCER,3.75E-8,
09333058-7adb-4965-aa9f-7d7f7aa47de6,IC_EF_WATER_USE,-7.16E-01,IE
fafd0232-2d04-483c-b8f4-0d8f76badb6d,IC_EF_ECOTOX_FRESHWATER,119000.0,
fafd0232-2d04-483c-b8f4-0d8f76badb6d,IC_EF_HUMANTOX_NONCANCER,5.11E-6,
e8d69262-2e79-4122-9da8-fd9328da8d6b,IC_EF_WATER_USE,-4.49E+01,IT
4d9a8790-3ddd-11dd-9a5c-0050c2490048,IC_EF_ECOTOX_FRESHWATER,546.0,
fe0acd60-3ddc-11dd-a7fe-0050c2490048,IC_EF_ECOTOX_FRESHWATER,763.0,
fe0acd60-3ddc-11dd-a7fe-0050c2490048,IC_EF_HUMANTOX_NONCANCER,4.91E-5,
fe0acd60-3ddc-11dd-a809-0050c2490048,IC_EF_HUMANTOX_CANCER,2.44E-6,
fe0acd60-3ddc-11dd-a809-0050c2490048,IC_EF_ECOTOX_FRESHWATER,1390.0,
fe0acd60-3ddc-11dd-a809-0050c2490048,IC_EF_HUMANTOX_NONCANCER,1.81E-6,
fe0acd60-3ddc-11dd-ac91-0050c2490048,IC_EF_ECOTOX_FRESHWATER,189.0,
fe0acd60-3ddc-11dd-ac91-0050c2490048,IC_EF_HUMANTOX_NONCANCER,2.75E-7,
fe0acd60-3ddc-11dd-a259-0050c2490048,IC_EF_ECOTOX_FRESHWATER,2210000.0,
fe0acd60-3ddc-11dd-a259-0050c2490048,IC_EF_HUMANTOX_NONCANCER,0.00165,
fe0acd60-3ddc-11dd-ad74-0050c2490048,IC_EF_ECOTOX_FRESHWATER,684000.0,
fe0acd60-3ddc-11dd-ad74-0050c2490048,IC_EF_HUMANTOX_NONCANCER,2.63E-6,
4d9a8790-3ddd-11dd-94c2-0050c2490048,IC_EF_PHOTOCHEM_OZONE,0.595,
fe0acd60-3ddc-11dd-a64a-0050c2490048,IC_EF_ECOTOX_FRESHWATER,321.0,
fe0acd60-3ddc-11dd-a64a-0050c2490048,IC_EF_HUMANTOX_NONCANCER,1.6E-7,
fe0acd60-3ddc-11dd-aa38-0050c2490048,IC_EF_ECOTOX_FRESHWATER,249.0,
fe0acd60-3ddc-11dd-aa38-0050c2490048,IC_EF_HUMANTOX_NONCANCER,1.54E-8,
08a91e70-3ddc-11dd-a009-0050c2490048,IC_EF_ECOTOX_FRESHWATER,220.0,
b58d235e-0da5-4128-8200-2298b9b18a6d,IC_EF_ECOTOX_FRESHWATER,72000.0,
b58d235e-0da5-4128-8200-2298b9b18a6d,IC_EF_HUMANTOX_NONCANCER,5.23E-7,
fe0acd60-3ddc-11dd-9fe2-0050c2490048,IC_EF_PHOTOCHEM_OZONE,1.65,
fe0acd60-3ddc-11dd-a61d-0050c2490048,IC_EF_HUMANTOX_NONCANCER,9.74E-8,
08a91e70-3ddc-11dd-95bc-0050c2490048,IC_EF_ECOTOX_FRESHWATER,117000.0,
fe0acd60-3ddc-11dd-aa32-0050c2490048,IC_EF_EUTROPH_MARINE,0.226,
7a845c58-e575-4729-b7f3-294013fd2172,IC_EF_WATER_USE,-1.37E+00,BE
08a91e70-3ddc-11dd-91b2-0050c2490048,IC_EF_HUMANTOX_CANCER,3.41E-6,
08a91e70-3ddc-11dd-91b2-0050c2490048,IC_EF_ECOTOX_FRESHWATER,355.0,
08a91e70-3ddc-11dd-91b2-0050c2490048,IC_EF_HUMANTOX_NONCANCER,4.28E-6,
4d9a8790-3ddd-11dd-9c1e-0050c2490048,IC_EF_HUMANTOX_CANCER,0.00534,
4d9a8790-3ddd-11dd-9c1e-0050c2490048,IC_EF_ECOTOX_FRESHWATER,52600.0,
4d9a8790-3ddd-11dd-9c1e-0050c2490048,IC_EF_HUMANTOX_NONCANCER,1.2E-5,
4d9a8790-3ddd-11dd-9bb5-0050c2490048,IC_EF_PHOTOCHEM_OZONE,1.08,
4d9a8790-3ddd-11dd-9bb5-0050c2490048,IC_EF_HUMANTOX_CANCER,3.18E-12,
4d9a8790-3ddd-11dd-9bb5-0050c2490048,IC_EF_ECOTOX_FRESHWATER,0.0128,
4d9a8790-3ddd-11dd-9bb5-0050c2490048,IC_EF_HUMANTOX_NONCANCER,5.3E-8,
4d9a8790-3ddd-11dd-9219-0050c2490048,IC_EF_PHOTOCHEM_OZONE,0.208,
4d9a8790-3ddd-11dd-8f56-0050c2490048,IC_EF_ECOTOX_FRESHWATER,0.0106,
4d9a8790-3ddd-11dd-9274-0050c2490048,IC_EF_HUMANTOX_CANCER,1.8E-6,
